solid OpenSCAD_Model
  facet normal 0 0 -1
    outer loop
      vertex 181 110 0
      vertex 180 110 0
      vertex 180 122 0
    endloop
  endfacet
  facet normal 0 0 -1
    outer loop
      vertex 181 110 0
      vertex 180 122 0
      vertex 181 123 0
    endloop
  endfacet
  facet normal 1 0 0
    outer loop
      vertex 181 110 0
      vertex 181 123 0
      vertex 181 110 5
    endloop
  endfacet
  facet normal 1 0 0
    outer loop
      vertex 181 123 0
      vertex 181 123 5
      vertex 181 110 5
    endloop
  endfacet
  facet normal 0 0 1
    outer loop
      vertex 168 110 5
      vertex 180 111 5
      vertex 169 111 5
    endloop
  endfacet
  facet normal 0 0 1
    outer loop
      vertex 168 110 5
      vertex 181 110 5
      vertex 180 111 5
    endloop
  endfacet
  facet normal 0 0 1
    outer loop
      vertex 168 110 5
      vertex 169 111 5
      vertex 169 122 5
    endloop
  endfacet
  facet normal 0 0 1
    outer loop
      vertex 181 110 5
      vertex 181 123 5
      vertex 180 111 5
    endloop
  endfacet
  facet normal 0 -1 0
    outer loop
      vertex 181 110 0
      vertex 180 110 0.4
      vertex 180 110 0
    endloop
  endfacet
  facet normal 0 0 -1
    outer loop
      vertex 181 123 0
      vertex 180 122 0
      vertex 180 123 0
    endloop
  endfacet
  facet normal 0 -1 0
    outer loop
      vertex 181 110 0
      vertex 181 110 5
      vertex 180 110 0.4
    endloop
  endfacet
  facet normal 0 -1 0
    outer loop
      vertex 181 110 5
      vertex 168 110 0.4
      vertex 180 110 0.4
    endloop
  endfacet
  facet normal 0 1 0
    outer loop
      vertex 181 123 0
      vertex 180 123 0
      vertex 181 123 5
    endloop
  endfacet
  facet normal 0 1 0
    outer loop
      vertex 181 123 5
      vertex 180 123 0
      vertex 180 123 0.4
    endloop
  endfacet
  facet normal -1 0 0
    outer loop
      vertex 168 110 5
      vertex 168 123 0.4
      vertex 168 110 0.4
    endloop
  endfacet
  facet normal 0 1 0
    outer loop
      vertex 168 123 5
      vertex 180 123 0.4
      vertex 168 123 0.4
    endloop
  endfacet
  facet normal 0 -1 0
    outer loop
      vertex 168 110 5
      vertex 168 110 0.4
      vertex 181 110 5
    endloop
  endfacet
  facet normal -1 0 0
    outer loop
      vertex 168 110 5
      vertex 168 123 5
      vertex 168 123 0.4
    endloop
  endfacet
  facet normal 0 1 0
    outer loop
      vertex 168 123 5
      vertex 181 123 5
      vertex 180 123 0.4
    endloop
  endfacet
  facet normal 0 0 1
    outer loop
      vertex 168 110 5
      vertex 169 122 5
      vertex 168 123 5
    endloop
  endfacet
  facet normal 0 0 1
    outer loop
      vertex 180 111 5
      vertex 181 123 5
      vertex 180 122 5
    endloop
  endfacet
  facet normal 0 0 1
    outer loop
      vertex 168 123 5
      vertex 169 122 5
      vertex 181 123 5
    endloop
  endfacet
  facet normal 0 0 1
    outer loop
      vertex 169 122 5
      vertex 180 122 5
      vertex 181 123 5
    endloop
  endfacet
  facet normal 0 0 -1
    outer loop
      vertex 181 93 0
      vertex 180 93 0
      vertex 180 105 0
    endloop
  endfacet
  facet normal 1 0 0
    outer loop
      vertex 181 93 0
      vertex 181 106 0
      vertex 181 93 5
    endloop
  endfacet
  facet normal 0 0 -1
    outer loop
      vertex 181 93 0
      vertex 180 105 0
      vertex 181 106 0
    endloop
  endfacet
  facet normal 0 0 1
    outer loop
      vertex 168 93 5
      vertex 169 94 5
      vertex 169 105 5
    endloop
  endfacet
  facet normal 0 0 1
    outer loop
      vertex 168 93 5
      vertex 180 94 5
      vertex 169 94 5
    endloop
  endfacet
  facet normal 0 0 1
    outer loop
      vertex 168 93 5
      vertex 181 93 5
      vertex 180 94 5
    endloop
  endfacet
  facet normal 1 0 0
    outer loop
      vertex 181 106 0
      vertex 181 106 5
      vertex 181 93 5
    endloop
  endfacet
  facet normal 0 0 1
    outer loop
      vertex 181 93 5
      vertex 181 106 5
      vertex 180 94 5
    endloop
  endfacet
  facet normal 0 -1 0
    outer loop
      vertex 181 93 0
      vertex 180 93 0.4
      vertex 180 93 0
    endloop
  endfacet
  facet normal 0 -1 0
    outer loop
      vertex 181 93 0
      vertex 181 93 5
      vertex 180 93 0.4
    endloop
  endfacet
  facet normal -1 0 0
    outer loop
      vertex 168 93 5
      vertex 168 106 0.4
      vertex 168 93 0.4
    endloop
  endfacet
  facet normal 0 -1 0
    outer loop
      vertex 181 93 5
      vertex 168 93 0.4
      vertex 180 93 0.4
    endloop
  endfacet
  facet normal 0 0 -1
    outer loop
      vertex 181 106 0
      vertex 180 105 0
      vertex 180 106 0
    endloop
  endfacet
  facet normal 0 1 0
    outer loop
      vertex 181 106 0
      vertex 180 106 0
      vertex 181 106 5
    endloop
  endfacet
  facet normal 0 1 0
    outer loop
      vertex 181 106 5
      vertex 180 106 0
      vertex 180 106 0.4
    endloop
  endfacet
  facet normal 0 1 0
    outer loop
      vertex 168 106 5
      vertex 180 106 0.4
      vertex 168 106 0.4
    endloop
  endfacet
  facet normal 0 -1 0
    outer loop
      vertex 168 93 5
      vertex 168 93 0.4
      vertex 181 93 5
    endloop
  endfacet
  facet normal -1 0 0
    outer loop
      vertex 168 93 5
      vertex 168 106 5
      vertex 168 106 0.4
    endloop
  endfacet
  facet normal 0 1 0
    outer loop
      vertex 168 106 5
      vertex 181 106 5
      vertex 180 106 0.4
    endloop
  endfacet
  facet normal 0 0 1
    outer loop
      vertex 168 93 5
      vertex 169 105 5
      vertex 168 106 5
    endloop
  endfacet
  facet normal 0 0 1
    outer loop
      vertex 169 105 5
      vertex 180 105 5
      vertex 181 106 5
    endloop
  endfacet
  facet normal 0 0 1
    outer loop
      vertex 180 94 5
      vertex 181 106 5
      vertex 180 105 5
    endloop
  endfacet
  facet normal 0 0 1
    outer loop
      vertex 168 106 5
      vertex 169 105 5
      vertex 181 106 5
    endloop
  endfacet
  facet normal 0 0 -1
    outer loop
      vertex 181 76 0
      vertex 180 76 0
      vertex 180 88 0
    endloop
  endfacet
  facet normal 0 0 -1
    outer loop
      vertex 181 76 0
      vertex 180 88 0
      vertex 181 89 0
    endloop
  endfacet
  facet normal 1 0 0
    outer loop
      vertex 181 76 0
      vertex 181 89 0
      vertex 181 76 5
    endloop
  endfacet
  facet normal 1 0 0
    outer loop
      vertex 181 89 0
      vertex 181 89 5
      vertex 181 76 5
    endloop
  endfacet
  facet normal 0 0 1
    outer loop
      vertex 168 76 5
      vertex 169 77 5
      vertex 169 88 5
    endloop
  endfacet
  facet normal 0 0 1
    outer loop
      vertex 168 76 5
      vertex 180 77 5
      vertex 169 77 5
    endloop
  endfacet
  facet normal 0 0 1
    outer loop
      vertex 168 76 5
      vertex 181 76 5
      vertex 180 77 5
    endloop
  endfacet
  facet normal 0 0 1
    outer loop
      vertex 181 76 5
      vertex 181 89 5
      vertex 180 77 5
    endloop
  endfacet
  facet normal 0 -1 0
    outer loop
      vertex 181 76 0
      vertex 180 76 0.4
      vertex 180 76 0
    endloop
  endfacet
  facet normal 0 0 -1
    outer loop
      vertex 181 89 0
      vertex 180 88 0
      vertex 180 89 0
    endloop
  endfacet
  facet normal 0 -1 0
    outer loop
      vertex 181 76 0
      vertex 181 76 5
      vertex 180 76 0.4
    endloop
  endfacet
  facet normal -1 0 0
    outer loop
      vertex 168 76 5
      vertex 168 89 0.4
      vertex 168 76 0.4
    endloop
  endfacet
  facet normal 0 -1 0
    outer loop
      vertex 181 76 5
      vertex 168 76 0.4
      vertex 180 76 0.4
    endloop
  endfacet
  facet normal 0 1 0
    outer loop
      vertex 181 89 0
      vertex 180 89 0
      vertex 181 89 5
    endloop
  endfacet
  facet normal 0 1 0
    outer loop
      vertex 181 89 5
      vertex 180 89 0
      vertex 180 89 0.4
    endloop
  endfacet
  facet normal 0 1 0
    outer loop
      vertex 168 89 5
      vertex 180 89 0.4
      vertex 168 89 0.4
    endloop
  endfacet
  facet normal 0 -1 0
    outer loop
      vertex 168 76 5
      vertex 168 76 0.4
      vertex 181 76 5
    endloop
  endfacet
  facet normal -1 0 0
    outer loop
      vertex 168 76 5
      vertex 168 89 5
      vertex 168 89 0.4
    endloop
  endfacet
  facet normal 0 1 0
    outer loop
      vertex 168 89 5
      vertex 181 89 5
      vertex 180 89 0.4
    endloop
  endfacet
  facet normal 0 0 1
    outer loop
      vertex 168 76 5
      vertex 169 88 5
      vertex 168 89 5
    endloop
  endfacet
  facet normal 0 0 1
    outer loop
      vertex 168 89 5
      vertex 169 88 5
      vertex 181 89 5
    endloop
  endfacet
  facet normal 0 0 1
    outer loop
      vertex 180 77 5
      vertex 181 89 5
      vertex 180 88 5
    endloop
  endfacet
  facet normal 0 0 1
    outer loop
      vertex 169 88 5
      vertex 180 88 5
      vertex 181 89 5
    endloop
  endfacet
  facet normal 0 0 -1
    outer loop
      vertex 181 59 0
      vertex 180 59 0
      vertex 180 71 0
    endloop
  endfacet
  facet normal 1 0 0
    outer loop
      vertex 181 59 0
      vertex 181 72 0
      vertex 181 59 5
    endloop
  endfacet
  facet normal 0 0 1
    outer loop
      vertex 168 59 5
      vertex 169 60 5
      vertex 169 71 5
    endloop
  endfacet
  facet normal 0 0 1
    outer loop
      vertex 168 59 5
      vertex 180 60 5
      vertex 169 60 5
    endloop
  endfacet
  facet normal 0 0 1
    outer loop
      vertex 168 59 5
      vertex 181 59 5
      vertex 180 60 5
    endloop
  endfacet
  facet normal 0 0 1
    outer loop
      vertex 181 59 5
      vertex 181 72 5
      vertex 180 60 5
    endloop
  endfacet
  facet normal 0 0 -1
    outer loop
      vertex 181 59 0
      vertex 180 71 0
      vertex 181 72 0
    endloop
  endfacet
  facet normal 1 0 0
    outer loop
      vertex 181 72 0
      vertex 181 72 5
      vertex 181 59 5
    endloop
  endfacet
  facet normal 0 -1 0
    outer loop
      vertex 181 59 0
      vertex 180 59 0.4
      vertex 180 59 0
    endloop
  endfacet
  facet normal 0 -1 0
    outer loop
      vertex 181 59 0
      vertex 181 59 5
      vertex 180 59 0.4
    endloop
  endfacet
  facet normal -1 0 0
    outer loop
      vertex 168 59 5
      vertex 168 72 0.4
      vertex 168 59 0.4
    endloop
  endfacet
  facet normal 0 -1 0
    outer loop
      vertex 181 59 5
      vertex 168 59 0.4
      vertex 180 59 0.4
    endloop
  endfacet
  facet normal 0 -1 0
    outer loop
      vertex 168 59 5
      vertex 168 59 0.4
      vertex 181 59 5
    endloop
  endfacet
  facet normal 0 0 -1
    outer loop
      vertex 181 72 0
      vertex 180 71 0
      vertex 180 72 0
    endloop
  endfacet
  facet normal 0 1 0
    outer loop
      vertex 181 72 0
      vertex 180 72 0
      vertex 181 72 5
    endloop
  endfacet
  facet normal 0 1 0
    outer loop
      vertex 181 72 5
      vertex 180 72 0
      vertex 180 72 0.4
    endloop
  endfacet
  facet normal 0 1 0
    outer loop
      vertex 168 72 5
      vertex 180 72 0.4
      vertex 168 72 0.4
    endloop
  endfacet
  facet normal -1 0 0
    outer loop
      vertex 168 59 5
      vertex 168 72 5
      vertex 168 72 0.4
    endloop
  endfacet
  facet normal 0 1 0
    outer loop
      vertex 168 72 5
      vertex 181 72 5
      vertex 180 72 0.4
    endloop
  endfacet
  facet normal 0 0 1
    outer loop
      vertex 168 59 5
      vertex 169 71 5
      vertex 168 72 5
    endloop
  endfacet
  facet normal 0 0 1
    outer loop
      vertex 168 72 5
      vertex 169 71 5
      vertex 181 72 5
    endloop
  endfacet
  facet normal 0 0 1
    outer loop
      vertex 180 60 5
      vertex 181 72 5
      vertex 180 71 5
    endloop
  endfacet
  facet normal 0 0 1
    outer loop
      vertex 169 71 5
      vertex 180 71 5
      vertex 181 72 5
    endloop
  endfacet
  facet normal 0 0 -1
    outer loop
      vertex 181 25 0
      vertex 180 25 0
      vertex 180 37 0
    endloop
  endfacet
  facet normal 1 0 0
    outer loop
      vertex 181 25 0
      vertex 181 38 0
      vertex 181 25 5
    endloop
  endfacet
  facet normal 0 0 -1
    outer loop
      vertex 181 25 0
      vertex 180 37 0
      vertex 181 38 0
    endloop
  endfacet
  facet normal 0 0 1
    outer loop
      vertex 168 25 5
      vertex 169 26 5
      vertex 169 37 5
    endloop
  endfacet
  facet normal 0 0 1
    outer loop
      vertex 168 25 5
      vertex 180 26 5
      vertex 169 26 5
    endloop
  endfacet
  facet normal 0 0 1
    outer loop
      vertex 168 25 5
      vertex 181 25 5
      vertex 180 26 5
    endloop
  endfacet
  facet normal 0 0 1
    outer loop
      vertex 181 25 5
      vertex 181 38 5
      vertex 180 26 5
    endloop
  endfacet
  facet normal 1 0 0
    outer loop
      vertex 181 38 0
      vertex 181 38 5
      vertex 181 25 5
    endloop
  endfacet
  facet normal 0 -1 0
    outer loop
      vertex 181 25 0
      vertex 180 25 0.4
      vertex 180 25 0
    endloop
  endfacet
  facet normal 0 -1 0
    outer loop
      vertex 181 25 0
      vertex 181 25 5
      vertex 180 25 0.4
    endloop
  endfacet
  facet normal -1 0 0
    outer loop
      vertex 168 25 5
      vertex 168 38 0.4
      vertex 168 25 0.4
    endloop
  endfacet
  facet normal 0 -1 0
    outer loop
      vertex 181 25 5
      vertex 168 25 0.4
      vertex 180 25 0.4
    endloop
  endfacet
  facet normal 0 0 -1
    outer loop
      vertex 181 38 0
      vertex 180 37 0
      vertex 180 38 0
    endloop
  endfacet
  facet normal 0 1 0
    outer loop
      vertex 181 38 0
      vertex 180 38 0
      vertex 181 38 5
    endloop
  endfacet
  facet normal 0 1 0
    outer loop
      vertex 181 38 5
      vertex 180 38 0
      vertex 180 38 0.4
    endloop
  endfacet
  facet normal 0 1 0
    outer loop
      vertex 168 38 5
      vertex 180 38 0.4
      vertex 168 38 0.4
    endloop
  endfacet
  facet normal 0 -1 0
    outer loop
      vertex 168 25 5
      vertex 168 25 0.4
      vertex 181 25 5
    endloop
  endfacet
  facet normal -1 0 0
    outer loop
      vertex 168 25 5
      vertex 168 38 5
      vertex 168 38 0.4
    endloop
  endfacet
  facet normal 0 1 0
    outer loop
      vertex 168 38 5
      vertex 181 38 5
      vertex 180 38 0.4
    endloop
  endfacet
  facet normal 0 0 1
    outer loop
      vertex 168 25 5
      vertex 169 37 5
      vertex 168 38 5
    endloop
  endfacet
  facet normal 0 0 1
    outer loop
      vertex 169 37 5
      vertex 181 38 5
      vertex 168 38 5
    endloop
  endfacet
  facet normal 0 0 1
    outer loop
      vertex 180 26 5
      vertex 181 38 5
      vertex 180 37 5
    endloop
  endfacet
  facet normal 0 0 1
    outer loop
      vertex 169 37 5
      vertex 180 37 5
      vertex 181 38 5
    endloop
  endfacet
  facet normal 0 0 -1
    outer loop
      vertex 181 42 0
      vertex 180 42 0
      vertex 180 54 0
    endloop
  endfacet
  facet normal 0 0 -1
    outer loop
      vertex 181 42 0
      vertex 180 54 0
      vertex 181 55 0
    endloop
  endfacet
  facet normal 1 0 0
    outer loop
      vertex 181 42 0
      vertex 181 55 0
      vertex 181 42 5
    endloop
  endfacet
  facet normal 1 0 0
    outer loop
      vertex 181 55 0
      vertex 181 55 5
      vertex 181 42 5
    endloop
  endfacet
  facet normal 0 0 1
    outer loop
      vertex 168 42 5
      vertex 169 43 5
      vertex 169 54 5
    endloop
  endfacet
  facet normal 0 0 1
    outer loop
      vertex 168 42 5
      vertex 180 43 5
      vertex 169 43 5
    endloop
  endfacet
  facet normal 0 0 1
    outer loop
      vertex 168 42 5
      vertex 181 42 5
      vertex 180 43 5
    endloop
  endfacet
  facet normal 0 0 1
    outer loop
      vertex 181 42 5
      vertex 181 55 5
      vertex 180 43 5
    endloop
  endfacet
  facet normal 0 -1 0
    outer loop
      vertex 181 42 0
      vertex 180 42 0.4
      vertex 180 42 0
    endloop
  endfacet
  facet normal 0 0 -1
    outer loop
      vertex 181 55 0
      vertex 180 54 0
      vertex 180 55 0
    endloop
  endfacet
  facet normal 0 -1 0
    outer loop
      vertex 181 42 0
      vertex 181 42 5
      vertex 180 42 0.4
    endloop
  endfacet
  facet normal -1 0 0
    outer loop
      vertex 168 42 5
      vertex 168 55 0.4
      vertex 168 42 0.4
    endloop
  endfacet
  facet normal 0 -1 0
    outer loop
      vertex 181 42 5
      vertex 168 42 0.4
      vertex 180 42 0.4
    endloop
  endfacet
  facet normal 0 1 0
    outer loop
      vertex 181 55 0
      vertex 180 55 0
      vertex 181 55 5
    endloop
  endfacet
  facet normal 0 1 0
    outer loop
      vertex 181 55 5
      vertex 180 55 0
      vertex 180 55 0.4
    endloop
  endfacet
  facet normal 0 1 0
    outer loop
      vertex 168 55 5
      vertex 180 55 0.4
      vertex 168 55 0.4
    endloop
  endfacet
  facet normal 0 -1 0
    outer loop
      vertex 168 42 5
      vertex 168 42 0.4
      vertex 181 42 5
    endloop
  endfacet
  facet normal -1 0 0
    outer loop
      vertex 168 42 5
      vertex 168 55 5
      vertex 168 55 0.4
    endloop
  endfacet
  facet normal 0 1 0
    outer loop
      vertex 168 55 5
      vertex 181 55 5
      vertex 180 55 0.4
    endloop
  endfacet
  facet normal 0 0 1
    outer loop
      vertex 168 42 5
      vertex 169 54 5
      vertex 168 55 5
    endloop
  endfacet
  facet normal 0 0 1
    outer loop
      vertex 168 55 5
      vertex 169 54 5
      vertex 181 55 5
    endloop
  endfacet
  facet normal 0 0 1
    outer loop
      vertex 180 43 5
      vertex 181 55 5
      vertex 180 54 5
    endloop
  endfacet
  facet normal 0 0 1
    outer loop
      vertex 169 54 5
      vertex 180 54 5
      vertex 181 55 5
    endloop
  endfacet
  facet normal 1 0 0
    outer loop
      vertex 164 123 5
      vertex 164 110 0.4
      vertex 164 123 0.4
    endloop
  endfacet
  facet normal 1 0 0
    outer loop
      vertex 164 110 5
      vertex 164 110 0.4
      vertex 164 123 5
    endloop
  endfacet
  facet normal 0 0 1
    outer loop
      vertex 151 110 5
      vertex 163 111 5
      vertex 152 111 5
    endloop
  endfacet
  facet normal 0 0 1
    outer loop
      vertex 151 110 5
      vertex 152 111 5
      vertex 152 122 5
    endloop
  endfacet
  facet normal 0 0 1
    outer loop
      vertex 151 110 5
      vertex 164 110 5
      vertex 163 111 5
    endloop
  endfacet
  facet normal 0 0 1
    outer loop
      vertex 164 110 5
      vertex 164 123 5
      vertex 163 111 5
    endloop
  endfacet
  facet normal -1 0 0
    outer loop
      vertex 151 110 5
      vertex 151 123 0.4
      vertex 151 110 0.4
    endloop
  endfacet
  facet normal 0 1 0
    outer loop
      vertex 151 123 5
      vertex 164 123 0.4
      vertex 151 123 0.4
    endloop
  endfacet
  facet normal 0 -1 0
    outer loop
      vertex 164 110 5
      vertex 151 110 0.4
      vertex 164 110 0.4
    endloop
  endfacet
  facet normal 0 -1 0
    outer loop
      vertex 151 110 5
      vertex 151 110 0.4
      vertex 164 110 5
    endloop
  endfacet
  facet normal -1 0 0
    outer loop
      vertex 151 110 5
      vertex 151 123 5
      vertex 151 123 0.4
    endloop
  endfacet
  facet normal 0 1 0
    outer loop
      vertex 151 123 5
      vertex 164 123 5
      vertex 164 123 0.4
    endloop
  endfacet
  facet normal 0 0 1
    outer loop
      vertex 151 110 5
      vertex 152 122 5
      vertex 151 123 5
    endloop
  endfacet
  facet normal 0 0 1
    outer loop
      vertex 151 123 5
      vertex 152 122 5
      vertex 164 123 5
    endloop
  endfacet
  facet normal 0 0 1
    outer loop
      vertex 163 111 5
      vertex 164 123 5
      vertex 163 122 5
    endloop
  endfacet
  facet normal 0 0 1
    outer loop
      vertex 152 122 5
      vertex 163 122 5
      vertex 164 123 5
    endloop
  endfacet
  facet normal 1 0 0
    outer loop
      vertex 164 106 5
      vertex 164 93 0.4
      vertex 164 106 0.4
    endloop
  endfacet
  facet normal 1 0 0
    outer loop
      vertex 164 93 5
      vertex 164 93 0.4
      vertex 164 106 5
    endloop
  endfacet
  facet normal 0 0 1
    outer loop
      vertex 151 93 5
      vertex 152 94 5
      vertex 152 105 5
    endloop
  endfacet
  facet normal 0 0 1
    outer loop
      vertex 151 93 5
      vertex 163 94 5
      vertex 152 94 5
    endloop
  endfacet
  facet normal 0 0 1
    outer loop
      vertex 151 93 5
      vertex 164 93 5
      vertex 163 94 5
    endloop
  endfacet
  facet normal 0 0 1
    outer loop
      vertex 164 93 5
      vertex 164 106 5
      vertex 163 94 5
    endloop
  endfacet
  facet normal -1 0 0
    outer loop
      vertex 151 93 5
      vertex 151 106 0.4
      vertex 151 93 0.4
    endloop
  endfacet
  facet normal 0 -1 0
    outer loop
      vertex 164 93 5
      vertex 151 93 0.4
      vertex 164 93 0.4
    endloop
  endfacet
  facet normal 0 1 0
    outer loop
      vertex 151 106 5
      vertex 164 106 0.4
      vertex 151 106 0.4
    endloop
  endfacet
  facet normal 0 -1 0
    outer loop
      vertex 151 93 5
      vertex 151 93 0.4
      vertex 164 93 5
    endloop
  endfacet
  facet normal -1 0 0
    outer loop
      vertex 151 93 5
      vertex 151 106 5
      vertex 151 106 0.4
    endloop
  endfacet
  facet normal 0 1 0
    outer loop
      vertex 151 106 5
      vertex 164 106 5
      vertex 164 106 0.4
    endloop
  endfacet
  facet normal 0 0 1
    outer loop
      vertex 151 93 5
      vertex 152 105 5
      vertex 151 106 5
    endloop
  endfacet
  facet normal 0 0 1
    outer loop
      vertex 151 106 5
      vertex 152 105 5
      vertex 164 106 5
    endloop
  endfacet
  facet normal 0 0 1
    outer loop
      vertex 152 105 5
      vertex 163 105 5
      vertex 164 106 5
    endloop
  endfacet
  facet normal 0 0 1
    outer loop
      vertex 163 94 5
      vertex 164 106 5
      vertex 163 105 5
    endloop
  endfacet
  facet normal 1 0 0
    outer loop
      vertex 164 89 5
      vertex 164 76 0.4
      vertex 164 89 0.4
    endloop
  endfacet
  facet normal 1 0 0
    outer loop
      vertex 164 76 5
      vertex 164 76 0.4
      vertex 164 89 5
    endloop
  endfacet
  facet normal 0 0 1
    outer loop
      vertex 151 76 5
      vertex 152 77 5
      vertex 152 88 5
    endloop
  endfacet
  facet normal 0 0 1
    outer loop
      vertex 151 76 5
      vertex 163 77 5
      vertex 152 77 5
    endloop
  endfacet
  facet normal 0 0 1
    outer loop
      vertex 151 76 5
      vertex 164 76 5
      vertex 163 77 5
    endloop
  endfacet
  facet normal 0 0 1
    outer loop
      vertex 164 76 5
      vertex 164 89 5
      vertex 163 77 5
    endloop
  endfacet
  facet normal -1 0 0
    outer loop
      vertex 151 76 5
      vertex 151 89 0.4
      vertex 151 76 0.4
    endloop
  endfacet
  facet normal 0 1 0
    outer loop
      vertex 151 89 5
      vertex 164 89 0.4
      vertex 151 89 0.4
    endloop
  endfacet
  facet normal 0 -1 0
    outer loop
      vertex 164 76 5
      vertex 151 76 0.4
      vertex 164 76 0.4
    endloop
  endfacet
  facet normal 0 -1 0
    outer loop
      vertex 151 76 5
      vertex 151 76 0.4
      vertex 164 76 5
    endloop
  endfacet
  facet normal -1 0 0
    outer loop
      vertex 151 76 5
      vertex 151 89 5
      vertex 151 89 0.4
    endloop
  endfacet
  facet normal 0 1 0
    outer loop
      vertex 151 89 5
      vertex 164 89 5
      vertex 164 89 0.4
    endloop
  endfacet
  facet normal 0 0 1
    outer loop
      vertex 151 76 5
      vertex 152 88 5
      vertex 151 89 5
    endloop
  endfacet
  facet normal 0 0 1
    outer loop
      vertex 151 89 5
      vertex 152 88 5
      vertex 164 89 5
    endloop
  endfacet
  facet normal 0 0 1
    outer loop
      vertex 163 77 5
      vertex 164 89 5
      vertex 163 88 5
    endloop
  endfacet
  facet normal 0 0 1
    outer loop
      vertex 152 88 5
      vertex 163 88 5
      vertex 164 89 5
    endloop
  endfacet
  facet normal 1 0 0
    outer loop
      vertex 164 59 5
      vertex 164 59 0.4
      vertex 164 72 5
    endloop
  endfacet
  facet normal 0 0 1
    outer loop
      vertex 151 59 5
      vertex 152 60 5
      vertex 152 71 5
    endloop
  endfacet
  facet normal 0 0 1
    outer loop
      vertex 151 59 5
      vertex 163 60 5
      vertex 152 60 5
    endloop
  endfacet
  facet normal 0 0 1
    outer loop
      vertex 151 59 5
      vertex 164 59 5
      vertex 163 60 5
    endloop
  endfacet
  facet normal 0 0 1
    outer loop
      vertex 164 59 5
      vertex 164 72 5
      vertex 163 60 5
    endloop
  endfacet
  facet normal 1 0 0
    outer loop
      vertex 164 72 5
      vertex 164 59 0.4
      vertex 164 72 0.4
    endloop
  endfacet
  facet normal -1 0 0
    outer loop
      vertex 151 59 5
      vertex 151 72 0.4
      vertex 151 59 0.4
    endloop
  endfacet
  facet normal 0 -1 0
    outer loop
      vertex 164 59 5
      vertex 151 59 0.4
      vertex 164 59 0.4
    endloop
  endfacet
  facet normal 0 -1 0
    outer loop
      vertex 151 59 5
      vertex 151 59 0.4
      vertex 164 59 5
    endloop
  endfacet
  facet normal 0 1 0
    outer loop
      vertex 151 72 5
      vertex 164 72 0.4
      vertex 151 72 0.4
    endloop
  endfacet
  facet normal -1 0 0
    outer loop
      vertex 151 59 5
      vertex 151 72 5
      vertex 151 72 0.4
    endloop
  endfacet
  facet normal 0 1 0
    outer loop
      vertex 151 72 5
      vertex 164 72 5
      vertex 164 72 0.4
    endloop
  endfacet
  facet normal 0 0 1
    outer loop
      vertex 151 59 5
      vertex 152 71 5
      vertex 151 72 5
    endloop
  endfacet
  facet normal 0 0 1
    outer loop
      vertex 151 72 5
      vertex 152 71 5
      vertex 164 72 5
    endloop
  endfacet
  facet normal 0 0 1
    outer loop
      vertex 163 60 5
      vertex 164 72 5
      vertex 163 71 5
    endloop
  endfacet
  facet normal 0 0 1
    outer loop
      vertex 152 71 5
      vertex 163 71 5
      vertex 164 72 5
    endloop
  endfacet
  facet normal 1 0 0
    outer loop
      vertex 164 38 5
      vertex 164 25 0.4
      vertex 164 38 0.4
    endloop
  endfacet
  facet normal 1 0 0
    outer loop
      vertex 164 25 5
      vertex 164 25 0.4
      vertex 164 38 5
    endloop
  endfacet
  facet normal 0 0 1
    outer loop
      vertex 151 25 5
      vertex 152 26 5
      vertex 152 37 5
    endloop
  endfacet
  facet normal 0 0 1
    outer loop
      vertex 151 25 5
      vertex 163 26 5
      vertex 152 26 5
    endloop
  endfacet
  facet normal 0 0 1
    outer loop
      vertex 151 25 5
      vertex 164 25 5
      vertex 163 26 5
    endloop
  endfacet
  facet normal 0 0 1
    outer loop
      vertex 164 25 5
      vertex 164 38 5
      vertex 163 26 5
    endloop
  endfacet
  facet normal -1 0 0
    outer loop
      vertex 151 25 5
      vertex 151 38 0.4
      vertex 151 25 0.4
    endloop
  endfacet
  facet normal 0 -1 0
    outer loop
      vertex 164 25 5
      vertex 151 25 0.4
      vertex 164 25 0.4
    endloop
  endfacet
  facet normal 0 1 0
    outer loop
      vertex 151 38 5
      vertex 164 38 0.4
      vertex 151 38 0.4
    endloop
  endfacet
  facet normal 0 -1 0
    outer loop
      vertex 151 25 5
      vertex 151 25 0.4
      vertex 164 25 5
    endloop
  endfacet
  facet normal -1 0 0
    outer loop
      vertex 151 25 5
      vertex 151 38 5
      vertex 151 38 0.4
    endloop
  endfacet
  facet normal 0 1 0
    outer loop
      vertex 151 38 5
      vertex 164 38 5
      vertex 164 38 0.4
    endloop
  endfacet
  facet normal 0 0 1
    outer loop
      vertex 151 25 5
      vertex 152 37 5
      vertex 151 38 5
    endloop
  endfacet
  facet normal 0 0 1
    outer loop
      vertex 152 37 5
      vertex 164 38 5
      vertex 151 38 5
    endloop
  endfacet
  facet normal 0 0 1
    outer loop
      vertex 163 26 5
      vertex 164 38 5
      vertex 163 37 5
    endloop
  endfacet
  facet normal 0 0 1
    outer loop
      vertex 152 37 5
      vertex 163 37 5
      vertex 164 38 5
    endloop
  endfacet
  facet normal 1 0 0
    outer loop
      vertex 164 55 5
      vertex 164 42 0.4
      vertex 164 55 0.4
    endloop
  endfacet
  facet normal 1 0 0
    outer loop
      vertex 164 42 5
      vertex 164 42 0.4
      vertex 164 55 5
    endloop
  endfacet
  facet normal 0 0 1
    outer loop
      vertex 151 42 5
      vertex 152 43 5
      vertex 152 54 5
    endloop
  endfacet
  facet normal 0 0 1
    outer loop
      vertex 151 42 5
      vertex 163 43 5
      vertex 152 43 5
    endloop
  endfacet
  facet normal 0 0 1
    outer loop
      vertex 151 42 5
      vertex 164 42 5
      vertex 163 43 5
    endloop
  endfacet
  facet normal 0 0 1
    outer loop
      vertex 164 42 5
      vertex 164 55 5
      vertex 163 43 5
    endloop
  endfacet
  facet normal -1 0 0
    outer loop
      vertex 151 42 5
      vertex 151 55 0.4
      vertex 151 42 0.4
    endloop
  endfacet
  facet normal 0 1 0
    outer loop
      vertex 151 55 5
      vertex 164 55 0.4
      vertex 151 55 0.4
    endloop
  endfacet
  facet normal 0 -1 0
    outer loop
      vertex 164 42 5
      vertex 151 42 0.4
      vertex 164 42 0.4
    endloop
  endfacet
  facet normal 0 -1 0
    outer loop
      vertex 151 42 5
      vertex 151 42 0.4
      vertex 164 42 5
    endloop
  endfacet
  facet normal -1 0 0
    outer loop
      vertex 151 42 5
      vertex 151 55 5
      vertex 151 55 0.4
    endloop
  endfacet
  facet normal 0 1 0
    outer loop
      vertex 151 55 5
      vertex 164 55 5
      vertex 164 55 0.4
    endloop
  endfacet
  facet normal 0 0 1
    outer loop
      vertex 151 42 5
      vertex 152 54 5
      vertex 151 55 5
    endloop
  endfacet
  facet normal 0 0 1
    outer loop
      vertex 152 54 5
      vertex 164 55 5
      vertex 151 55 5
    endloop
  endfacet
  facet normal 0 0 1
    outer loop
      vertex 163 43 5
      vertex 164 55 5
      vertex 163 54 5
    endloop
  endfacet
  facet normal 0 0 1
    outer loop
      vertex 152 54 5
      vertex 163 54 5
      vertex 164 55 5
    endloop
  endfacet
  facet normal 1 0 0
    outer loop
      vertex 147 123 5
      vertex 147 110 0.4
      vertex 147 123 0.4
    endloop
  endfacet
  facet normal 0 0 1
    outer loop
      vertex 134 110 5
      vertex 135 111 5
      vertex 135 122 5
    endloop
  endfacet
  facet normal 1 0 0
    outer loop
      vertex 147 110 5
      vertex 147 110 0.4
      vertex 147 123 5
    endloop
  endfacet
  facet normal 0 0 1
    outer loop
      vertex 134 110 5
      vertex 146 111 5
      vertex 135 111 5
    endloop
  endfacet
  facet normal 0 0 1
    outer loop
      vertex 134 110 5
      vertex 147 110 5
      vertex 146 111 5
    endloop
  endfacet
  facet normal 0 0 1
    outer loop
      vertex 147 110 5
      vertex 147 123 5
      vertex 146 111 5
    endloop
  endfacet
  facet normal -1 0 0
    outer loop
      vertex 134 110 5
      vertex 134 123 0.4
      vertex 134 110 0.4
    endloop
  endfacet
  facet normal 0 -1 0
    outer loop
      vertex 147 110 5
      vertex 134 110 0.4
      vertex 147 110 0.4
    endloop
  endfacet
  facet normal 0 1 0
    outer loop
      vertex 134 123 5
      vertex 147 123 0.4
      vertex 134 123 0.4
    endloop
  endfacet
  facet normal -1 0 0
    outer loop
      vertex 134 110 5
      vertex 134 123 5
      vertex 134 123 0.4
    endloop
  endfacet
  facet normal 0 0 1
    outer loop
      vertex 134 110 5
      vertex 135 122 5
      vertex 134 123 5
    endloop
  endfacet
  facet normal 0 -1 0
    outer loop
      vertex 134 110 5
      vertex 134 110 0.4
      vertex 147 110 5
    endloop
  endfacet
  facet normal 0 1 0
    outer loop
      vertex 134 123 5
      vertex 147 123 5
      vertex 147 123 0.4
    endloop
  endfacet
  facet normal 0 0 1
    outer loop
      vertex 146 111 5
      vertex 147 123 5
      vertex 146 122 5
    endloop
  endfacet
  facet normal 0 0 1
    outer loop
      vertex 134 123 5
      vertex 135 122 5
      vertex 147 123 5
    endloop
  endfacet
  facet normal 0 0 1
    outer loop
      vertex 135 122 5
      vertex 146 122 5
      vertex 147 123 5
    endloop
  endfacet
  facet normal 1 0 0
    outer loop
      vertex 147 106 5
      vertex 147 93 0.4
      vertex 147 106 0.4
    endloop
  endfacet
  facet normal 0 0 1
    outer loop
      vertex 134 93 5
      vertex 135 94 5
      vertex 135 105 5
    endloop
  endfacet
  facet normal 1 0 0
    outer loop
      vertex 147 93 5
      vertex 147 93 0.4
      vertex 147 106 5
    endloop
  endfacet
  facet normal 0 0 1
    outer loop
      vertex 134 93 5
      vertex 146 94 5
      vertex 135 94 5
    endloop
  endfacet
  facet normal 0 0 1
    outer loop
      vertex 134 93 5
      vertex 147 93 5
      vertex 146 94 5
    endloop
  endfacet
  facet normal 0 0 1
    outer loop
      vertex 147 93 5
      vertex 147 106 5
      vertex 146 94 5
    endloop
  endfacet
  facet normal -1 0 0
    outer loop
      vertex 134 93 5
      vertex 134 106 0.4
      vertex 134 93 0.4
    endloop
  endfacet
  facet normal 0 -1 0
    outer loop
      vertex 147 93 5
      vertex 134 93 0.4
      vertex 147 93 0.4
    endloop
  endfacet
  facet normal 0 1 0
    outer loop
      vertex 134 106 5
      vertex 147 106 0.4
      vertex 134 106 0.4
    endloop
  endfacet
  facet normal -1 0 0
    outer loop
      vertex 134 93 5
      vertex 134 106 5
      vertex 134 106 0.4
    endloop
  endfacet
  facet normal 0 0 1
    outer loop
      vertex 134 93 5
      vertex 135 105 5
      vertex 134 106 5
    endloop
  endfacet
  facet normal 0 -1 0
    outer loop
      vertex 134 93 5
      vertex 134 93 0.4
      vertex 147 93 5
    endloop
  endfacet
  facet normal 0 1 0
    outer loop
      vertex 134 106 5
      vertex 147 106 5
      vertex 147 106 0.4
    endloop
  endfacet
  facet normal 0 0 1
    outer loop
      vertex 135 105 5
      vertex 146 105 5
      vertex 147 106 5
    endloop
  endfacet
  facet normal 0 0 1
    outer loop
      vertex 146 94 5
      vertex 147 106 5
      vertex 146 105 5
    endloop
  endfacet
  facet normal 0 0 1
    outer loop
      vertex 134 106 5
      vertex 135 105 5
      vertex 147 106 5
    endloop
  endfacet
  facet normal 1 0 0
    outer loop
      vertex 147 89 5
      vertex 147 76 0.4
      vertex 147 89 0.4
    endloop
  endfacet
  facet normal 0 0 1
    outer loop
      vertex 134 76 5
      vertex 135 77 5
      vertex 135 88 5
    endloop
  endfacet
  facet normal 1 0 0
    outer loop
      vertex 147 76 5
      vertex 147 76 0.4
      vertex 147 89 5
    endloop
  endfacet
  facet normal 0 0 1
    outer loop
      vertex 134 76 5
      vertex 146 77 5
      vertex 135 77 5
    endloop
  endfacet
  facet normal 0 0 1
    outer loop
      vertex 134 76 5
      vertex 147 76 5
      vertex 146 77 5
    endloop
  endfacet
  facet normal 0 0 1
    outer loop
      vertex 147 76 5
      vertex 147 89 5
      vertex 146 77 5
    endloop
  endfacet
  facet normal -1 0 0
    outer loop
      vertex 134 76 5
      vertex 134 89 0.4
      vertex 134 76 0.4
    endloop
  endfacet
  facet normal 0 -1 0
    outer loop
      vertex 147 76 5
      vertex 134 76 0.4
      vertex 147 76 0.4
    endloop
  endfacet
  facet normal 0 1 0
    outer loop
      vertex 134 89 5
      vertex 147 89 0.4
      vertex 134 89 0.4
    endloop
  endfacet
  facet normal -1 0 0
    outer loop
      vertex 134 76 5
      vertex 134 89 5
      vertex 134 89 0.4
    endloop
  endfacet
  facet normal 0 0 1
    outer loop
      vertex 134 76 5
      vertex 135 88 5
      vertex 134 89 5
    endloop
  endfacet
  facet normal 0 -1 0
    outer loop
      vertex 134 76 5
      vertex 134 76 0.4
      vertex 147 76 5
    endloop
  endfacet
  facet normal 0 1 0
    outer loop
      vertex 134 89 5
      vertex 147 89 5
      vertex 147 89 0.4
    endloop
  endfacet
  facet normal 0 0 1
    outer loop
      vertex 134 89 5
      vertex 135 88 5
      vertex 147 89 5
    endloop
  endfacet
  facet normal 0 0 1
    outer loop
      vertex 146 77 5
      vertex 147 89 5
      vertex 146 88 5
    endloop
  endfacet
  facet normal 0 0 1
    outer loop
      vertex 135 88 5
      vertex 146 88 5
      vertex 147 89 5
    endloop
  endfacet
  facet normal 0 0 1
    outer loop
      vertex 134 59 5
      vertex 135 60 5
      vertex 135 71 5
    endloop
  endfacet
  facet normal 1 0 0
    outer loop
      vertex 147 59 5
      vertex 147 59 0.4
      vertex 147 72 5
    endloop
  endfacet
  facet normal 0 0 1
    outer loop
      vertex 134 59 5
      vertex 146 60 5
      vertex 135 60 5
    endloop
  endfacet
  facet normal 0 0 1
    outer loop
      vertex 134 59 5
      vertex 147 59 5
      vertex 146 60 5
    endloop
  endfacet
  facet normal 0 0 1
    outer loop
      vertex 147 59 5
      vertex 147 72 5
      vertex 146 60 5
    endloop
  endfacet
  facet normal 1 0 0
    outer loop
      vertex 147 72 5
      vertex 147 59 0.4
      vertex 147 72 0.4
    endloop
  endfacet
  facet normal -1 0 0
    outer loop
      vertex 134 59 5
      vertex 134 72 0.4
      vertex 134 59 0.4
    endloop
  endfacet
  facet normal 0 -1 0
    outer loop
      vertex 147 59 5
      vertex 134 59 0.4
      vertex 147 59 0.4
    endloop
  endfacet
  facet normal 0 -1 0
    outer loop
      vertex 134 59 5
      vertex 134 59 0.4
      vertex 147 59 5
    endloop
  endfacet
  facet normal 0 1 0
    outer loop
      vertex 134 72 5
      vertex 147 72 0.4
      vertex 134 72 0.4
    endloop
  endfacet
  facet normal -1 0 0
    outer loop
      vertex 134 59 5
      vertex 134 72 5
      vertex 134 72 0.4
    endloop
  endfacet
  facet normal 0 0 1
    outer loop
      vertex 134 59 5
      vertex 135 71 5
      vertex 134 72 5
    endloop
  endfacet
  facet normal 0 1 0
    outer loop
      vertex 134 72 5
      vertex 147 72 5
      vertex 147 72 0.4
    endloop
  endfacet
  facet normal 0 0 1
    outer loop
      vertex 134 72 5
      vertex 135 71 5
      vertex 147 72 5
    endloop
  endfacet
  facet normal 0 0 1
    outer loop
      vertex 146 60 5
      vertex 147 72 5
      vertex 146 71 5
    endloop
  endfacet
  facet normal 0 0 1
    outer loop
      vertex 135 71 5
      vertex 146 71 5
      vertex 147 72 5
    endloop
  endfacet
  facet normal 1 0 0
    outer loop
      vertex 147 38 5
      vertex 147 25 0.4
      vertex 147 38 0.4
    endloop
  endfacet
  facet normal 0 0 1
    outer loop
      vertex 134 25 5
      vertex 135 26 5
      vertex 135 37 5
    endloop
  endfacet
  facet normal 1 0 0
    outer loop
      vertex 147 25 5
      vertex 147 25 0.4
      vertex 147 38 5
    endloop
  endfacet
  facet normal 0 0 1
    outer loop
      vertex 134 25 5
      vertex 146 26 5
      vertex 135 26 5
    endloop
  endfacet
  facet normal 0 0 1
    outer loop
      vertex 134 25 5
      vertex 147 25 5
      vertex 146 26 5
    endloop
  endfacet
  facet normal 0 0 1
    outer loop
      vertex 147 25 5
      vertex 147 38 5
      vertex 146 26 5
    endloop
  endfacet
  facet normal -1 0 0
    outer loop
      vertex 134 25 5
      vertex 134 38 0.4
      vertex 134 25 0.4
    endloop
  endfacet
  facet normal 0 -1 0
    outer loop
      vertex 147 25 5
      vertex 134 25 0.4
      vertex 147 25 0.4
    endloop
  endfacet
  facet normal 0 1 0
    outer loop
      vertex 134 38 5
      vertex 147 38 0.4
      vertex 134 38 0.4
    endloop
  endfacet
  facet normal -1 0 0
    outer loop
      vertex 134 25 5
      vertex 134 38 5
      vertex 134 38 0.4
    endloop
  endfacet
  facet normal 0 0 1
    outer loop
      vertex 134 25 5
      vertex 135 37 5
      vertex 134 38 5
    endloop
  endfacet
  facet normal 0 -1 0
    outer loop
      vertex 134 25 5
      vertex 134 25 0.4
      vertex 147 25 5
    endloop
  endfacet
  facet normal 0 1 0
    outer loop
      vertex 134 38 5
      vertex 147 38 5
      vertex 147 38 0.4
    endloop
  endfacet
  facet normal 0 0 1
    outer loop
      vertex 135 37 5
      vertex 147 38 5
      vertex 134 38 5
    endloop
  endfacet
  facet normal 0 0 1
    outer loop
      vertex 146 26 5
      vertex 147 38 5
      vertex 146 37 5
    endloop
  endfacet
  facet normal 0 0 1
    outer loop
      vertex 135 37 5
      vertex 146 37 5
      vertex 147 38 5
    endloop
  endfacet
  facet normal 1 0 0
    outer loop
      vertex 147 55 5
      vertex 147 42 0.4
      vertex 147 55 0.4
    endloop
  endfacet
  facet normal 0 0 1
    outer loop
      vertex 134 42 5
      vertex 135 43 5
      vertex 135 54 5
    endloop
  endfacet
  facet normal 1 0 0
    outer loop
      vertex 147 42 5
      vertex 147 42 0.4
      vertex 147 55 5
    endloop
  endfacet
  facet normal 0 0 1
    outer loop
      vertex 134 42 5
      vertex 146 43 5
      vertex 135 43 5
    endloop
  endfacet
  facet normal 0 0 1
    outer loop
      vertex 134 42 5
      vertex 147 42 5
      vertex 146 43 5
    endloop
  endfacet
  facet normal 0 0 1
    outer loop
      vertex 147 42 5
      vertex 147 55 5
      vertex 146 43 5
    endloop
  endfacet
  facet normal -1 0 0
    outer loop
      vertex 134 42 5
      vertex 134 55 0.4
      vertex 134 42 0.4
    endloop
  endfacet
  facet normal 0 -1 0
    outer loop
      vertex 147 42 5
      vertex 134 42 0.4
      vertex 147 42 0.4
    endloop
  endfacet
  facet normal 0 1 0
    outer loop
      vertex 134 55 5
      vertex 147 55 0.4
      vertex 134 55 0.4
    endloop
  endfacet
  facet normal -1 0 0
    outer loop
      vertex 134 42 5
      vertex 134 55 5
      vertex 134 55 0.4
    endloop
  endfacet
  facet normal 0 0 1
    outer loop
      vertex 134 42 5
      vertex 135 54 5
      vertex 134 55 5
    endloop
  endfacet
  facet normal 0 -1 0
    outer loop
      vertex 134 42 5
      vertex 134 42 0.4
      vertex 147 42 5
    endloop
  endfacet
  facet normal 0 1 0
    outer loop
      vertex 134 55 5
      vertex 147 55 5
      vertex 147 55 0.4
    endloop
  endfacet
  facet normal 0 0 1
    outer loop
      vertex 134 55 5
      vertex 135 54 5
      vertex 147 55 5
    endloop
  endfacet
  facet normal 0 0 1
    outer loop
      vertex 146 43 5
      vertex 147 55 5
      vertex 146 54 5
    endloop
  endfacet
  facet normal 0 0 1
    outer loop
      vertex 135 54 5
      vertex 146 54 5
      vertex 147 55 5
    endloop
  endfacet
  facet normal 1 0 0
    outer loop
      vertex 130 123 5
      vertex 130 110 0.4
      vertex 130 123 0.4
    endloop
  endfacet
  facet normal 1 0 0
    outer loop
      vertex 130 110 5
      vertex 130 110 0.4
      vertex 130 123 5
    endloop
  endfacet
  facet normal 0 0 1
    outer loop
      vertex 117 110 5
      vertex 129 111 5
      vertex 118 111 5
    endloop
  endfacet
  facet normal 0 0 1
    outer loop
      vertex 117 110 5
      vertex 130 110 5
      vertex 129 111 5
    endloop
  endfacet
  facet normal 0 0 1
    outer loop
      vertex 117 110 5
      vertex 118 111 5
      vertex 118 122 5
    endloop
  endfacet
  facet normal 0 0 1
    outer loop
      vertex 130 110 5
      vertex 130 123 5
      vertex 129 111 5
    endloop
  endfacet
  facet normal 0 -1 0
    outer loop
      vertex 130 110 5
      vertex 117 110 0.4
      vertex 130 110 0.4
    endloop
  endfacet
  facet normal -1 0 0
    outer loop
      vertex 117 110 5
      vertex 117 123 0.4
      vertex 117 110 0.4
    endloop
  endfacet
  facet normal 0 1 0
    outer loop
      vertex 117 123 5
      vertex 130 123 0.4
      vertex 117 123 0.4
    endloop
  endfacet
  facet normal 0 -1 0
    outer loop
      vertex 117 110 5
      vertex 117 110 0.4
      vertex 130 110 5
    endloop
  endfacet
  facet normal -1 0 0
    outer loop
      vertex 117 110 5
      vertex 117 123 5
      vertex 117 123 0.4
    endloop
  endfacet
  facet normal 0 1 0
    outer loop
      vertex 117 123 5
      vertex 130 123 5
      vertex 130 123 0.4
    endloop
  endfacet
  facet normal 0 0 1
    outer loop
      vertex 117 110 5
      vertex 118 122 5
      vertex 117 123 5
    endloop
  endfacet
  facet normal 0 0 1
    outer loop
      vertex 117 123 5
      vertex 118 122 5
      vertex 130 123 5
    endloop
  endfacet
  facet normal 0 0 1
    outer loop
      vertex 129 111 5
      vertex 130 123 5
      vertex 129 122 5
    endloop
  endfacet
  facet normal 0 0 1
    outer loop
      vertex 118 122 5
      vertex 129 122 5
      vertex 130 123 5
    endloop
  endfacet
  facet normal 1 0 0
    outer loop
      vertex 130 106 5
      vertex 130 93 0.4
      vertex 130 106 0.4
    endloop
  endfacet
  facet normal 1 0 0
    outer loop
      vertex 130 93 5
      vertex 130 93 0.4
      vertex 130 106 5
    endloop
  endfacet
  facet normal 0 0 1
    outer loop
      vertex 117 93 5
      vertex 118 94 5
      vertex 118 105 5
    endloop
  endfacet
  facet normal 0 0 1
    outer loop
      vertex 117 93 5
      vertex 129 94 5
      vertex 118 94 5
    endloop
  endfacet
  facet normal 0 0 1
    outer loop
      vertex 117 93 5
      vertex 130 93 5
      vertex 129 94 5
    endloop
  endfacet
  facet normal 0 0 1
    outer loop
      vertex 129 94 5
      vertex 130 93 5
      vertex 130 106 5
    endloop
  endfacet
  facet normal -1 0 0
    outer loop
      vertex 117 93 5
      vertex 117 106 0.4
      vertex 117 93 0.4
    endloop
  endfacet
  facet normal 0 -1 0
    outer loop
      vertex 130 93 5
      vertex 117 93 0.4
      vertex 130 93 0.4
    endloop
  endfacet
  facet normal 0 1 0
    outer loop
      vertex 117 106 5
      vertex 130 106 0.4
      vertex 117 106 0.4
    endloop
  endfacet
  facet normal 0 -1 0
    outer loop
      vertex 117 93 5
      vertex 117 93 0.4
      vertex 130 93 5
    endloop
  endfacet
  facet normal -1 0 0
    outer loop
      vertex 117 93 5
      vertex 117 106 5
      vertex 117 106 0.4
    endloop
  endfacet
  facet normal 0 1 0
    outer loop
      vertex 117 106 5
      vertex 130 106 5
      vertex 130 106 0.4
    endloop
  endfacet
  facet normal 0 0 1
    outer loop
      vertex 117 93 5
      vertex 118 105 5
      vertex 117 106 5
    endloop
  endfacet
  facet normal 0 0 1
    outer loop
      vertex 117 106 5
      vertex 118 105 5
      vertex 130 106 5
    endloop
  endfacet
  facet normal 0 0 1
    outer loop
      vertex 118 105 5
      vertex 129 105 5
      vertex 130 106 5
    endloop
  endfacet
  facet normal 0 0 1
    outer loop
      vertex 129 94 5
      vertex 130 106 5
      vertex 129 105 5
    endloop
  endfacet
  facet normal 1 0 0
    outer loop
      vertex 130 89 5
      vertex 130 76 0.4
      vertex 130 89 0.4
    endloop
  endfacet
  facet normal 1 0 0
    outer loop
      vertex 130 76 5
      vertex 130 76 0.4
      vertex 130 89 5
    endloop
  endfacet
  facet normal 0 0 1
    outer loop
      vertex 117 76 5
      vertex 118 77 5
      vertex 118 88 5
    endloop
  endfacet
  facet normal 0 0 1
    outer loop
      vertex 117 76 5
      vertex 129 77 5
      vertex 118 77 5
    endloop
  endfacet
  facet normal 0 0 1
    outer loop
      vertex 117 76 5
      vertex 130 76 5
      vertex 129 77 5
    endloop
  endfacet
  facet normal 0 0 1
    outer loop
      vertex 129 77 5
      vertex 130 76 5
      vertex 130 89 5
    endloop
  endfacet
  facet normal -1 0 0
    outer loop
      vertex 117 76 5
      vertex 117 89 0.4
      vertex 117 76 0.4
    endloop
  endfacet
  facet normal 0 -1 0
    outer loop
      vertex 130 76 5
      vertex 117 76 0.4
      vertex 130 76 0.4
    endloop
  endfacet
  facet normal 0 1 0
    outer loop
      vertex 117 89 5
      vertex 130 89 0.4
      vertex 117 89 0.4
    endloop
  endfacet
  facet normal 0 -1 0
    outer loop
      vertex 117 76 5
      vertex 117 76 0.4
      vertex 130 76 5
    endloop
  endfacet
  facet normal -1 0 0
    outer loop
      vertex 117 76 5
      vertex 117 89 5
      vertex 117 89 0.4
    endloop
  endfacet
  facet normal 0 1 0
    outer loop
      vertex 117 89 5
      vertex 130 89 5
      vertex 130 89 0.4
    endloop
  endfacet
  facet normal 0 0 1
    outer loop
      vertex 117 76 5
      vertex 118 88 5
      vertex 117 89 5
    endloop
  endfacet
  facet normal 0 0 1
    outer loop
      vertex 117 89 5
      vertex 118 88 5
      vertex 130 89 5
    endloop
  endfacet
  facet normal 0 0 1
    outer loop
      vertex 129 77 5
      vertex 130 89 5
      vertex 129 88 5
    endloop
  endfacet
  facet normal 0 0 1
    outer loop
      vertex 118 88 5
      vertex 129 88 5
      vertex 130 89 5
    endloop
  endfacet
  facet normal 1 0 0
    outer loop
      vertex 130 59 5
      vertex 130 59 0.4
      vertex 130 72 5
    endloop
  endfacet
  facet normal 0 0 1
    outer loop
      vertex 117 59 5
      vertex 118 60 5
      vertex 118 71 5
    endloop
  endfacet
  facet normal 0 0 1
    outer loop
      vertex 117 59 5
      vertex 129 60 5
      vertex 118 60 5
    endloop
  endfacet
  facet normal 0 0 1
    outer loop
      vertex 117 59 5
      vertex 130 59 5
      vertex 129 60 5
    endloop
  endfacet
  facet normal 0 0 1
    outer loop
      vertex 129 60 5
      vertex 130 59 5
      vertex 130 72 5
    endloop
  endfacet
  facet normal 1 0 0
    outer loop
      vertex 130 72 5
      vertex 130 59 0.4
      vertex 130 72 0.4
    endloop
  endfacet
  facet normal -1 0 0
    outer loop
      vertex 117 59 5
      vertex 117 72 0.4
      vertex 117 59 0.4
    endloop
  endfacet
  facet normal 0 -1 0
    outer loop
      vertex 130 59 5
      vertex 117 59 0.4
      vertex 130 59 0.4
    endloop
  endfacet
  facet normal 0 -1 0
    outer loop
      vertex 117 59 5
      vertex 117 59 0.4
      vertex 130 59 5
    endloop
  endfacet
  facet normal 0 1 0
    outer loop
      vertex 117 72 5
      vertex 130 72 0.4
      vertex 117 72 0.4
    endloop
  endfacet
  facet normal -1 0 0
    outer loop
      vertex 117 59 5
      vertex 117 72 5
      vertex 117 72 0.4
    endloop
  endfacet
  facet normal 0 1 0
    outer loop
      vertex 117 72 5
      vertex 130 72 5
      vertex 130 72 0.4
    endloop
  endfacet
  facet normal 0 0 1
    outer loop
      vertex 117 59 5
      vertex 118 71 5
      vertex 117 72 5
    endloop
  endfacet
  facet normal 0 0 1
    outer loop
      vertex 117 72 5
      vertex 118 71 5
      vertex 130 72 5
    endloop
  endfacet
  facet normal 0 0 1
    outer loop
      vertex 129 60 5
      vertex 130 72 5
      vertex 129 71 5
    endloop
  endfacet
  facet normal 0 0 1
    outer loop
      vertex 118 71 5
      vertex 129 71 5
      vertex 130 72 5
    endloop
  endfacet
  facet normal 1 0 0
    outer loop
      vertex 130 38 5
      vertex 130 25 0.4
      vertex 130 38 0.4
    endloop
  endfacet
  facet normal 1 0 0
    outer loop
      vertex 130 25 5
      vertex 130 25 0.4
      vertex 130 38 5
    endloop
  endfacet
  facet normal 0 0 1
    outer loop
      vertex 117 25 5
      vertex 118 26 5
      vertex 118 37 5
    endloop
  endfacet
  facet normal 0 0 1
    outer loop
      vertex 117 25 5
      vertex 129 26 5
      vertex 118 26 5
    endloop
  endfacet
  facet normal 0 0 1
    outer loop
      vertex 117 25 5
      vertex 130 25 5
      vertex 129 26 5
    endloop
  endfacet
  facet normal 0 0 1
    outer loop
      vertex 129 26 5
      vertex 130 25 5
      vertex 130 38 5
    endloop
  endfacet
  facet normal -1 0 0
    outer loop
      vertex 117 25 5
      vertex 117 38 0.4
      vertex 117 25 0.4
    endloop
  endfacet
  facet normal 0 -1 0
    outer loop
      vertex 130 25 5
      vertex 117 25 0.4
      vertex 130 25 0.4
    endloop
  endfacet
  facet normal 0 1 0
    outer loop
      vertex 117 38 5
      vertex 130 38 0.4
      vertex 117 38 0.4
    endloop
  endfacet
  facet normal 0 -1 0
    outer loop
      vertex 117 25 5
      vertex 117 25 0.4
      vertex 130 25 5
    endloop
  endfacet
  facet normal -1 0 0
    outer loop
      vertex 117 25 5
      vertex 117 38 5
      vertex 117 38 0.4
    endloop
  endfacet
  facet normal 0 1 0
    outer loop
      vertex 117 38 5
      vertex 130 38 5
      vertex 130 38 0.4
    endloop
  endfacet
  facet normal 0 0 1
    outer loop
      vertex 117 25 5
      vertex 118 37 5
      vertex 117 38 5
    endloop
  endfacet
  facet normal 0 0 1
    outer loop
      vertex 118 37 5
      vertex 130 38 5
      vertex 117 38 5
    endloop
  endfacet
  facet normal 0 0 1
    outer loop
      vertex 129 26 5
      vertex 130 38 5
      vertex 129 37 5
    endloop
  endfacet
  facet normal 0 0 1
    outer loop
      vertex 118 37 5
      vertex 129 37 5
      vertex 130 38 5
    endloop
  endfacet
  facet normal 1 0 0
    outer loop
      vertex 130 55 5
      vertex 130 42 0.4
      vertex 130 55 0.4
    endloop
  endfacet
  facet normal 1 0 0
    outer loop
      vertex 130 42 5
      vertex 130 42 0.4
      vertex 130 55 5
    endloop
  endfacet
  facet normal 0 0 1
    outer loop
      vertex 117 42 5
      vertex 118 43 5
      vertex 118 54 5
    endloop
  endfacet
  facet normal 0 0 1
    outer loop
      vertex 117 42 5
      vertex 129 43 5
      vertex 118 43 5
    endloop
  endfacet
  facet normal 0 0 1
    outer loop
      vertex 117 42 5
      vertex 130 42 5
      vertex 129 43 5
    endloop
  endfacet
  facet normal 0 0 1
    outer loop
      vertex 129 43 5
      vertex 130 42 5
      vertex 130 55 5
    endloop
  endfacet
  facet normal -1 0 0
    outer loop
      vertex 117 42 5
      vertex 117 55 0.4
      vertex 117 42 0.4
    endloop
  endfacet
  facet normal 0 -1 0
    outer loop
      vertex 130 42 5
      vertex 117 42 0.4
      vertex 130 42 0.4
    endloop
  endfacet
  facet normal 0 1 0
    outer loop
      vertex 117 55 5
      vertex 130 55 0.4
      vertex 117 55 0.4
    endloop
  endfacet
  facet normal 0 -1 0
    outer loop
      vertex 117 42 5
      vertex 117 42 0.4
      vertex 130 42 5
    endloop
  endfacet
  facet normal -1 0 0
    outer loop
      vertex 117 42 5
      vertex 117 55 5
      vertex 117 55 0.4
    endloop
  endfacet
  facet normal 0 1 0
    outer loop
      vertex 117 55 5
      vertex 130 55 5
      vertex 130 55 0.4
    endloop
  endfacet
  facet normal 0 0 1
    outer loop
      vertex 117 42 5
      vertex 118 54 5
      vertex 117 55 5
    endloop
  endfacet
  facet normal 0 0 1
    outer loop
      vertex 118 54 5
      vertex 130 55 5
      vertex 117 55 5
    endloop
  endfacet
  facet normal 0 0 1
    outer loop
      vertex 129 43 5
      vertex 130 55 5
      vertex 129 54 5
    endloop
  endfacet
  facet normal 0 0 1
    outer loop
      vertex 118 54 5
      vertex 129 54 5
      vertex 130 55 5
    endloop
  endfacet
  facet normal 1 0 0
    outer loop
      vertex 113 123 5
      vertex 113 110 0.4
      vertex 113 123 0.4
    endloop
  endfacet
  facet normal 1 0 0
    outer loop
      vertex 113 110 5
      vertex 113 110 0.4
      vertex 113 123 5
    endloop
  endfacet
  facet normal 0 0 1
    outer loop
      vertex 100 110 5
      vertex 112 111 5
      vertex 101 111 5
    endloop
  endfacet
  facet normal 0 0 1
    outer loop
      vertex 100 110 5
      vertex 113 110 5
      vertex 112 111 5
    endloop
  endfacet
  facet normal 0 0 1
    outer loop
      vertex 100 110 5
      vertex 101 111 5
      vertex 101 122 5
    endloop
  endfacet
  facet normal 0 0 1
    outer loop
      vertex 113 110 5
      vertex 113 123 5
      vertex 112 111 5
    endloop
  endfacet
  facet normal 0 -1 0
    outer loop
      vertex 113 110 5
      vertex 100 110 0.4
      vertex 113 110 0.4
    endloop
  endfacet
  facet normal -1 0 0
    outer loop
      vertex 100 110 5
      vertex 100 123 0.4
      vertex 100 110 0.4
    endloop
  endfacet
  facet normal 0 1 0
    outer loop
      vertex 100 123 5
      vertex 113 123 0.4
      vertex 100 123 0.4
    endloop
  endfacet
  facet normal 0 -1 0
    outer loop
      vertex 100 110 5
      vertex 100 110 0.4
      vertex 113 110 5
    endloop
  endfacet
  facet normal -1 0 0
    outer loop
      vertex 100 110 5
      vertex 100 123 5
      vertex 100 123 0.4
    endloop
  endfacet
  facet normal 0 1 0
    outer loop
      vertex 100 123 5
      vertex 113 123 5
      vertex 113 123 0.4
    endloop
  endfacet
  facet normal 0 0 1
    outer loop
      vertex 100 110 5
      vertex 101 122 5
      vertex 100 123 5
    endloop
  endfacet
  facet normal 0 0 1
    outer loop
      vertex 112 111 5
      vertex 113 123 5
      vertex 112 122 5
    endloop
  endfacet
  facet normal 0 0 1
    outer loop
      vertex 100 123 5
      vertex 101 122 5
      vertex 113 123 5
    endloop
  endfacet
  facet normal 0 0 1
    outer loop
      vertex 101 122 5
      vertex 112 122 5
      vertex 113 123 5
    endloop
  endfacet
  facet normal 1 0 0
    outer loop
      vertex 113 106 5
      vertex 113 93 0.4
      vertex 113 106 0.4
    endloop
  endfacet
  facet normal 1 0 0
    outer loop
      vertex 113 93 5
      vertex 113 93 0.4
      vertex 113 106 5
    endloop
  endfacet
  facet normal 0 0 1
    outer loop
      vertex 100 93 5
      vertex 101 94 5
      vertex 101 105 5
    endloop
  endfacet
  facet normal 0 0 1
    outer loop
      vertex 100 93 5
      vertex 112 94 5
      vertex 101 94 5
    endloop
  endfacet
  facet normal 0 0 1
    outer loop
      vertex 100 93 5
      vertex 113 93 5
      vertex 112 94 5
    endloop
  endfacet
  facet normal 0 0 1
    outer loop
      vertex 113 93 5
      vertex 113 106 5
      vertex 112 94 5
    endloop
  endfacet
  facet normal -1 0 0
    outer loop
      vertex 100 93 5
      vertex 100 106 0.4
      vertex 100 93 0.4
    endloop
  endfacet
  facet normal 0 -1 0
    outer loop
      vertex 113 93 5
      vertex 100 93 0.4
      vertex 113 93 0.4
    endloop
  endfacet
  facet normal 0 1 0
    outer loop
      vertex 100 106 5
      vertex 113 106 0.4
      vertex 100 106 0.4
    endloop
  endfacet
  facet normal 0 -1 0
    outer loop
      vertex 100 93 5
      vertex 100 93 0.4
      vertex 113 93 5
    endloop
  endfacet
  facet normal -1 0 0
    outer loop
      vertex 100 93 5
      vertex 100 106 5
      vertex 100 106 0.4
    endloop
  endfacet
  facet normal 0 1 0
    outer loop
      vertex 100 106 5
      vertex 113 106 5
      vertex 113 106 0.4
    endloop
  endfacet
  facet normal 0 0 1
    outer loop
      vertex 100 93 5
      vertex 101 105 5
      vertex 100 106 5
    endloop
  endfacet
  facet normal 0 0 1
    outer loop
      vertex 101 105 5
      vertex 112 105 5
      vertex 113 106 5
    endloop
  endfacet
  facet normal 0 0 1
    outer loop
      vertex 112 94 5
      vertex 113 106 5
      vertex 112 105 5
    endloop
  endfacet
  facet normal 0 0 1
    outer loop
      vertex 100 106 5
      vertex 101 105 5
      vertex 113 106 5
    endloop
  endfacet
  facet normal 1 0 0
    outer loop
      vertex 113 89 5
      vertex 113 76 0.4
      vertex 113 89 0.4
    endloop
  endfacet
  facet normal 1 0 0
    outer loop
      vertex 113 76 5
      vertex 113 76 0.4
      vertex 113 89 5
    endloop
  endfacet
  facet normal 0 0 1
    outer loop
      vertex 100 76 5
      vertex 101 77 5
      vertex 101 88 5
    endloop
  endfacet
  facet normal 0 0 1
    outer loop
      vertex 100 76 5
      vertex 112 77 5
      vertex 101 77 5
    endloop
  endfacet
  facet normal 0 0 1
    outer loop
      vertex 100 76 5
      vertex 113 76 5
      vertex 112 77 5
    endloop
  endfacet
  facet normal 0 0 1
    outer loop
      vertex 112 77 5
      vertex 113 76 5
      vertex 113 89 5
    endloop
  endfacet
  facet normal -1 0 0
    outer loop
      vertex 100 76 5
      vertex 100 89 0.4
      vertex 100 76 0.4
    endloop
  endfacet
  facet normal 0 -1 0
    outer loop
      vertex 113 76 5
      vertex 100 76 0.4
      vertex 113 76 0.4
    endloop
  endfacet
  facet normal 0 1 0
    outer loop
      vertex 100 89 5
      vertex 113 89 0.4
      vertex 100 89 0.4
    endloop
  endfacet
  facet normal 0 -1 0
    outer loop
      vertex 100 76 5
      vertex 100 76 0.4
      vertex 113 76 5
    endloop
  endfacet
  facet normal -1 0 0
    outer loop
      vertex 100 76 5
      vertex 100 89 5
      vertex 100 89 0.4
    endloop
  endfacet
  facet normal 0 1 0
    outer loop
      vertex 100 89 5
      vertex 113 89 5
      vertex 113 89 0.4
    endloop
  endfacet
  facet normal 0 0 1
    outer loop
      vertex 100 76 5
      vertex 101 88 5
      vertex 100 89 5
    endloop
  endfacet
  facet normal 0 0 1
    outer loop
      vertex 100 89 5
      vertex 101 88 5
      vertex 113 89 5
    endloop
  endfacet
  facet normal 0 0 1
    outer loop
      vertex 112 77 5
      vertex 113 89 5
      vertex 112 88 5
    endloop
  endfacet
  facet normal 0 0 1
    outer loop
      vertex 101 88 5
      vertex 112 88 5
      vertex 113 89 5
    endloop
  endfacet
  facet normal 1 0 0
    outer loop
      vertex 113 59 5
      vertex 113 59 0.4
      vertex 113 72 5
    endloop
  endfacet
  facet normal 0 0 1
    outer loop
      vertex 100 59 5
      vertex 101 60 5
      vertex 101 71 5
    endloop
  endfacet
  facet normal 0 0 1
    outer loop
      vertex 100 59 5
      vertex 112 60 5
      vertex 101 60 5
    endloop
  endfacet
  facet normal 0 0 1
    outer loop
      vertex 100 59 5
      vertex 113 59 5
      vertex 112 60 5
    endloop
  endfacet
  facet normal 0 0 1
    outer loop
      vertex 112 60 5
      vertex 113 59 5
      vertex 113 72 5
    endloop
  endfacet
  facet normal 1 0 0
    outer loop
      vertex 113 72 5
      vertex 113 59 0.4
      vertex 113 72 0.4
    endloop
  endfacet
  facet normal -1 0 0
    outer loop
      vertex 100 59 5
      vertex 100 72 0.4
      vertex 100 59 0.4
    endloop
  endfacet
  facet normal 0 -1 0
    outer loop
      vertex 113 59 5
      vertex 100 59 0.4
      vertex 113 59 0.4
    endloop
  endfacet
  facet normal 0 -1 0
    outer loop
      vertex 100 59 5
      vertex 100 59 0.4
      vertex 113 59 5
    endloop
  endfacet
  facet normal 0 1 0
    outer loop
      vertex 100 72 5
      vertex 113 72 0.4
      vertex 100 72 0.4
    endloop
  endfacet
  facet normal -1 0 0
    outer loop
      vertex 100 59 5
      vertex 100 72 5
      vertex 100 72 0.4
    endloop
  endfacet
  facet normal 0 1 0
    outer loop
      vertex 100 72 5
      vertex 113 72 5
      vertex 113 72 0.4
    endloop
  endfacet
  facet normal 0 0 1
    outer loop
      vertex 100 59 5
      vertex 101 71 5
      vertex 100 72 5
    endloop
  endfacet
  facet normal 0 0 1
    outer loop
      vertex 100 72 5
      vertex 101 71 5
      vertex 113 72 5
    endloop
  endfacet
  facet normal 0 0 1
    outer loop
      vertex 112 60 5
      vertex 113 72 5
      vertex 112 71 5
    endloop
  endfacet
  facet normal 0 0 1
    outer loop
      vertex 101 71 5
      vertex 112 71 5
      vertex 113 72 5
    endloop
  endfacet
  facet normal 1 0 0
    outer loop
      vertex 113 38 5
      vertex 113 25 0.4
      vertex 113 38 0.4
    endloop
  endfacet
  facet normal 1 0 0
    outer loop
      vertex 113 25 5
      vertex 113 25 0.4
      vertex 113 38 5
    endloop
  endfacet
  facet normal 0 0 1
    outer loop
      vertex 100 25 5
      vertex 101 26 5
      vertex 101 37 5
    endloop
  endfacet
  facet normal 0 0 1
    outer loop
      vertex 100 25 5
      vertex 112 26 5
      vertex 101 26 5
    endloop
  endfacet
  facet normal 0 0 1
    outer loop
      vertex 100 25 5
      vertex 113 25 5
      vertex 112 26 5
    endloop
  endfacet
  facet normal 0 0 1
    outer loop
      vertex 112 26 5
      vertex 113 25 5
      vertex 113 38 5
    endloop
  endfacet
  facet normal -1 0 0
    outer loop
      vertex 100 25 5
      vertex 100 38 0.4
      vertex 100 25 0.4
    endloop
  endfacet
  facet normal 0 -1 0
    outer loop
      vertex 113 25 5
      vertex 100 25 0.4
      vertex 113 25 0.4
    endloop
  endfacet
  facet normal 0 1 0
    outer loop
      vertex 100 38 5
      vertex 113 38 0.4
      vertex 100 38 0.4
    endloop
  endfacet
  facet normal 0 -1 0
    outer loop
      vertex 100 25 5
      vertex 100 25 0.4
      vertex 113 25 5
    endloop
  endfacet
  facet normal -1 0 0
    outer loop
      vertex 100 25 5
      vertex 100 38 5
      vertex 100 38 0.4
    endloop
  endfacet
  facet normal 0 1 0
    outer loop
      vertex 100 38 5
      vertex 113 38 5
      vertex 113 38 0.4
    endloop
  endfacet
  facet normal 0 0 1
    outer loop
      vertex 100 25 5
      vertex 101 37 5
      vertex 100 38 5
    endloop
  endfacet
  facet normal 0 0 1
    outer loop
      vertex 101 37 5
      vertex 113 38 5
      vertex 100 38 5
    endloop
  endfacet
  facet normal 0 0 1
    outer loop
      vertex 112 26 5
      vertex 113 38 5
      vertex 112 37 5
    endloop
  endfacet
  facet normal 0 0 1
    outer loop
      vertex 101 37 5
      vertex 112 37 5
      vertex 113 38 5
    endloop
  endfacet
  facet normal 1 0 0
    outer loop
      vertex 113 55 5
      vertex 113 42 0.4
      vertex 113 55 0.4
    endloop
  endfacet
  facet normal 1 0 0
    outer loop
      vertex 113 42 5
      vertex 113 42 0.4
      vertex 113 55 5
    endloop
  endfacet
  facet normal 0 0 1
    outer loop
      vertex 100 42 5
      vertex 101 43 5
      vertex 101 54 5
    endloop
  endfacet
  facet normal 0 0 1
    outer loop
      vertex 100 42 5
      vertex 112 43 5
      vertex 101 43 5
    endloop
  endfacet
  facet normal 0 0 1
    outer loop
      vertex 100 42 5
      vertex 113 42 5
      vertex 112 43 5
    endloop
  endfacet
  facet normal 0 0 1
    outer loop
      vertex 112 43 5
      vertex 113 42 5
      vertex 113 55 5
    endloop
  endfacet
  facet normal -1 0 0
    outer loop
      vertex 100 42 5
      vertex 100 55 0.4
      vertex 100 42 0.4
    endloop
  endfacet
  facet normal 0 -1 0
    outer loop
      vertex 113 42 5
      vertex 100 42 0.4
      vertex 113 42 0.4
    endloop
  endfacet
  facet normal 0 1 0
    outer loop
      vertex 100 55 5
      vertex 113 55 0.4
      vertex 100 55 0.4
    endloop
  endfacet
  facet normal 0 -1 0
    outer loop
      vertex 100 42 5
      vertex 100 42 0.4
      vertex 113 42 5
    endloop
  endfacet
  facet normal -1 0 0
    outer loop
      vertex 100 42 5
      vertex 100 55 5
      vertex 100 55 0.4
    endloop
  endfacet
  facet normal 0 1 0
    outer loop
      vertex 100 55 5
      vertex 113 55 5
      vertex 113 55 0.4
    endloop
  endfacet
  facet normal 0 0 1
    outer loop
      vertex 100 42 5
      vertex 101 54 5
      vertex 100 55 5
    endloop
  endfacet
  facet normal 0 0 1
    outer loop
      vertex 100 55 5
      vertex 101 54 5
      vertex 113 55 5
    endloop
  endfacet
  facet normal 0 0 1
    outer loop
      vertex 112 43 5
      vertex 113 55 5
      vertex 112 54 5
    endloop
  endfacet
  facet normal 0 0 1
    outer loop
      vertex 101 54 5
      vertex 112 54 5
      vertex 113 55 5
    endloop
  endfacet
  facet normal 0 0 1
    outer loop
      vertex 83 110 5
      vertex 95 111 5
      vertex 84 111 5
    endloop
  endfacet
  facet normal 0 0 1
    outer loop
      vertex 83 110 5
      vertex 84 111 5
      vertex 84 122 5
    endloop
  endfacet
  facet normal 1 0 0
    outer loop
      vertex 96 123 5
      vertex 96 110 0.4
      vertex 96 123 0.4
    endloop
  endfacet
  facet normal 1 0 0
    outer loop
      vertex 96 110 5
      vertex 96 110 0.4
      vertex 96 123 5
    endloop
  endfacet
  facet normal 0 0 1
    outer loop
      vertex 83 110 5
      vertex 96 110 5
      vertex 95 111 5
    endloop
  endfacet
  facet normal 0 0 1
    outer loop
      vertex 96 110 5
      vertex 96 123 5
      vertex 95 111 5
    endloop
  endfacet
  facet normal -1 0 0
    outer loop
      vertex 83 110 5
      vertex 83 123 0.4
      vertex 83 110 0.4
    endloop
  endfacet
  facet normal 0 1 0
    outer loop
      vertex 83 123 5
      vertex 96 123 0.4
      vertex 83 123 0.4
    endloop
  endfacet
  facet normal 0 -1 0
    outer loop
      vertex 83 110 5
      vertex 83 110 0.4
      vertex 96 110 5
    endloop
  endfacet
  facet normal -1 0 0
    outer loop
      vertex 83 110 5
      vertex 83 123 5
      vertex 83 123 0.4
    endloop
  endfacet
  facet normal 0 0 1
    outer loop
      vertex 83 110 5
      vertex 84 122 5
      vertex 83 123 5
    endloop
  endfacet
  facet normal 0 0 1
    outer loop
      vertex 83 123 5
      vertex 84 122 5
      vertex 96 123 5
    endloop
  endfacet
  facet normal 0 -1 0
    outer loop
      vertex 96 110 5
      vertex 83 110 0.4
      vertex 96 110 0.4
    endloop
  endfacet
  facet normal 0 1 0
    outer loop
      vertex 83 123 5
      vertex 96 123 5
      vertex 96 123 0.4
    endloop
  endfacet
  facet normal 0 0 1
    outer loop
      vertex 95 111 5
      vertex 96 123 5
      vertex 95 122 5
    endloop
  endfacet
  facet normal 0 0 1
    outer loop
      vertex 84 122 5
      vertex 95 122 5
      vertex 96 123 5
    endloop
  endfacet
  facet normal 0 0 1
    outer loop
      vertex 83 93 5
      vertex 84 94 5
      vertex 84 105 5
    endloop
  endfacet
  facet normal 0 0 1
    outer loop
      vertex 83 93 5
      vertex 95 94 5
      vertex 84 94 5
    endloop
  endfacet
  facet normal 1 0 0
    outer loop
      vertex 96 106 5
      vertex 96 93 0.4
      vertex 96 106 0.4
    endloop
  endfacet
  facet normal 1 0 0
    outer loop
      vertex 96 93 5
      vertex 96 93 0.4
      vertex 96 106 5
    endloop
  endfacet
  facet normal 0 0 1
    outer loop
      vertex 83 93 5
      vertex 96 93 5
      vertex 95 94 5
    endloop
  endfacet
  facet normal 0 0 1
    outer loop
      vertex 95 94 5
      vertex 96 93 5
      vertex 96 106 5
    endloop
  endfacet
  facet normal -1 0 0
    outer loop
      vertex 83 93 5
      vertex 83 106 0.4
      vertex 83 93 0.4
    endloop
  endfacet
  facet normal 0 1 0
    outer loop
      vertex 83 106 5
      vertex 96 106 0.4
      vertex 83 106 0.4
    endloop
  endfacet
  facet normal 0 -1 0
    outer loop
      vertex 83 93 5
      vertex 83 93 0.4
      vertex 96 93 5
    endloop
  endfacet
  facet normal -1 0 0
    outer loop
      vertex 83 93 5
      vertex 83 106 5
      vertex 83 106 0.4
    endloop
  endfacet
  facet normal 0 0 1
    outer loop
      vertex 83 93 5
      vertex 84 105 5
      vertex 83 106 5
    endloop
  endfacet
  facet normal 0 0 1
    outer loop
      vertex 83 106 5
      vertex 84 105 5
      vertex 96 106 5
    endloop
  endfacet
  facet normal 0 -1 0
    outer loop
      vertex 96 93 5
      vertex 83 93 0.4
      vertex 96 93 0.4
    endloop
  endfacet
  facet normal 0 1 0
    outer loop
      vertex 83 106 5
      vertex 96 106 5
      vertex 96 106 0.4
    endloop
  endfacet
  facet normal 0 0 1
    outer loop
      vertex 84 105 5
      vertex 95 105 5
      vertex 96 106 5
    endloop
  endfacet
  facet normal 0 0 1
    outer loop
      vertex 95 94 5
      vertex 96 106 5
      vertex 95 105 5
    endloop
  endfacet
  facet normal 0 0 1
    outer loop
      vertex 83 76 5
      vertex 84 77 5
      vertex 84 88 5
    endloop
  endfacet
  facet normal 0 0 1
    outer loop
      vertex 83 76 5
      vertex 95 77 5
      vertex 84 77 5
    endloop
  endfacet
  facet normal 1 0 0
    outer loop
      vertex 96 89 5
      vertex 96 76 0.4
      vertex 96 89 0.4
    endloop
  endfacet
  facet normal 1 0 0
    outer loop
      vertex 96 76 5
      vertex 96 76 0.4
      vertex 96 89 5
    endloop
  endfacet
  facet normal 0 0 1
    outer loop
      vertex 83 76 5
      vertex 96 76 5
      vertex 95 77 5
    endloop
  endfacet
  facet normal 0 0 1
    outer loop
      vertex 95 77 5
      vertex 96 76 5
      vertex 96 89 5
    endloop
  endfacet
  facet normal -1 0 0
    outer loop
      vertex 83 76 5
      vertex 83 89 0.4
      vertex 83 76 0.4
    endloop
  endfacet
  facet normal 0 1 0
    outer loop
      vertex 83 89 5
      vertex 96 89 0.4
      vertex 83 89 0.4
    endloop
  endfacet
  facet normal 0 -1 0
    outer loop
      vertex 83 76 5
      vertex 83 76 0.4
      vertex 96 76 5
    endloop
  endfacet
  facet normal -1 0 0
    outer loop
      vertex 83 76 5
      vertex 83 89 5
      vertex 83 89 0.4
    endloop
  endfacet
  facet normal 0 0 1
    outer loop
      vertex 83 76 5
      vertex 84 88 5
      vertex 83 89 5
    endloop
  endfacet
  facet normal 0 0 1
    outer loop
      vertex 83 89 5
      vertex 84 88 5
      vertex 96 89 5
    endloop
  endfacet
  facet normal 0 -1 0
    outer loop
      vertex 96 76 5
      vertex 83 76 0.4
      vertex 96 76 0.4
    endloop
  endfacet
  facet normal 0 1 0
    outer loop
      vertex 83 89 5
      vertex 96 89 5
      vertex 96 89 0.4
    endloop
  endfacet
  facet normal 0 0 1
    outer loop
      vertex 95 77 5
      vertex 96 89 5
      vertex 95 88 5
    endloop
  endfacet
  facet normal 0 0 1
    outer loop
      vertex 84 88 5
      vertex 95 88 5
      vertex 96 89 5
    endloop
  endfacet
  facet normal 0 0 1
    outer loop
      vertex 83 59 5
      vertex 84 60 5
      vertex 84 71 5
    endloop
  endfacet
  facet normal 0 0 1
    outer loop
      vertex 83 59 5
      vertex 95 60 5
      vertex 84 60 5
    endloop
  endfacet
  facet normal 1 0 0
    outer loop
      vertex 96 59 5
      vertex 96 59 0.4
      vertex 96 72 5
    endloop
  endfacet
  facet normal 0 0 1
    outer loop
      vertex 83 59 5
      vertex 96 59 5
      vertex 95 60 5
    endloop
  endfacet
  facet normal 0 0 1
    outer loop
      vertex 95 60 5
      vertex 96 59 5
      vertex 96 72 5
    endloop
  endfacet
  facet normal 1 0 0
    outer loop
      vertex 96 72 5
      vertex 96 59 0.4
      vertex 96 72 0.4
    endloop
  endfacet
  facet normal -1 0 0
    outer loop
      vertex 83 59 5
      vertex 83 72 0.4
      vertex 83 59 0.4
    endloop
  endfacet
  facet normal 0 -1 0
    outer loop
      vertex 83 59 5
      vertex 83 59 0.4
      vertex 96 59 5
    endloop
  endfacet
  facet normal 0 1 0
    outer loop
      vertex 83 72 5
      vertex 96 72 0.4
      vertex 83 72 0.4
    endloop
  endfacet
  facet normal -1 0 0
    outer loop
      vertex 83 59 5
      vertex 83 72 5
      vertex 83 72 0.4
    endloop
  endfacet
  facet normal 0 0 1
    outer loop
      vertex 83 59 5
      vertex 84 71 5
      vertex 83 72 5
    endloop
  endfacet
  facet normal 0 0 1
    outer loop
      vertex 83 72 5
      vertex 84 71 5
      vertex 96 72 5
    endloop
  endfacet
  facet normal 0 -1 0
    outer loop
      vertex 96 59 5
      vertex 83 59 0.4
      vertex 96 59 0.4
    endloop
  endfacet
  facet normal 0 1 0
    outer loop
      vertex 83 72 5
      vertex 96 72 5
      vertex 96 72 0.4
    endloop
  endfacet
  facet normal 0 0 1
    outer loop
      vertex 95 60 5
      vertex 96 72 5
      vertex 95 71 5
    endloop
  endfacet
  facet normal 0 0 1
    outer loop
      vertex 84 71 5
      vertex 95 71 5
      vertex 96 72 5
    endloop
  endfacet
  facet normal 0 0 1
    outer loop
      vertex 83 25 5
      vertex 84 26 5
      vertex 84 37 5
    endloop
  endfacet
  facet normal 0 0 1
    outer loop
      vertex 83 25 5
      vertex 95 26 5
      vertex 84 26 5
    endloop
  endfacet
  facet normal 1 0 0
    outer loop
      vertex 96 38 5
      vertex 96 25 0.4
      vertex 96 38 0.4
    endloop
  endfacet
  facet normal 1 0 0
    outer loop
      vertex 96 25 5
      vertex 96 25 0.4
      vertex 96 38 5
    endloop
  endfacet
  facet normal 0 0 1
    outer loop
      vertex 83 25 5
      vertex 96 25 5
      vertex 95 26 5
    endloop
  endfacet
  facet normal 0 0 1
    outer loop
      vertex 95 26 5
      vertex 96 25 5
      vertex 96 38 5
    endloop
  endfacet
  facet normal -1 0 0
    outer loop
      vertex 83 25 5
      vertex 83 38 0.4
      vertex 83 25 0.4
    endloop
  endfacet
  facet normal 0 1 0
    outer loop
      vertex 83 38 5
      vertex 96 38 0.4
      vertex 83 38 0.4
    endloop
  endfacet
  facet normal 0 -1 0
    outer loop
      vertex 83 25 5
      vertex 83 25 0.4
      vertex 96 25 5
    endloop
  endfacet
  facet normal -1 0 0
    outer loop
      vertex 83 25 5
      vertex 83 38 5
      vertex 83 38 0.4
    endloop
  endfacet
  facet normal 0 0 1
    outer loop
      vertex 83 25 5
      vertex 84 37 5
      vertex 83 38 5
    endloop
  endfacet
  facet normal 0 0 1
    outer loop
      vertex 84 37 5
      vertex 96 38 5
      vertex 83 38 5
    endloop
  endfacet
  facet normal 0 -1 0
    outer loop
      vertex 96 25 5
      vertex 83 25 0.4
      vertex 96 25 0.4
    endloop
  endfacet
  facet normal 0 1 0
    outer loop
      vertex 83 38 5
      vertex 96 38 5
      vertex 96 38 0.4
    endloop
  endfacet
  facet normal 0 0 1
    outer loop
      vertex 95 26 5
      vertex 96 38 5
      vertex 95 37 5
    endloop
  endfacet
  facet normal 0 0 1
    outer loop
      vertex 84 37 5
      vertex 95 37 5
      vertex 96 38 5
    endloop
  endfacet
  facet normal 0 0 1
    outer loop
      vertex 83 42 5
      vertex 84 43 5
      vertex 84 54 5
    endloop
  endfacet
  facet normal 0 0 1
    outer loop
      vertex 83 42 5
      vertex 95 43 5
      vertex 84 43 5
    endloop
  endfacet
  facet normal 1 0 0
    outer loop
      vertex 96 55 5
      vertex 96 42 0.4
      vertex 96 55 0.4
    endloop
  endfacet
  facet normal 1 0 0
    outer loop
      vertex 96 42 5
      vertex 96 42 0.4
      vertex 96 55 5
    endloop
  endfacet
  facet normal 0 0 1
    outer loop
      vertex 83 42 5
      vertex 96 42 5
      vertex 95 43 5
    endloop
  endfacet
  facet normal 0 0 1
    outer loop
      vertex 95 43 5
      vertex 96 42 5
      vertex 96 55 5
    endloop
  endfacet
  facet normal -1 0 0
    outer loop
      vertex 83 42 5
      vertex 83 55 0.4
      vertex 83 42 0.4
    endloop
  endfacet
  facet normal 0 1 0
    outer loop
      vertex 83 55 5
      vertex 96 55 0.4
      vertex 83 55 0.4
    endloop
  endfacet
  facet normal 0 -1 0
    outer loop
      vertex 83 42 5
      vertex 83 42 0.4
      vertex 96 42 5
    endloop
  endfacet
  facet normal -1 0 0
    outer loop
      vertex 83 42 5
      vertex 83 55 5
      vertex 83 55 0.4
    endloop
  endfacet
  facet normal 0 0 1
    outer loop
      vertex 83 42 5
      vertex 84 54 5
      vertex 83 55 5
    endloop
  endfacet
  facet normal 0 0 1
    outer loop
      vertex 84 54 5
      vertex 96 55 5
      vertex 83 55 5
    endloop
  endfacet
  facet normal 0 -1 0
    outer loop
      vertex 96 42 5
      vertex 83 42 0.4
      vertex 96 42 0.4
    endloop
  endfacet
  facet normal 0 1 0
    outer loop
      vertex 83 55 5
      vertex 96 55 5
      vertex 96 55 0.4
    endloop
  endfacet
  facet normal 0 0 1
    outer loop
      vertex 95 43 5
      vertex 96 55 5
      vertex 95 54 5
    endloop
  endfacet
  facet normal 0 0 1
    outer loop
      vertex 84 54 5
      vertex 95 54 5
      vertex 96 55 5
    endloop
  endfacet
  facet normal 1 0 0
    outer loop
      vertex 79 123 5
      vertex 79 110 0.4
      vertex 79 123 0.4
    endloop
  endfacet
  facet normal 1 0 0
    outer loop
      vertex 79 110 5
      vertex 79 110 0.4
      vertex 79 123 5
    endloop
  endfacet
  facet normal 0 0 1
    outer loop
      vertex 66 110 5
      vertex 67 111 5
      vertex 67 122 5
    endloop
  endfacet
  facet normal 0 0 1
    outer loop
      vertex 66 110 5
      vertex 78 111 5
      vertex 67 111 5
    endloop
  endfacet
  facet normal 0 0 1
    outer loop
      vertex 66 110 5
      vertex 79 110 5
      vertex 78 111 5
    endloop
  endfacet
  facet normal 0 0 1
    outer loop
      vertex 79 110 5
      vertex 79 123 5
      vertex 78 111 5
    endloop
  endfacet
  facet normal -1 0 0
    outer loop
      vertex 66 110 5
      vertex 66 123 0.4
      vertex 66 110 0.4
    endloop
  endfacet
  facet normal 0 -1 0
    outer loop
      vertex 79 110 5
      vertex 66 110 0.4
      vertex 79 110 0.4
    endloop
  endfacet
  facet normal 0 1 0
    outer loop
      vertex 66 123 5
      vertex 79 123 0.4
      vertex 66 123 0.4
    endloop
  endfacet
  facet normal -1 0 0
    outer loop
      vertex 66 110 5
      vertex 66 123 5
      vertex 66 123 0.4
    endloop
  endfacet
  facet normal 0 -1 0
    outer loop
      vertex 66 110 5
      vertex 66 110 0.4
      vertex 79 110 5
    endloop
  endfacet
  facet normal 0 1 0
    outer loop
      vertex 66 123 5
      vertex 79 123 5
      vertex 79 123 0.4
    endloop
  endfacet
  facet normal 0 0 1
    outer loop
      vertex 66 110 5
      vertex 67 122 5
      vertex 66 123 5
    endloop
  endfacet
  facet normal 0 0 1
    outer loop
      vertex 78 111 5
      vertex 79 123 5
      vertex 78 122 5
    endloop
  endfacet
  facet normal 0 0 1
    outer loop
      vertex 66 123 5
      vertex 67 122 5
      vertex 79 123 5
    endloop
  endfacet
  facet normal 0 0 1
    outer loop
      vertex 67 122 5
      vertex 78 122 5
      vertex 79 123 5
    endloop
  endfacet
  facet normal 1 0 0
    outer loop
      vertex 79 106 5
      vertex 79 93 0.4
      vertex 79 106 0.4
    endloop
  endfacet
  facet normal 1 0 0
    outer loop
      vertex 79 93 5
      vertex 79 93 0.4
      vertex 79 106 5
    endloop
  endfacet
  facet normal 0 0 1
    outer loop
      vertex 66 93 5
      vertex 67 94 5
      vertex 67 105 5
    endloop
  endfacet
  facet normal 0 0 1
    outer loop
      vertex 66 93 5
      vertex 78 94 5
      vertex 67 94 5
    endloop
  endfacet
  facet normal 0 0 1
    outer loop
      vertex 66 93 5
      vertex 79 93 5
      vertex 78 94 5
    endloop
  endfacet
  facet normal 0 0 1
    outer loop
      vertex 79 93 5
      vertex 79 106 5
      vertex 78 94 5
    endloop
  endfacet
  facet normal -1 0 0
    outer loop
      vertex 66 93 5
      vertex 66 106 0.4
      vertex 66 93 0.4
    endloop
  endfacet
  facet normal 0 -1 0
    outer loop
      vertex 79 93 5
      vertex 66 93 0.4
      vertex 79 93 0.4
    endloop
  endfacet
  facet normal 0 1 0
    outer loop
      vertex 66 106 5
      vertex 79 106 0.4
      vertex 66 106 0.4
    endloop
  endfacet
  facet normal 0 -1 0
    outer loop
      vertex 66 93 5
      vertex 66 93 0.4
      vertex 79 93 5
    endloop
  endfacet
  facet normal -1 0 0
    outer loop
      vertex 66 93 5
      vertex 66 106 5
      vertex 66 106 0.4
    endloop
  endfacet
  facet normal 0 1 0
    outer loop
      vertex 66 106 5
      vertex 79 106 5
      vertex 79 106 0.4
    endloop
  endfacet
  facet normal 0 0 1
    outer loop
      vertex 66 93 5
      vertex 67 105 5
      vertex 66 106 5
    endloop
  endfacet
  facet normal 0 0 1
    outer loop
      vertex 67 105 5
      vertex 78 105 5
      vertex 79 106 5
    endloop
  endfacet
  facet normal 0 0 1
    outer loop
      vertex 78 94 5
      vertex 79 106 5
      vertex 78 105 5
    endloop
  endfacet
  facet normal 0 0 1
    outer loop
      vertex 66 106 5
      vertex 67 105 5
      vertex 79 106 5
    endloop
  endfacet
  facet normal 1 0 0
    outer loop
      vertex 79 89 5
      vertex 79 76 0.4
      vertex 79 89 0.4
    endloop
  endfacet
  facet normal 1 0 0
    outer loop
      vertex 79 76 5
      vertex 79 76 0.4
      vertex 79 89 5
    endloop
  endfacet
  facet normal 0 0 1
    outer loop
      vertex 66 76 5
      vertex 67 77 5
      vertex 67 88 5
    endloop
  endfacet
  facet normal 0 0 1
    outer loop
      vertex 66 76 5
      vertex 78 77 5
      vertex 67 77 5
    endloop
  endfacet
  facet normal 0 0 1
    outer loop
      vertex 66 76 5
      vertex 79 76 5
      vertex 78 77 5
    endloop
  endfacet
  facet normal 0 0 1
    outer loop
      vertex 78 77 5
      vertex 79 76 5
      vertex 79 89 5
    endloop
  endfacet
  facet normal -1 0 0
    outer loop
      vertex 66 76 5
      vertex 66 89 0.4
      vertex 66 76 0.4
    endloop
  endfacet
  facet normal 0 -1 0
    outer loop
      vertex 79 76 5
      vertex 66 76 0.4
      vertex 79 76 0.4
    endloop
  endfacet
  facet normal 0 1 0
    outer loop
      vertex 66 89 5
      vertex 79 89 0.4
      vertex 66 89 0.4
    endloop
  endfacet
  facet normal -1 0 0
    outer loop
      vertex 66 76 5
      vertex 66 89 5
      vertex 66 89 0.4
    endloop
  endfacet
  facet normal 0 -1 0
    outer loop
      vertex 66 76 5
      vertex 66 76 0.4
      vertex 79 76 5
    endloop
  endfacet
  facet normal 0 1 0
    outer loop
      vertex 66 89 5
      vertex 79 89 5
      vertex 79 89 0.4
    endloop
  endfacet
  facet normal 0 0 1
    outer loop
      vertex 66 76 5
      vertex 67 88 5
      vertex 66 89 5
    endloop
  endfacet
  facet normal 0 0 1
    outer loop
      vertex 66 89 5
      vertex 67 88 5
      vertex 79 89 5
    endloop
  endfacet
  facet normal 0 0 1
    outer loop
      vertex 78 77 5
      vertex 79 89 5
      vertex 78 88 5
    endloop
  endfacet
  facet normal 0 0 1
    outer loop
      vertex 67 88 5
      vertex 78 88 5
      vertex 79 89 5
    endloop
  endfacet
  facet normal 1 0 0
    outer loop
      vertex 79 59 5
      vertex 79 59 0.4
      vertex 79 72 5
    endloop
  endfacet
  facet normal 0 0 1
    outer loop
      vertex 66 59 5
      vertex 67 60 5
      vertex 67 71 5
    endloop
  endfacet
  facet normal 0 0 1
    outer loop
      vertex 66 59 5
      vertex 78 60 5
      vertex 67 60 5
    endloop
  endfacet
  facet normal 0 0 1
    outer loop
      vertex 66 59 5
      vertex 79 59 5
      vertex 78 60 5
    endloop
  endfacet
  facet normal 0 0 1
    outer loop
      vertex 78 60 5
      vertex 79 59 5
      vertex 79 72 5
    endloop
  endfacet
  facet normal 1 0 0
    outer loop
      vertex 79 72 5
      vertex 79 59 0.4
      vertex 79 72 0.4
    endloop
  endfacet
  facet normal -1 0 0
    outer loop
      vertex 66 59 5
      vertex 66 72 0.4
      vertex 66 59 0.4
    endloop
  endfacet
  facet normal 0 -1 0
    outer loop
      vertex 79 59 5
      vertex 66 59 0.4
      vertex 79 59 0.4
    endloop
  endfacet
  facet normal 0 -1 0
    outer loop
      vertex 66 59 5
      vertex 66 59 0.4
      vertex 79 59 5
    endloop
  endfacet
  facet normal 0 1 0
    outer loop
      vertex 66 72 5
      vertex 79 72 0.4
      vertex 66 72 0.4
    endloop
  endfacet
  facet normal -1 0 0
    outer loop
      vertex 66 59 5
      vertex 66 72 5
      vertex 66 72 0.4
    endloop
  endfacet
  facet normal 0 1 0
    outer loop
      vertex 66 72 5
      vertex 79 72 5
      vertex 79 72 0.4
    endloop
  endfacet
  facet normal 0 0 1
    outer loop
      vertex 66 59 5
      vertex 67 71 5
      vertex 66 72 5
    endloop
  endfacet
  facet normal 0 0 1
    outer loop
      vertex 66 72 5
      vertex 67 71 5
      vertex 79 72 5
    endloop
  endfacet
  facet normal 0 0 1
    outer loop
      vertex 78 60 5
      vertex 79 72 5
      vertex 78 71 5
    endloop
  endfacet
  facet normal 0 0 1
    outer loop
      vertex 67 71 5
      vertex 78 71 5
      vertex 79 72 5
    endloop
  endfacet
  facet normal 1 0 0
    outer loop
      vertex 79 38 5
      vertex 79 25 0.4
      vertex 79 38 0.4
    endloop
  endfacet
  facet normal 1 0 0
    outer loop
      vertex 79 25 5
      vertex 79 25 0.4
      vertex 79 38 5
    endloop
  endfacet
  facet normal 0 0 1
    outer loop
      vertex 66 25 5
      vertex 67 26 5
      vertex 67 37 5
    endloop
  endfacet
  facet normal 0 0 1
    outer loop
      vertex 66 25 5
      vertex 78 26 5
      vertex 67 26 5
    endloop
  endfacet
  facet normal 0 0 1
    outer loop
      vertex 66 25 5
      vertex 79 25 5
      vertex 78 26 5
    endloop
  endfacet
  facet normal 0 0 1
    outer loop
      vertex 78 26 5
      vertex 79 25 5
      vertex 79 38 5
    endloop
  endfacet
  facet normal -1 0 0
    outer loop
      vertex 66 25 5
      vertex 66 38 0.4
      vertex 66 25 0.4
    endloop
  endfacet
  facet normal 0 -1 0
    outer loop
      vertex 79 25 5
      vertex 66 25 0.4
      vertex 79 25 0.4
    endloop
  endfacet
  facet normal 0 1 0
    outer loop
      vertex 66 38 5
      vertex 79 38 0.4
      vertex 66 38 0.4
    endloop
  endfacet
  facet normal 0 -1 0
    outer loop
      vertex 66 25 5
      vertex 66 25 0.4
      vertex 79 25 5
    endloop
  endfacet
  facet normal -1 0 0
    outer loop
      vertex 66 25 5
      vertex 66 38 5
      vertex 66 38 0.4
    endloop
  endfacet
  facet normal 0 1 0
    outer loop
      vertex 66 38 5
      vertex 79 38 5
      vertex 79 38 0.4
    endloop
  endfacet
  facet normal 0 0 1
    outer loop
      vertex 66 25 5
      vertex 67 37 5
      vertex 66 38 5
    endloop
  endfacet
  facet normal 0 0 1
    outer loop
      vertex 67 37 5
      vertex 79 38 5
      vertex 66 38 5
    endloop
  endfacet
  facet normal 0 0 1
    outer loop
      vertex 78 26 5
      vertex 79 38 5
      vertex 78 37 5
    endloop
  endfacet
  facet normal 0 0 1
    outer loop
      vertex 67 37 5
      vertex 78 37 5
      vertex 79 38 5
    endloop
  endfacet
  facet normal 1 0 0
    outer loop
      vertex 79 55 5
      vertex 79 42 0.4
      vertex 79 55 0.4
    endloop
  endfacet
  facet normal 1 0 0
    outer loop
      vertex 79 42 5
      vertex 79 42 0.4
      vertex 79 55 5
    endloop
  endfacet
  facet normal 0 0 1
    outer loop
      vertex 66 42 5
      vertex 67 43 5
      vertex 67 54 5
    endloop
  endfacet
  facet normal 0 0 1
    outer loop
      vertex 66 42 5
      vertex 78 43 5
      vertex 67 43 5
    endloop
  endfacet
  facet normal 0 0 1
    outer loop
      vertex 66 42 5
      vertex 79 42 5
      vertex 78 43 5
    endloop
  endfacet
  facet normal 0 0 1
    outer loop
      vertex 78 43 5
      vertex 79 42 5
      vertex 79 55 5
    endloop
  endfacet
  facet normal -1 0 0
    outer loop
      vertex 66 42 5
      vertex 66 55 0.4
      vertex 66 42 0.4
    endloop
  endfacet
  facet normal 0 -1 0
    outer loop
      vertex 79 42 5
      vertex 66 42 0.4
      vertex 79 42 0.4
    endloop
  endfacet
  facet normal 0 1 0
    outer loop
      vertex 66 55 5
      vertex 79 55 0.4
      vertex 66 55 0.4
    endloop
  endfacet
  facet normal -1 0 0
    outer loop
      vertex 66 42 5
      vertex 66 55 5
      vertex 66 55 0.4
    endloop
  endfacet
  facet normal 0 -1 0
    outer loop
      vertex 66 42 5
      vertex 66 42 0.4
      vertex 79 42 5
    endloop
  endfacet
  facet normal 0 1 0
    outer loop
      vertex 66 55 5
      vertex 79 55 5
      vertex 79 55 0.4
    endloop
  endfacet
  facet normal 0 0 1
    outer loop
      vertex 66 42 5
      vertex 67 54 5
      vertex 66 55 5
    endloop
  endfacet
  facet normal 0 0 1
    outer loop
      vertex 66 55 5
      vertex 67 54 5
      vertex 79 55 5
    endloop
  endfacet
  facet normal 0 0 1
    outer loop
      vertex 78 43 5
      vertex 79 55 5
      vertex 78 54 5
    endloop
  endfacet
  facet normal 0 0 1
    outer loop
      vertex 67 54 5
      vertex 78 54 5
      vertex 79 55 5
    endloop
  endfacet
  facet normal 1 0 0
    outer loop
      vertex 62 123 5
      vertex 62 110 0.4
      vertex 62 123 0.4
    endloop
  endfacet
  facet normal 1 0 0
    outer loop
      vertex 62 110 5
      vertex 62 110 0.4
      vertex 62 123 5
    endloop
  endfacet
  facet normal 0 0 1
    outer loop
      vertex 49 110 5
      vertex 61 111 5
      vertex 50 111 5
    endloop
  endfacet
  facet normal 0 0 1
    outer loop
      vertex 49 110 5
      vertex 62 110 5
      vertex 61 111 5
    endloop
  endfacet
  facet normal 0 0 1
    outer loop
      vertex 49 110 5
      vertex 50 111 5
      vertex 50 122 5
    endloop
  endfacet
  facet normal 0 0 1
    outer loop
      vertex 62 110 5
      vertex 62 123 5
      vertex 61 111 5
    endloop
  endfacet
  facet normal 0 -1 0
    outer loop
      vertex 62 110 5
      vertex 49 110 0.4
      vertex 62 110 0.4
    endloop
  endfacet
  facet normal -1 0 0
    outer loop
      vertex 49 110 5
      vertex 49 123 0.4
      vertex 49 110 0.4
    endloop
  endfacet
  facet normal 0 1 0
    outer loop
      vertex 49 123 5
      vertex 62 123 0.4
      vertex 49 123 0.4
    endloop
  endfacet
  facet normal 0 -1 0
    outer loop
      vertex 49 110 5
      vertex 49 110 0.4
      vertex 62 110 5
    endloop
  endfacet
  facet normal -1 0 0
    outer loop
      vertex 49 110 5
      vertex 49 123 5
      vertex 49 123 0.4
    endloop
  endfacet
  facet normal 0 1 0
    outer loop
      vertex 49 123 5
      vertex 62 123 5
      vertex 62 123 0.4
    endloop
  endfacet
  facet normal 0 0 1
    outer loop
      vertex 49 110 5
      vertex 50 122 5
      vertex 49 123 5
    endloop
  endfacet
  facet normal 0 0 1
    outer loop
      vertex 50 122 5
      vertex 62 123 5
      vertex 49 123 5
    endloop
  endfacet
  facet normal 0 0 1
    outer loop
      vertex 61 111 5
      vertex 62 123 5
      vertex 61 122 5
    endloop
  endfacet
  facet normal 0 0 1
    outer loop
      vertex 50 122 5
      vertex 61 122 5
      vertex 62 123 5
    endloop
  endfacet
  facet normal 1 0 0
    outer loop
      vertex 62 106 5
      vertex 62 93 0.4
      vertex 62 106 0.4
    endloop
  endfacet
  facet normal 1 0 0
    outer loop
      vertex 62 93 5
      vertex 62 93 0.4
      vertex 62 106 5
    endloop
  endfacet
  facet normal 0 0 1
    outer loop
      vertex 49 93 5
      vertex 50 94 5
      vertex 50 105 5
    endloop
  endfacet
  facet normal 0 0 1
    outer loop
      vertex 49 93 5
      vertex 61 94 5
      vertex 50 94 5
    endloop
  endfacet
  facet normal 0 0 1
    outer loop
      vertex 49 93 5
      vertex 62 93 5
      vertex 61 94 5
    endloop
  endfacet
  facet normal 0 0 1
    outer loop
      vertex 61 94 5
      vertex 62 93 5
      vertex 62 106 5
    endloop
  endfacet
  facet normal -1 0 0
    outer loop
      vertex 49 93 5
      vertex 49 106 0.4
      vertex 49 93 0.4
    endloop
  endfacet
  facet normal 0 -1 0
    outer loop
      vertex 62 93 5
      vertex 49 93 0.4
      vertex 62 93 0.4
    endloop
  endfacet
  facet normal 0 1 0
    outer loop
      vertex 49 106 5
      vertex 62 106 0.4
      vertex 49 106 0.4
    endloop
  endfacet
  facet normal 0 -1 0
    outer loop
      vertex 49 93 5
      vertex 49 93 0.4
      vertex 62 93 5
    endloop
  endfacet
  facet normal -1 0 0
    outer loop
      vertex 49 93 5
      vertex 49 106 5
      vertex 49 106 0.4
    endloop
  endfacet
  facet normal 0 1 0
    outer loop
      vertex 49 106 5
      vertex 62 106 5
      vertex 62 106 0.4
    endloop
  endfacet
  facet normal 0 0 1
    outer loop
      vertex 49 93 5
      vertex 50 105 5
      vertex 49 106 5
    endloop
  endfacet
  facet normal 0 0 1
    outer loop
      vertex 50 105 5
      vertex 62 106 5
      vertex 49 106 5
    endloop
  endfacet
  facet normal 0 0 1
    outer loop
      vertex 50 105 5
      vertex 61 105 5
      vertex 62 106 5
    endloop
  endfacet
  facet normal 0 0 1
    outer loop
      vertex 61 94 5
      vertex 62 106 5
      vertex 61 105 5
    endloop
  endfacet
  facet normal 1 0 0
    outer loop
      vertex 62 89 5
      vertex 62 76 0.4
      vertex 62 89 0.4
    endloop
  endfacet
  facet normal 1 0 0
    outer loop
      vertex 62 76 5
      vertex 62 76 0.4
      vertex 62 89 5
    endloop
  endfacet
  facet normal 0 0 1
    outer loop
      vertex 49 76 5
      vertex 50 77 5
      vertex 50 88 5
    endloop
  endfacet
  facet normal 0 0 1
    outer loop
      vertex 49 76 5
      vertex 61 77 5
      vertex 50 77 5
    endloop
  endfacet
  facet normal 0 0 1
    outer loop
      vertex 49 76 5
      vertex 62 76 5
      vertex 61 77 5
    endloop
  endfacet
  facet normal 0 0 1
    outer loop
      vertex 61 77 5
      vertex 62 76 5
      vertex 62 89 5
    endloop
  endfacet
  facet normal -1 0 0
    outer loop
      vertex 49 76 5
      vertex 49 89 0.4
      vertex 49 76 0.4
    endloop
  endfacet
  facet normal 0 -1 0
    outer loop
      vertex 62 76 5
      vertex 49 76 0.4
      vertex 62 76 0.4
    endloop
  endfacet
  facet normal 0 1 0
    outer loop
      vertex 49 89 5
      vertex 62 89 0.4
      vertex 49 89 0.4
    endloop
  endfacet
  facet normal 0 -1 0
    outer loop
      vertex 49 76 5
      vertex 49 76 0.4
      vertex 62 76 5
    endloop
  endfacet
  facet normal -1 0 0
    outer loop
      vertex 49 76 5
      vertex 49 89 5
      vertex 49 89 0.4
    endloop
  endfacet
  facet normal 0 1 0
    outer loop
      vertex 49 89 5
      vertex 62 89 5
      vertex 62 89 0.4
    endloop
  endfacet
  facet normal 0 0 1
    outer loop
      vertex 49 76 5
      vertex 50 88 5
      vertex 49 89 5
    endloop
  endfacet
  facet normal 0 0 1
    outer loop
      vertex 50 88 5
      vertex 62 89 5
      vertex 49 89 5
    endloop
  endfacet
  facet normal 0 0 1
    outer loop
      vertex 61 77 5
      vertex 62 89 5
      vertex 61 88 5
    endloop
  endfacet
  facet normal 0 0 1
    outer loop
      vertex 50 88 5
      vertex 61 88 5
      vertex 62 89 5
    endloop
  endfacet
  facet normal 1 0 0
    outer loop
      vertex 62 59 5
      vertex 62 59 0.4
      vertex 62 72 5
    endloop
  endfacet
  facet normal 0 0 1
    outer loop
      vertex 49 59 5
      vertex 50 60 5
      vertex 50 71 5
    endloop
  endfacet
  facet normal 0 0 1
    outer loop
      vertex 49 59 5
      vertex 61 60 5
      vertex 50 60 5
    endloop
  endfacet
  facet normal 0 0 1
    outer loop
      vertex 49 59 5
      vertex 62 59 5
      vertex 61 60 5
    endloop
  endfacet
  facet normal 0 0 1
    outer loop
      vertex 61 60 5
      vertex 62 59 5
      vertex 62 72 5
    endloop
  endfacet
  facet normal 1 0 0
    outer loop
      vertex 62 72 5
      vertex 62 59 0.4
      vertex 62 72 0.4
    endloop
  endfacet
  facet normal -1 0 0
    outer loop
      vertex 49 59 5
      vertex 49 72 0.4
      vertex 49 59 0.4
    endloop
  endfacet
  facet normal 0 -1 0
    outer loop
      vertex 62 59 5
      vertex 49 59 0.4
      vertex 62 59 0.4
    endloop
  endfacet
  facet normal 0 -1 0
    outer loop
      vertex 49 59 5
      vertex 49 59 0.4
      vertex 62 59 5
    endloop
  endfacet
  facet normal 0 1 0
    outer loop
      vertex 49 72 5
      vertex 62 72 0.4
      vertex 49 72 0.4
    endloop
  endfacet
  facet normal -1 0 0
    outer loop
      vertex 49 59 5
      vertex 49 72 5
      vertex 49 72 0.4
    endloop
  endfacet
  facet normal 0 1 0
    outer loop
      vertex 49 72 5
      vertex 62 72 5
      vertex 62 72 0.4
    endloop
  endfacet
  facet normal 0 0 1
    outer loop
      vertex 49 59 5
      vertex 50 71 5
      vertex 49 72 5
    endloop
  endfacet
  facet normal 0 0 1
    outer loop
      vertex 50 71 5
      vertex 62 72 5
      vertex 49 72 5
    endloop
  endfacet
  facet normal 0 0 1
    outer loop
      vertex 61 60 5
      vertex 62 72 5
      vertex 61 71 5
    endloop
  endfacet
  facet normal 0 0 1
    outer loop
      vertex 50 71 5
      vertex 61 71 5
      vertex 62 72 5
    endloop
  endfacet
  facet normal 1 0 0
    outer loop
      vertex 62 38 5
      vertex 62 25 0.4
      vertex 62 38 0.4
    endloop
  endfacet
  facet normal 1 0 0
    outer loop
      vertex 62 25 5
      vertex 62 25 0.4
      vertex 62 38 5
    endloop
  endfacet
  facet normal 0 0 1
    outer loop
      vertex 49 25 5
      vertex 50 26 5
      vertex 50 37 5
    endloop
  endfacet
  facet normal 0 0 1
    outer loop
      vertex 49 25 5
      vertex 61 26 5
      vertex 50 26 5
    endloop
  endfacet
  facet normal 0 0 1
    outer loop
      vertex 49 25 5
      vertex 62 25 5
      vertex 61 26 5
    endloop
  endfacet
  facet normal 0 0 1
    outer loop
      vertex 61 26 5
      vertex 62 25 5
      vertex 62 38 5
    endloop
  endfacet
  facet normal -1 0 0
    outer loop
      vertex 49 25 5
      vertex 49 38 0.4
      vertex 49 25 0.4
    endloop
  endfacet
  facet normal 0 -1 0
    outer loop
      vertex 62 25 5
      vertex 49 25 0.4
      vertex 62 25 0.4
    endloop
  endfacet
  facet normal 0 1 0
    outer loop
      vertex 49 38 5
      vertex 62 38 0.4
      vertex 49 38 0.4
    endloop
  endfacet
  facet normal 0 -1 0
    outer loop
      vertex 49 25 5
      vertex 49 25 0.4
      vertex 62 25 5
    endloop
  endfacet
  facet normal -1 0 0
    outer loop
      vertex 49 25 5
      vertex 49 38 5
      vertex 49 38 0.4
    endloop
  endfacet
  facet normal 0 1 0
    outer loop
      vertex 49 38 5
      vertex 62 38 5
      vertex 62 38 0.4
    endloop
  endfacet
  facet normal 0 0 1
    outer loop
      vertex 49 25 5
      vertex 50 37 5
      vertex 49 38 5
    endloop
  endfacet
  facet normal 0 0 1
    outer loop
      vertex 50 37 5
      vertex 62 38 5
      vertex 49 38 5
    endloop
  endfacet
  facet normal 0 0 1
    outer loop
      vertex 61 26 5
      vertex 62 38 5
      vertex 61 37 5
    endloop
  endfacet
  facet normal 0 0 1
    outer loop
      vertex 50 37 5
      vertex 61 37 5
      vertex 62 38 5
    endloop
  endfacet
  facet normal 1 0 0
    outer loop
      vertex 62 55 5
      vertex 62 42 0.4
      vertex 62 55 0.4
    endloop
  endfacet
  facet normal 1 0 0
    outer loop
      vertex 62 42 5
      vertex 62 42 0.4
      vertex 62 55 5
    endloop
  endfacet
  facet normal 0 0 1
    outer loop
      vertex 49 42 5
      vertex 50 43 5
      vertex 50 54 5
    endloop
  endfacet
  facet normal 0 0 1
    outer loop
      vertex 49 42 5
      vertex 61 43 5
      vertex 50 43 5
    endloop
  endfacet
  facet normal 0 0 1
    outer loop
      vertex 49 42 5
      vertex 62 42 5
      vertex 61 43 5
    endloop
  endfacet
  facet normal 0 0 1
    outer loop
      vertex 61 43 5
      vertex 62 42 5
      vertex 62 55 5
    endloop
  endfacet
  facet normal -1 0 0
    outer loop
      vertex 49 42 5
      vertex 49 55 0.4
      vertex 49 42 0.4
    endloop
  endfacet
  facet normal 0 -1 0
    outer loop
      vertex 62 42 5
      vertex 49 42 0.4
      vertex 62 42 0.4
    endloop
  endfacet
  facet normal 0 1 0
    outer loop
      vertex 49 55 5
      vertex 62 55 0.4
      vertex 49 55 0.4
    endloop
  endfacet
  facet normal 0 -1 0
    outer loop
      vertex 49 42 5
      vertex 49 42 0.4
      vertex 62 42 5
    endloop
  endfacet
  facet normal -1 0 0
    outer loop
      vertex 49 42 5
      vertex 49 55 5
      vertex 49 55 0.4
    endloop
  endfacet
  facet normal 0 1 0
    outer loop
      vertex 49 55 5
      vertex 62 55 5
      vertex 62 55 0.4
    endloop
  endfacet
  facet normal 0 0 1
    outer loop
      vertex 49 42 5
      vertex 50 54 5
      vertex 49 55 5
    endloop
  endfacet
  facet normal 0 0 1
    outer loop
      vertex 50 54 5
      vertex 62 55 5
      vertex 49 55 5
    endloop
  endfacet
  facet normal 0 0 1
    outer loop
      vertex 61 43 5
      vertex 62 55 5
      vertex 61 54 5
    endloop
  endfacet
  facet normal 0 0 1
    outer loop
      vertex 50 54 5
      vertex 61 54 5
      vertex 62 55 5
    endloop
  endfacet
  facet normal 1 0 0
    outer loop
      vertex 28 123 5
      vertex 28 110 0.4
      vertex 28 123 0.4
    endloop
  endfacet
  facet normal 1 0 0
    outer loop
      vertex 28 110 5
      vertex 28 110 0.4
      vertex 28 123 5
    endloop
  endfacet
  facet normal 0 0 1
    outer loop
      vertex 15 110 5
      vertex 27 111 5
      vertex 16 111 5
    endloop
  endfacet
  facet normal 0 0 1
    outer loop
      vertex 15 110 5
      vertex 16 111 5
      vertex 16 122 5
    endloop
  endfacet
  facet normal 0 0 1
    outer loop
      vertex 15 110 5
      vertex 28 110 5
      vertex 27 111 5
    endloop
  endfacet
  facet normal 0 0 1
    outer loop
      vertex 28 110 5
      vertex 28 123 5
      vertex 27 111 5
    endloop
  endfacet
  facet normal -1 0 0
    outer loop
      vertex 15 110 5
      vertex 15 123 0.4
      vertex 15 110 0.4
    endloop
  endfacet
  facet normal 0 1 0
    outer loop
      vertex 15 123 5
      vertex 28 123 0.4
      vertex 15 123 0.4
    endloop
  endfacet
  facet normal 0 -1 0
    outer loop
      vertex 28 110 5
      vertex 15 110 0.4
      vertex 28 110 0.4
    endloop
  endfacet
  facet normal 0 -1 0
    outer loop
      vertex 15 110 5
      vertex 15 110 0.4
      vertex 28 110 5
    endloop
  endfacet
  facet normal -1 0 0
    outer loop
      vertex 15 110 5
      vertex 15 123 5
      vertex 15 123 0.4
    endloop
  endfacet
  facet normal 0 1 0
    outer loop
      vertex 15 123 5
      vertex 28 123 5
      vertex 28 123 0.4
    endloop
  endfacet
  facet normal 0 0 1
    outer loop
      vertex 15 110 5
      vertex 16 122 5
      vertex 15 123 5
    endloop
  endfacet
  facet normal 0 0 1
    outer loop
      vertex 16 122 5
      vertex 28 123 5
      vertex 15 123 5
    endloop
  endfacet
  facet normal 0 0 1
    outer loop
      vertex 27 111 5
      vertex 28 123 5
      vertex 27 122 5
    endloop
  endfacet
  facet normal 0 0 1
    outer loop
      vertex 16 122 5
      vertex 27 122 5
      vertex 28 123 5
    endloop
  endfacet
  facet normal 1 0 0
    outer loop
      vertex 28 106 5
      vertex 28 93 0.4
      vertex 28 106 0.4
    endloop
  endfacet
  facet normal 1 0 0
    outer loop
      vertex 28 93 5
      vertex 28 93 0.4
      vertex 28 106 5
    endloop
  endfacet
  facet normal 0 0 1
    outer loop
      vertex 15 93 5
      vertex 16 94 5
      vertex 16 105 5
    endloop
  endfacet
  facet normal 0 0 1
    outer loop
      vertex 15 93 5
      vertex 27 94 5
      vertex 16 94 5
    endloop
  endfacet
  facet normal 0 0 1
    outer loop
      vertex 15 93 5
      vertex 28 93 5
      vertex 27 94 5
    endloop
  endfacet
  facet normal 0 0 1
    outer loop
      vertex 27 94 5
      vertex 28 93 5
      vertex 28 106 5
    endloop
  endfacet
  facet normal -1 0 0
    outer loop
      vertex 15 93 5
      vertex 15 106 0.4
      vertex 15 93 0.4
    endloop
  endfacet
  facet normal 0 -1 0
    outer loop
      vertex 28 93 5
      vertex 15 93 0.4
      vertex 28 93 0.4
    endloop
  endfacet
  facet normal 0 1 0
    outer loop
      vertex 15 106 5
      vertex 28 106 0.4
      vertex 15 106 0.4
    endloop
  endfacet
  facet normal 0 -1 0
    outer loop
      vertex 15 93 5
      vertex 15 93 0.4
      vertex 28 93 5
    endloop
  endfacet
  facet normal -1 0 0
    outer loop
      vertex 15 93 5
      vertex 15 106 5
      vertex 15 106 0.4
    endloop
  endfacet
  facet normal 0 1 0
    outer loop
      vertex 15 106 5
      vertex 28 106 5
      vertex 28 106 0.4
    endloop
  endfacet
  facet normal 0 0 1
    outer loop
      vertex 15 93 5
      vertex 16 105 5
      vertex 15 106 5
    endloop
  endfacet
  facet normal 0 0 1
    outer loop
      vertex 16 105 5
      vertex 28 106 5
      vertex 15 106 5
    endloop
  endfacet
  facet normal 0 0 1
    outer loop
      vertex 16 105 5
      vertex 27 105 5
      vertex 28 106 5
    endloop
  endfacet
  facet normal 0 0 1
    outer loop
      vertex 27 94 5
      vertex 28 106 5
      vertex 27 105 5
    endloop
  endfacet
  facet normal 1 0 0
    outer loop
      vertex 28 89 5
      vertex 28 76 0.4
      vertex 28 89 0.4
    endloop
  endfacet
  facet normal 1 0 0
    outer loop
      vertex 28 76 5
      vertex 28 76 0.4
      vertex 28 89 5
    endloop
  endfacet
  facet normal 0 0 1
    outer loop
      vertex 15 76 5
      vertex 16 77 5
      vertex 16 88 5
    endloop
  endfacet
  facet normal 0 0 1
    outer loop
      vertex 15 76 5
      vertex 27 77 5
      vertex 16 77 5
    endloop
  endfacet
  facet normal 0 0 1
    outer loop
      vertex 15 76 5
      vertex 28 76 5
      vertex 27 77 5
    endloop
  endfacet
  facet normal 0 0 1
    outer loop
      vertex 27 77 5
      vertex 28 76 5
      vertex 28 89 5
    endloop
  endfacet
  facet normal -1 0 0
    outer loop
      vertex 15 76 5
      vertex 15 89 0.4
      vertex 15 76 0.4
    endloop
  endfacet
  facet normal 0 1 0
    outer loop
      vertex 15 89 5
      vertex 28 89 0.4
      vertex 15 89 0.4
    endloop
  endfacet
  facet normal 0 -1 0
    outer loop
      vertex 28 76 5
      vertex 15 76 0.4
      vertex 28 76 0.4
    endloop
  endfacet
  facet normal 0 -1 0
    outer loop
      vertex 15 76 5
      vertex 15 76 0.4
      vertex 28 76 5
    endloop
  endfacet
  facet normal -1 0 0
    outer loop
      vertex 15 76 5
      vertex 15 89 5
      vertex 15 89 0.4
    endloop
  endfacet
  facet normal 0 1 0
    outer loop
      vertex 15 89 5
      vertex 28 89 5
      vertex 28 89 0.4
    endloop
  endfacet
  facet normal 0 0 1
    outer loop
      vertex 15 76 5
      vertex 16 88 5
      vertex 15 89 5
    endloop
  endfacet
  facet normal 0 0 1
    outer loop
      vertex 16 88 5
      vertex 28 89 5
      vertex 15 89 5
    endloop
  endfacet
  facet normal 0 0 1
    outer loop
      vertex 27 77 5
      vertex 28 89 5
      vertex 27 88 5
    endloop
  endfacet
  facet normal 0 0 1
    outer loop
      vertex 16 88 5
      vertex 27 88 5
      vertex 28 89 5
    endloop
  endfacet
  facet normal 1 0 0
    outer loop
      vertex 28 59 5
      vertex 28 59 0.4
      vertex 28 72 5
    endloop
  endfacet
  facet normal 0 0 1
    outer loop
      vertex 15 59 5
      vertex 16 60 5
      vertex 16 71 5
    endloop
  endfacet
  facet normal 0 0 1
    outer loop
      vertex 15 59 5
      vertex 27 60 5
      vertex 16 60 5
    endloop
  endfacet
  facet normal 0 0 1
    outer loop
      vertex 15 59 5
      vertex 28 59 5
      vertex 27 60 5
    endloop
  endfacet
  facet normal 0 0 1
    outer loop
      vertex 27 60 5
      vertex 28 59 5
      vertex 28 72 5
    endloop
  endfacet
  facet normal 1 0 0
    outer loop
      vertex 28 72 5
      vertex 28 59 0.4
      vertex 28 72 0.4
    endloop
  endfacet
  facet normal -1 0 0
    outer loop
      vertex 15 59 5
      vertex 15 72 0.4
      vertex 15 59 0.4
    endloop
  endfacet
  facet normal 0 -1 0
    outer loop
      vertex 28 59 5
      vertex 15 59 0.4
      vertex 28 59 0.4
    endloop
  endfacet
  facet normal 0 -1 0
    outer loop
      vertex 15 59 5
      vertex 15 59 0.4
      vertex 28 59 5
    endloop
  endfacet
  facet normal 0 1 0
    outer loop
      vertex 15 72 5
      vertex 28 72 0.4
      vertex 15 72 0.4
    endloop
  endfacet
  facet normal -1 0 0
    outer loop
      vertex 15 59 5
      vertex 15 72 5
      vertex 15 72 0.4
    endloop
  endfacet
  facet normal 0 1 0
    outer loop
      vertex 15 72 5
      vertex 28 72 5
      vertex 28 72 0.4
    endloop
  endfacet
  facet normal 0 0 1
    outer loop
      vertex 15 59 5
      vertex 16 71 5
      vertex 15 72 5
    endloop
  endfacet
  facet normal 0 0 1
    outer loop
      vertex 16 71 5
      vertex 28 72 5
      vertex 15 72 5
    endloop
  endfacet
  facet normal 0 0 1
    outer loop
      vertex 27 60 5
      vertex 28 72 5
      vertex 27 71 5
    endloop
  endfacet
  facet normal 0 0 1
    outer loop
      vertex 16 71 5
      vertex 27 71 5
      vertex 28 72 5
    endloop
  endfacet
  facet normal 1 0 0
    outer loop
      vertex 28 38 5
      vertex 28 25 0.4
      vertex 28 38 0.4
    endloop
  endfacet
  facet normal 1 0 0
    outer loop
      vertex 28 25 5
      vertex 28 25 0.4
      vertex 28 38 5
    endloop
  endfacet
  facet normal 0 0 1
    outer loop
      vertex 15 25 5
      vertex 16 26 5
      vertex 16 37 5
    endloop
  endfacet
  facet normal 0 0 1
    outer loop
      vertex 15 25 5
      vertex 27 26 5
      vertex 16 26 5
    endloop
  endfacet
  facet normal 0 0 1
    outer loop
      vertex 15 25 5
      vertex 28 25 5
      vertex 27 26 5
    endloop
  endfacet
  facet normal 0 0 1
    outer loop
      vertex 27 26 5
      vertex 28 25 5
      vertex 28 38 5
    endloop
  endfacet
  facet normal -1 0 0
    outer loop
      vertex 15 25 5
      vertex 15 38 0.4
      vertex 15 25 0.4
    endloop
  endfacet
  facet normal 0 -1 0
    outer loop
      vertex 28 25 5
      vertex 15 25 0.4
      vertex 28 25 0.4
    endloop
  endfacet
  facet normal 0 1 0
    outer loop
      vertex 15 38 5
      vertex 28 38 0.4
      vertex 15 38 0.4
    endloop
  endfacet
  facet normal 0 -1 0
    outer loop
      vertex 15 25 5
      vertex 15 25 0.4
      vertex 28 25 5
    endloop
  endfacet
  facet normal -1 0 0
    outer loop
      vertex 15 25 5
      vertex 15 38 5
      vertex 15 38 0.4
    endloop
  endfacet
  facet normal 0 1 0
    outer loop
      vertex 15 38 5
      vertex 28 38 5
      vertex 28 38 0.4
    endloop
  endfacet
  facet normal 0 0 1
    outer loop
      vertex 15 25 5
      vertex 16 37 5
      vertex 15 38 5
    endloop
  endfacet
  facet normal 0 0 1
    outer loop
      vertex 16 37 5
      vertex 28 38 5
      vertex 15 38 5
    endloop
  endfacet
  facet normal 0 0 1
    outer loop
      vertex 27 26 5
      vertex 28 38 5
      vertex 27 37 5
    endloop
  endfacet
  facet normal 0 0 1
    outer loop
      vertex 16 37 5
      vertex 27 37 5
      vertex 28 38 5
    endloop
  endfacet
  facet normal 1 0 0
    outer loop
      vertex 28 55 5
      vertex 28 42 0.4
      vertex 28 55 0.4
    endloop
  endfacet
  facet normal 1 0 0
    outer loop
      vertex 28 42 5
      vertex 28 42 0.4
      vertex 28 55 5
    endloop
  endfacet
  facet normal 0 0 1
    outer loop
      vertex 15 42 5
      vertex 16 43 5
      vertex 16 54 5
    endloop
  endfacet
  facet normal 0 0 1
    outer loop
      vertex 15 42 5
      vertex 27 43 5
      vertex 16 43 5
    endloop
  endfacet
  facet normal 0 0 1
    outer loop
      vertex 15 42 5
      vertex 28 42 5
      vertex 27 43 5
    endloop
  endfacet
  facet normal 0 0 1
    outer loop
      vertex 27 43 5
      vertex 28 42 5
      vertex 28 55 5
    endloop
  endfacet
  facet normal -1 0 0
    outer loop
      vertex 15 42 5
      vertex 15 55 0.4
      vertex 15 42 0.4
    endloop
  endfacet
  facet normal 0 1 0
    outer loop
      vertex 15 55 5
      vertex 28 55 0.4
      vertex 15 55 0.4
    endloop
  endfacet
  facet normal 0 -1 0
    outer loop
      vertex 28 42 5
      vertex 15 42 0.4
      vertex 28 42 0.4
    endloop
  endfacet
  facet normal 0 -1 0
    outer loop
      vertex 15 42 5
      vertex 15 42 0.4
      vertex 28 42 5
    endloop
  endfacet
  facet normal -1 0 0
    outer loop
      vertex 15 42 5
      vertex 15 55 5
      vertex 15 55 0.4
    endloop
  endfacet
  facet normal 0 1 0
    outer loop
      vertex 15 55 5
      vertex 28 55 5
      vertex 28 55 0.4
    endloop
  endfacet
  facet normal 0 0 1
    outer loop
      vertex 15 42 5
      vertex 16 54 5
      vertex 15 55 5
    endloop
  endfacet
  facet normal 0 0 1
    outer loop
      vertex 16 54 5
      vertex 28 55 5
      vertex 15 55 5
    endloop
  endfacet
  facet normal 0 0 1
    outer loop
      vertex 27 43 5
      vertex 28 55 5
      vertex 27 54 5
    endloop
  endfacet
  facet normal 0 0 1
    outer loop
      vertex 16 54 5
      vertex 27 54 5
      vertex 28 55 5
    endloop
  endfacet
  facet normal 1 0 0
    outer loop
      vertex 45 123 5
      vertex 45 110 0.4
      vertex 45 123 0.4
    endloop
  endfacet
  facet normal 1 0 0
    outer loop
      vertex 45 110 5
      vertex 45 110 0.4
      vertex 45 123 5
    endloop
  endfacet
  facet normal 0 0 1
    outer loop
      vertex 32 110 5
      vertex 44 111 5
      vertex 33 111 5
    endloop
  endfacet
  facet normal 0 0 1
    outer loop
      vertex 32 110 5
      vertex 45 110 5
      vertex 44 111 5
    endloop
  endfacet
  facet normal 0 0 1
    outer loop
      vertex 32 110 5
      vertex 33 111 5
      vertex 33 122 5
    endloop
  endfacet
  facet normal 0 0 1
    outer loop
      vertex 45 110 5
      vertex 45 123 5
      vertex 44 111 5
    endloop
  endfacet
  facet normal 0 -1 0
    outer loop
      vertex 45 110 5
      vertex 32 110 0.4
      vertex 45 110 0.4
    endloop
  endfacet
  facet normal -1 0 0
    outer loop
      vertex 32 110 5
      vertex 32 123 0.4
      vertex 32 110 0.4
    endloop
  endfacet
  facet normal 0 1 0
    outer loop
      vertex 32 123 5
      vertex 45 123 0.4
      vertex 32 123 0.4
    endloop
  endfacet
  facet normal 0 -1 0
    outer loop
      vertex 32 110 5
      vertex 32 110 0.4
      vertex 45 110 5
    endloop
  endfacet
  facet normal -1 0 0
    outer loop
      vertex 32 110 5
      vertex 32 123 5
      vertex 32 123 0.4
    endloop
  endfacet
  facet normal 0 1 0
    outer loop
      vertex 32 123 5
      vertex 45 123 5
      vertex 45 123 0.4
    endloop
  endfacet
  facet normal 0 0 1
    outer loop
      vertex 32 110 5
      vertex 33 122 5
      vertex 32 123 5
    endloop
  endfacet
  facet normal 0 0 1
    outer loop
      vertex 44 111 5
      vertex 45 123 5
      vertex 44 122 5
    endloop
  endfacet
  facet normal 0 0 1
    outer loop
      vertex 33 122 5
      vertex 45 123 5
      vertex 32 123 5
    endloop
  endfacet
  facet normal 0 0 1
    outer loop
      vertex 33 122 5
      vertex 44 122 5
      vertex 45 123 5
    endloop
  endfacet
  facet normal 1 0 0
    outer loop
      vertex 45 106 5
      vertex 45 93 0.4
      vertex 45 106 0.4
    endloop
  endfacet
  facet normal 1 0 0
    outer loop
      vertex 45 93 5
      vertex 45 93 0.4
      vertex 45 106 5
    endloop
  endfacet
  facet normal 0 0 1
    outer loop
      vertex 32 93 5
      vertex 33 94 5
      vertex 33 105 5
    endloop
  endfacet
  facet normal 0 0 1
    outer loop
      vertex 32 93 5
      vertex 44 94 5
      vertex 33 94 5
    endloop
  endfacet
  facet normal 0 0 1
    outer loop
      vertex 32 93 5
      vertex 45 93 5
      vertex 44 94 5
    endloop
  endfacet
  facet normal 0 0 1
    outer loop
      vertex 45 93 5
      vertex 45 106 5
      vertex 44 94 5
    endloop
  endfacet
  facet normal -1 0 0
    outer loop
      vertex 32 93 5
      vertex 32 106 0.4
      vertex 32 93 0.4
    endloop
  endfacet
  facet normal 0 -1 0
    outer loop
      vertex 45 93 5
      vertex 32 93 0.4
      vertex 45 93 0.4
    endloop
  endfacet
  facet normal 0 1 0
    outer loop
      vertex 32 106 5
      vertex 45 106 0.4
      vertex 32 106 0.4
    endloop
  endfacet
  facet normal 0 -1 0
    outer loop
      vertex 32 93 5
      vertex 32 93 0.4
      vertex 45 93 5
    endloop
  endfacet
  facet normal -1 0 0
    outer loop
      vertex 32 93 5
      vertex 32 106 5
      vertex 32 106 0.4
    endloop
  endfacet
  facet normal 0 1 0
    outer loop
      vertex 32 106 5
      vertex 45 106 5
      vertex 45 106 0.4
    endloop
  endfacet
  facet normal 0 0 1
    outer loop
      vertex 32 93 5
      vertex 33 105 5
      vertex 32 106 5
    endloop
  endfacet
  facet normal 0 0 1
    outer loop
      vertex 33 105 5
      vertex 44 105 5
      vertex 45 106 5
    endloop
  endfacet
  facet normal 0 0 1
    outer loop
      vertex 44 94 5
      vertex 45 106 5
      vertex 44 105 5
    endloop
  endfacet
  facet normal 0 0 1
    outer loop
      vertex 33 105 5
      vertex 45 106 5
      vertex 32 106 5
    endloop
  endfacet
  facet normal 1 0 0
    outer loop
      vertex 45 89 5
      vertex 45 76 0.4
      vertex 45 89 0.4
    endloop
  endfacet
  facet normal 1 0 0
    outer loop
      vertex 45 76 5
      vertex 45 76 0.4
      vertex 45 89 5
    endloop
  endfacet
  facet normal 0 0 1
    outer loop
      vertex 32 76 5
      vertex 33 77 5
      vertex 33 88 5
    endloop
  endfacet
  facet normal 0 0 1
    outer loop
      vertex 32 76 5
      vertex 44 77 5
      vertex 33 77 5
    endloop
  endfacet
  facet normal 0 0 1
    outer loop
      vertex 32 76 5
      vertex 45 76 5
      vertex 44 77 5
    endloop
  endfacet
  facet normal 0 0 1
    outer loop
      vertex 44 77 5
      vertex 45 76 5
      vertex 45 89 5
    endloop
  endfacet
  facet normal -1 0 0
    outer loop
      vertex 32 76 5
      vertex 32 89 0.4
      vertex 32 76 0.4
    endloop
  endfacet
  facet normal 0 -1 0
    outer loop
      vertex 45 76 5
      vertex 32 76 0.4
      vertex 45 76 0.4
    endloop
  endfacet
  facet normal 0 1 0
    outer loop
      vertex 32 89 5
      vertex 45 89 0.4
      vertex 32 89 0.4
    endloop
  endfacet
  facet normal 0 -1 0
    outer loop
      vertex 32 76 5
      vertex 32 76 0.4
      vertex 45 76 5
    endloop
  endfacet
  facet normal -1 0 0
    outer loop
      vertex 32 76 5
      vertex 32 89 5
      vertex 32 89 0.4
    endloop
  endfacet
  facet normal 0 1 0
    outer loop
      vertex 32 89 5
      vertex 45 89 5
      vertex 45 89 0.4
    endloop
  endfacet
  facet normal 0 0 1
    outer loop
      vertex 32 76 5
      vertex 33 88 5
      vertex 32 89 5
    endloop
  endfacet
  facet normal 0 0 1
    outer loop
      vertex 33 88 5
      vertex 45 89 5
      vertex 32 89 5
    endloop
  endfacet
  facet normal 0 0 1
    outer loop
      vertex 44 77 5
      vertex 45 89 5
      vertex 44 88 5
    endloop
  endfacet
  facet normal 0 0 1
    outer loop
      vertex 33 88 5
      vertex 44 88 5
      vertex 45 89 5
    endloop
  endfacet
  facet normal 1 0 0
    outer loop
      vertex 45 59 5
      vertex 45 59 0.4
      vertex 45 72 5
    endloop
  endfacet
  facet normal 0 0 1
    outer loop
      vertex 32 59 5
      vertex 33 60 5
      vertex 33 71 5
    endloop
  endfacet
  facet normal 0 0 1
    outer loop
      vertex 32 59 5
      vertex 44 60 5
      vertex 33 60 5
    endloop
  endfacet
  facet normal 0 0 1
    outer loop
      vertex 32 59 5
      vertex 45 59 5
      vertex 44 60 5
    endloop
  endfacet
  facet normal 0 0 1
    outer loop
      vertex 44 60 5
      vertex 45 59 5
      vertex 45 72 5
    endloop
  endfacet
  facet normal 1 0 0
    outer loop
      vertex 45 72 5
      vertex 45 59 0.4
      vertex 45 72 0.4
    endloop
  endfacet
  facet normal -1 0 0
    outer loop
      vertex 32 59 5
      vertex 32 72 0.4
      vertex 32 59 0.4
    endloop
  endfacet
  facet normal 0 -1 0
    outer loop
      vertex 45 59 5
      vertex 32 59 0.4
      vertex 45 59 0.4
    endloop
  endfacet
  facet normal 0 -1 0
    outer loop
      vertex 32 59 5
      vertex 32 59 0.4
      vertex 45 59 5
    endloop
  endfacet
  facet normal 0 1 0
    outer loop
      vertex 32 72 5
      vertex 45 72 0.4
      vertex 32 72 0.4
    endloop
  endfacet
  facet normal -1 0 0
    outer loop
      vertex 32 59 5
      vertex 32 72 5
      vertex 32 72 0.4
    endloop
  endfacet
  facet normal 0 1 0
    outer loop
      vertex 32 72 5
      vertex 45 72 5
      vertex 45 72 0.4
    endloop
  endfacet
  facet normal 0 0 1
    outer loop
      vertex 32 59 5
      vertex 33 71 5
      vertex 32 72 5
    endloop
  endfacet
  facet normal 0 0 1
    outer loop
      vertex 33 71 5
      vertex 45 72 5
      vertex 32 72 5
    endloop
  endfacet
  facet normal 0 0 1
    outer loop
      vertex 44 60 5
      vertex 45 72 5
      vertex 44 71 5
    endloop
  endfacet
  facet normal 0 0 1
    outer loop
      vertex 33 71 5
      vertex 44 71 5
      vertex 45 72 5
    endloop
  endfacet
  facet normal 1 0 0
    outer loop
      vertex 45 38 5
      vertex 45 25 0.4
      vertex 45 38 0.4
    endloop
  endfacet
  facet normal 1 0 0
    outer loop
      vertex 45 25 5
      vertex 45 25 0.4
      vertex 45 38 5
    endloop
  endfacet
  facet normal 0 0 1
    outer loop
      vertex 32 25 5
      vertex 33 26 5
      vertex 33 37 5
    endloop
  endfacet
  facet normal 0 0 1
    outer loop
      vertex 32 25 5
      vertex 44 26 5
      vertex 33 26 5
    endloop
  endfacet
  facet normal 0 0 1
    outer loop
      vertex 32 25 5
      vertex 45 25 5
      vertex 44 26 5
    endloop
  endfacet
  facet normal 0 0 1
    outer loop
      vertex 44 26 5
      vertex 45 25 5
      vertex 45 38 5
    endloop
  endfacet
  facet normal -1 0 0
    outer loop
      vertex 32 25 5
      vertex 32 38 0.4
      vertex 32 25 0.4
    endloop
  endfacet
  facet normal 0 -1 0
    outer loop
      vertex 45 25 5
      vertex 32 25 0.4
      vertex 45 25 0.4
    endloop
  endfacet
  facet normal 0 1 0
    outer loop
      vertex 32 38 5
      vertex 45 38 0.4
      vertex 32 38 0.4
    endloop
  endfacet
  facet normal 0 -1 0
    outer loop
      vertex 32 25 5
      vertex 32 25 0.4
      vertex 45 25 5
    endloop
  endfacet
  facet normal -1 0 0
    outer loop
      vertex 32 25 5
      vertex 32 38 5
      vertex 32 38 0.4
    endloop
  endfacet
  facet normal 0 1 0
    outer loop
      vertex 32 38 5
      vertex 45 38 5
      vertex 45 38 0.4
    endloop
  endfacet
  facet normal 0 0 1
    outer loop
      vertex 32 25 5
      vertex 33 37 5
      vertex 32 38 5
    endloop
  endfacet
  facet normal 0 0 1
    outer loop
      vertex 33 37 5
      vertex 45 38 5
      vertex 32 38 5
    endloop
  endfacet
  facet normal 0 0 1
    outer loop
      vertex 44 26 5
      vertex 45 38 5
      vertex 44 37 5
    endloop
  endfacet
  facet normal 0 0 1
    outer loop
      vertex 33 37 5
      vertex 44 37 5
      vertex 45 38 5
    endloop
  endfacet
  facet normal 1 0 0
    outer loop
      vertex 45 55 5
      vertex 45 42 0.4
      vertex 45 55 0.4
    endloop
  endfacet
  facet normal 1 0 0
    outer loop
      vertex 45 42 5
      vertex 45 42 0.4
      vertex 45 55 5
    endloop
  endfacet
  facet normal 0 0 1
    outer loop
      vertex 32 42 5
      vertex 33 43 5
      vertex 33 54 5
    endloop
  endfacet
  facet normal 0 0 1
    outer loop
      vertex 32 42 5
      vertex 44 43 5
      vertex 33 43 5
    endloop
  endfacet
  facet normal 0 0 1
    outer loop
      vertex 32 42 5
      vertex 45 42 5
      vertex 44 43 5
    endloop
  endfacet
  facet normal 0 0 1
    outer loop
      vertex 44 43 5
      vertex 45 42 5
      vertex 45 55 5
    endloop
  endfacet
  facet normal -1 0 0
    outer loop
      vertex 32 42 5
      vertex 32 55 0.4
      vertex 32 42 0.4
    endloop
  endfacet
  facet normal 0 -1 0
    outer loop
      vertex 45 42 5
      vertex 32 42 0.4
      vertex 45 42 0.4
    endloop
  endfacet
  facet normal 0 1 0
    outer loop
      vertex 32 55 5
      vertex 45 55 0.4
      vertex 32 55 0.4
    endloop
  endfacet
  facet normal 0 -1 0
    outer loop
      vertex 32 42 5
      vertex 32 42 0.4
      vertex 45 42 5
    endloop
  endfacet
  facet normal -1 0 0
    outer loop
      vertex 32 42 5
      vertex 32 55 5
      vertex 32 55 0.4
    endloop
  endfacet
  facet normal 0 1 0
    outer loop
      vertex 32 55 5
      vertex 45 55 5
      vertex 45 55 0.4
    endloop
  endfacet
  facet normal 0 0 1
    outer loop
      vertex 32 42 5
      vertex 33 54 5
      vertex 32 55 5
    endloop
  endfacet
  facet normal 0 0 1
    outer loop
      vertex 33 54 5
      vertex 45 55 5
      vertex 32 55 5
    endloop
  endfacet
  facet normal 0 0 1
    outer loop
      vertex 44 43 5
      vertex 45 55 5
      vertex 44 54 5
    endloop
  endfacet
  facet normal 0 0 1
    outer loop
      vertex 33 54 5
      vertex 44 54 5
      vertex 45 55 5
    endloop
  endfacet
  facet normal 1 0 0
    outer loop
      vertex 169 122 5
      vertex 169 111 0.4
      vertex 169 122 0.4
    endloop
  endfacet
  facet normal 1 0 0
    outer loop
      vertex 169 111 5
      vertex 169 111 0.4
      vertex 169 122 5
    endloop
  endfacet
  facet normal 0 1 0
    outer loop
      vertex 180 111 5
      vertex 180 111 0.4
      vertex 169 111 0.4
    endloop
  endfacet
  facet normal -1 0 0
    outer loop
      vertex 180 111 5
      vertex 180 122 0.4
      vertex 180 111 0.4
    endloop
  endfacet
  facet normal 0 -1 0
    outer loop
      vertex 169 122 5
      vertex 169 122 0.4
      vertex 180 122 0.4
    endloop
  endfacet
  facet normal 0 1 0
    outer loop
      vertex 169 111 5
      vertex 180 111 5
      vertex 169 111 0.4
    endloop
  endfacet
  facet normal -1 0 0
    outer loop
      vertex 180 111 5
      vertex 180 122 5
      vertex 180 122 0.4
    endloop
  endfacet
  facet normal 0 -1 0
    outer loop
      vertex 169 122 5
      vertex 180 122 0.4
      vertex 180 122 5
    endloop
  endfacet
  facet normal 1 0 0
    outer loop
      vertex 169 105 5
      vertex 169 94 0.4
      vertex 169 105 0.4
    endloop
  endfacet
  facet normal 1 0 0
    outer loop
      vertex 169 94 5
      vertex 169 94 0.4
      vertex 169 105 5
    endloop
  endfacet
  facet normal 0 1 0
    outer loop
      vertex 180 94 5
      vertex 180 94 0.4
      vertex 169 94 0.4
    endloop
  endfacet
  facet normal 0 -1 0
    outer loop
      vertex 169 105 5
      vertex 169 105 0.4
      vertex 180 105 0.4
    endloop
  endfacet
  facet normal -1 0 0
    outer loop
      vertex 180 94 5
      vertex 180 105 0.4
      vertex 180 94 0.4
    endloop
  endfacet
  facet normal 0 1 0
    outer loop
      vertex 169 94 5
      vertex 180 94 5
      vertex 169 94 0.4
    endloop
  endfacet
  facet normal -1 0 0
    outer loop
      vertex 180 94 5
      vertex 180 105 5
      vertex 180 105 0.4
    endloop
  endfacet
  facet normal 0 -1 0
    outer loop
      vertex 169 105 5
      vertex 180 105 0.4
      vertex 180 105 5
    endloop
  endfacet
  facet normal 1 0 0
    outer loop
      vertex 169 88 5
      vertex 169 77 0.4
      vertex 169 88 0.4
    endloop
  endfacet
  facet normal 1 0 0
    outer loop
      vertex 169 77 5
      vertex 169 77 0.4
      vertex 169 88 5
    endloop
  endfacet
  facet normal 0 1 0
    outer loop
      vertex 180 77 5
      vertex 180 77 0.4
      vertex 169 77 0.4
    endloop
  endfacet
  facet normal -1 0 0
    outer loop
      vertex 180 77 5
      vertex 180 88 0.4
      vertex 180 77 0.4
    endloop
  endfacet
  facet normal 0 -1 0
    outer loop
      vertex 169 88 5
      vertex 169 88 0.4
      vertex 180 88 0.4
    endloop
  endfacet
  facet normal 0 1 0
    outer loop
      vertex 169 77 5
      vertex 180 77 5
      vertex 169 77 0.4
    endloop
  endfacet
  facet normal -1 0 0
    outer loop
      vertex 180 77 5
      vertex 180 88 5
      vertex 180 88 0.4
    endloop
  endfacet
  facet normal 0 -1 0
    outer loop
      vertex 169 88 5
      vertex 180 88 0.4
      vertex 180 88 5
    endloop
  endfacet
  facet normal 1 0 0
    outer loop
      vertex 169 60 5
      vertex 169 60 0.4
      vertex 169 71 5
    endloop
  endfacet
  facet normal 1 0 0
    outer loop
      vertex 169 71 5
      vertex 169 60 0.4
      vertex 169 71 0.4
    endloop
  endfacet
  facet normal 0 1 0
    outer loop
      vertex 180 60 5
      vertex 180 60 0.4
      vertex 169 60 0.4
    endloop
  endfacet
  facet normal -1 0 0
    outer loop
      vertex 180 60 5
      vertex 180 71 0.4
      vertex 180 60 0.4
    endloop
  endfacet
  facet normal 0 1 0
    outer loop
      vertex 169 60 5
      vertex 180 60 5
      vertex 169 60 0.4
    endloop
  endfacet
  facet normal 0 -1 0
    outer loop
      vertex 169 71 5
      vertex 169 71 0.4
      vertex 180 71 0.4
    endloop
  endfacet
  facet normal -1 0 0
    outer loop
      vertex 180 60 5
      vertex 180 71 5
      vertex 180 71 0.4
    endloop
  endfacet
  facet normal 0 -1 0
    outer loop
      vertex 169 71 5
      vertex 180 71 0.4
      vertex 180 71 5
    endloop
  endfacet
  facet normal 1 0 0
    outer loop
      vertex 169 37 5
      vertex 169 26 0.4
      vertex 169 37 0.4
    endloop
  endfacet
  facet normal 1 0 0
    outer loop
      vertex 169 26 5
      vertex 169 26 0.4
      vertex 169 37 5
    endloop
  endfacet
  facet normal 0 1 0
    outer loop
      vertex 180 26 5
      vertex 180 26 0.4
      vertex 169 26 0.4
    endloop
  endfacet
  facet normal -1 0 0
    outer loop
      vertex 180 26 5
      vertex 180 37 0.4
      vertex 180 26 0.4
    endloop
  endfacet
  facet normal 0 -1 0
    outer loop
      vertex 169 37 5
      vertex 169 37 0.4
      vertex 180 37 0.4
    endloop
  endfacet
  facet normal 0 1 0
    outer loop
      vertex 169 26 5
      vertex 180 26 5
      vertex 169 26 0.4
    endloop
  endfacet
  facet normal -1 0 0
    outer loop
      vertex 180 26 5
      vertex 180 37 5
      vertex 180 37 0.4
    endloop
  endfacet
  facet normal 0 -1 0
    outer loop
      vertex 169 37 5
      vertex 180 37 0.4
      vertex 180 37 5
    endloop
  endfacet
  facet normal 1 0 0
    outer loop
      vertex 169 54 5
      vertex 169 43 0.4
      vertex 169 54 0.4
    endloop
  endfacet
  facet normal 1 0 0
    outer loop
      vertex 169 43 5
      vertex 169 43 0.4
      vertex 169 54 5
    endloop
  endfacet
  facet normal 0 1 0
    outer loop
      vertex 180 43 5
      vertex 180 43 0.4
      vertex 169 43 0.4
    endloop
  endfacet
  facet normal -1 0 0
    outer loop
      vertex 180 43 5
      vertex 180 54 0.4
      vertex 180 43 0.4
    endloop
  endfacet
  facet normal 0 -1 0
    outer loop
      vertex 169 54 5
      vertex 169 54 0.4
      vertex 180 54 0.4
    endloop
  endfacet
  facet normal 0 1 0
    outer loop
      vertex 169 43 5
      vertex 180 43 5
      vertex 169 43 0.4
    endloop
  endfacet
  facet normal -1 0 0
    outer loop
      vertex 180 43 5
      vertex 180 54 5
      vertex 180 54 0.4
    endloop
  endfacet
  facet normal 0 -1 0
    outer loop
      vertex 169 54 5
      vertex 180 54 0.4
      vertex 180 54 5
    endloop
  endfacet
  facet normal 1 0 0
    outer loop
      vertex 152 122 5
      vertex 152 111 0.4
      vertex 152 122 0.4
    endloop
  endfacet
  facet normal 1 0 0
    outer loop
      vertex 152 111 5
      vertex 152 111 0.4
      vertex 152 122 5
    endloop
  endfacet
  facet normal 0 -1 0
    outer loop
      vertex 152 122 5
      vertex 152 122 0.4
      vertex 163 122 0.4
    endloop
  endfacet
  facet normal 0 1 0
    outer loop
      vertex 163 111 5
      vertex 163 111 0.4
      vertex 152 111 0.4
    endloop
  endfacet
  facet normal -1 0 0
    outer loop
      vertex 163 111 5
      vertex 163 122 0.4
      vertex 163 111 0.4
    endloop
  endfacet
  facet normal 0 1 0
    outer loop
      vertex 152 111 5
      vertex 163 111 5
      vertex 152 111 0.4
    endloop
  endfacet
  facet normal -1 0 0
    outer loop
      vertex 163 111 5
      vertex 163 122 5
      vertex 163 122 0.4
    endloop
  endfacet
  facet normal 0 -1 0
    outer loop
      vertex 152 122 5
      vertex 163 122 0.4
      vertex 163 122 5
    endloop
  endfacet
  facet normal 1 0 0
    outer loop
      vertex 152 105 5
      vertex 152 94 0.4
      vertex 152 105 0.4
    endloop
  endfacet
  facet normal 1 0 0
    outer loop
      vertex 152 94 5
      vertex 152 94 0.4
      vertex 152 105 5
    endloop
  endfacet
  facet normal 0 1 0
    outer loop
      vertex 163 94 5
      vertex 163 94 0.4
      vertex 152 94 0.4
    endloop
  endfacet
  facet normal 0 -1 0
    outer loop
      vertex 152 105 5
      vertex 152 105 0.4
      vertex 163 105 0.4
    endloop
  endfacet
  facet normal -1 0 0
    outer loop
      vertex 163 94 5
      vertex 163 105 0.4
      vertex 163 94 0.4
    endloop
  endfacet
  facet normal 0 1 0
    outer loop
      vertex 152 94 5
      vertex 163 94 5
      vertex 152 94 0.4
    endloop
  endfacet
  facet normal -1 0 0
    outer loop
      vertex 163 94 5
      vertex 163 105 5
      vertex 163 105 0.4
    endloop
  endfacet
  facet normal 0 -1 0
    outer loop
      vertex 152 105 5
      vertex 163 105 0.4
      vertex 163 105 5
    endloop
  endfacet
  facet normal 1 0 0
    outer loop
      vertex 152 88 5
      vertex 152 77 0.4
      vertex 152 88 0.4
    endloop
  endfacet
  facet normal 1 0 0
    outer loop
      vertex 152 77 5
      vertex 152 77 0.4
      vertex 152 88 5
    endloop
  endfacet
  facet normal 0 -1 0
    outer loop
      vertex 152 88 5
      vertex 152 88 0.4
      vertex 163 88 0.4
    endloop
  endfacet
  facet normal 0 1 0
    outer loop
      vertex 163 77 5
      vertex 163 77 0.4
      vertex 152 77 0.4
    endloop
  endfacet
  facet normal -1 0 0
    outer loop
      vertex 163 77 5
      vertex 163 88 0.4
      vertex 163 77 0.4
    endloop
  endfacet
  facet normal 0 1 0
    outer loop
      vertex 152 77 5
      vertex 163 77 5
      vertex 152 77 0.4
    endloop
  endfacet
  facet normal -1 0 0
    outer loop
      vertex 163 77 5
      vertex 163 88 5
      vertex 163 88 0.4
    endloop
  endfacet
  facet normal 0 -1 0
    outer loop
      vertex 152 88 5
      vertex 163 88 0.4
      vertex 163 88 5
    endloop
  endfacet
  facet normal 1 0 0
    outer loop
      vertex 152 60 5
      vertex 152 60 0.4
      vertex 152 71 5
    endloop
  endfacet
  facet normal 1 0 0
    outer loop
      vertex 152 71 5
      vertex 152 60 0.4
      vertex 152 71 0.4
    endloop
  endfacet
  facet normal 0 1 0
    outer loop
      vertex 163 60 5
      vertex 163 60 0.4
      vertex 152 60 0.4
    endloop
  endfacet
  facet normal -1 0 0
    outer loop
      vertex 163 60 5
      vertex 163 71 0.4
      vertex 163 60 0.4
    endloop
  endfacet
  facet normal 0 1 0
    outer loop
      vertex 152 60 5
      vertex 163 60 5
      vertex 152 60 0.4
    endloop
  endfacet
  facet normal 0 -1 0
    outer loop
      vertex 152 71 5
      vertex 152 71 0.4
      vertex 163 71 0.4
    endloop
  endfacet
  facet normal -1 0 0
    outer loop
      vertex 163 60 5
      vertex 163 71 5
      vertex 163 71 0.4
    endloop
  endfacet
  facet normal 0 -1 0
    outer loop
      vertex 152 71 5
      vertex 163 71 0.4
      vertex 163 71 5
    endloop
  endfacet
  facet normal 1 0 0
    outer loop
      vertex 152 37 5
      vertex 152 26 0.4
      vertex 152 37 0.4
    endloop
  endfacet
  facet normal 1 0 0
    outer loop
      vertex 152 26 5
      vertex 152 26 0.4
      vertex 152 37 5
    endloop
  endfacet
  facet normal 0 1 0
    outer loop
      vertex 163 26 5
      vertex 163 26 0.4
      vertex 152 26 0.4
    endloop
  endfacet
  facet normal -1 0 0
    outer loop
      vertex 163 26 5
      vertex 163 37 0.4
      vertex 163 26 0.4
    endloop
  endfacet
  facet normal 0 -1 0
    outer loop
      vertex 152 37 5
      vertex 152 37 0.4
      vertex 163 37 0.4
    endloop
  endfacet
  facet normal 0 1 0
    outer loop
      vertex 152 26 5
      vertex 163 26 5
      vertex 152 26 0.4
    endloop
  endfacet
  facet normal -1 0 0
    outer loop
      vertex 163 26 5
      vertex 163 37 5
      vertex 163 37 0.4
    endloop
  endfacet
  facet normal 0 -1 0
    outer loop
      vertex 152 37 5
      vertex 163 37 0.4
      vertex 163 37 5
    endloop
  endfacet
  facet normal 1 0 0
    outer loop
      vertex 152 54 5
      vertex 152 43 0.4
      vertex 152 54 0.4
    endloop
  endfacet
  facet normal 1 0 0
    outer loop
      vertex 152 43 5
      vertex 152 43 0.4
      vertex 152 54 5
    endloop
  endfacet
  facet normal 0 -1 0
    outer loop
      vertex 152 54 5
      vertex 152 54 0.4
      vertex 163 54 0.4
    endloop
  endfacet
  facet normal 0 1 0
    outer loop
      vertex 163 43 5
      vertex 163 43 0.4
      vertex 152 43 0.4
    endloop
  endfacet
  facet normal -1 0 0
    outer loop
      vertex 163 43 5
      vertex 163 54 0.4
      vertex 163 43 0.4
    endloop
  endfacet
  facet normal 0 1 0
    outer loop
      vertex 152 43 5
      vertex 163 43 5
      vertex 152 43 0.4
    endloop
  endfacet
  facet normal -1 0 0
    outer loop
      vertex 163 43 5
      vertex 163 54 5
      vertex 163 54 0.4
    endloop
  endfacet
  facet normal 0 -1 0
    outer loop
      vertex 152 54 5
      vertex 163 54 0.4
      vertex 163 54 5
    endloop
  endfacet
  facet normal 1 0 0
    outer loop
      vertex 135 122 5
      vertex 135 111 0.4
      vertex 135 122 0.4
    endloop
  endfacet
  facet normal 1 0 0
    outer loop
      vertex 135 111 5
      vertex 135 111 0.4
      vertex 135 122 5
    endloop
  endfacet
  facet normal 0 1 0
    outer loop
      vertex 146 111 5
      vertex 146 111 0.4
      vertex 135 111 0.4
    endloop
  endfacet
  facet normal -1 0 0
    outer loop
      vertex 146 111 5
      vertex 146 122 0.4
      vertex 146 111 0.4
    endloop
  endfacet
  facet normal 0 -1 0
    outer loop
      vertex 135 122 5
      vertex 135 122 0.4
      vertex 146 122 0.4
    endloop
  endfacet
  facet normal 0 1 0
    outer loop
      vertex 135 111 5
      vertex 146 111 5
      vertex 135 111 0.4
    endloop
  endfacet
  facet normal -1 0 0
    outer loop
      vertex 146 111 5
      vertex 146 122 5
      vertex 146 122 0.4
    endloop
  endfacet
  facet normal 0 -1 0
    outer loop
      vertex 135 122 5
      vertex 146 122 0.4
      vertex 146 122 5
    endloop
  endfacet
  facet normal 1 0 0
    outer loop
      vertex 135 105 5
      vertex 135 94 0.4
      vertex 135 105 0.4
    endloop
  endfacet
  facet normal 1 0 0
    outer loop
      vertex 135 94 5
      vertex 135 94 0.4
      vertex 135 105 5
    endloop
  endfacet
  facet normal 0 1 0
    outer loop
      vertex 146 94 5
      vertex 146 94 0.4
      vertex 135 94 0.4
    endloop
  endfacet
  facet normal 0 -1 0
    outer loop
      vertex 135 105 5
      vertex 135 105 0.4
      vertex 146 105 0.4
    endloop
  endfacet
  facet normal -1 0 0
    outer loop
      vertex 146 94 5
      vertex 146 105 0.4
      vertex 146 94 0.4
    endloop
  endfacet
  facet normal 0 1 0
    outer loop
      vertex 135 94 5
      vertex 146 94 5
      vertex 135 94 0.4
    endloop
  endfacet
  facet normal -1 0 0
    outer loop
      vertex 146 94 5
      vertex 146 105 5
      vertex 146 105 0.4
    endloop
  endfacet
  facet normal 0 -1 0
    outer loop
      vertex 135 105 5
      vertex 146 105 0.4
      vertex 146 105 5
    endloop
  endfacet
  facet normal 1 0 0
    outer loop
      vertex 135 88 5
      vertex 135 77 0.4
      vertex 135 88 0.4
    endloop
  endfacet
  facet normal 1 0 0
    outer loop
      vertex 135 77 5
      vertex 135 77 0.4
      vertex 135 88 5
    endloop
  endfacet
  facet normal 0 1 0
    outer loop
      vertex 146 77 5
      vertex 146 77 0.4
      vertex 135 77 0.4
    endloop
  endfacet
  facet normal -1 0 0
    outer loop
      vertex 146 77 5
      vertex 146 88 0.4
      vertex 146 77 0.4
    endloop
  endfacet
  facet normal 0 -1 0
    outer loop
      vertex 135 88 5
      vertex 135 88 0.4
      vertex 146 88 0.4
    endloop
  endfacet
  facet normal 0 1 0
    outer loop
      vertex 135 77 5
      vertex 146 77 5
      vertex 135 77 0.4
    endloop
  endfacet
  facet normal -1 0 0
    outer loop
      vertex 146 77 5
      vertex 146 88 5
      vertex 146 88 0.4
    endloop
  endfacet
  facet normal 0 -1 0
    outer loop
      vertex 135 88 5
      vertex 146 88 0.4
      vertex 146 88 5
    endloop
  endfacet
  facet normal 1 0 0
    outer loop
      vertex 135 60 5
      vertex 135 60 0.4
      vertex 135 71 5
    endloop
  endfacet
  facet normal 1 0 0
    outer loop
      vertex 135 71 5
      vertex 135 60 0.4
      vertex 135 71 0.4
    endloop
  endfacet
  facet normal 0 1 0
    outer loop
      vertex 146 60 5
      vertex 146 60 0.4
      vertex 135 60 0.4
    endloop
  endfacet
  facet normal -1 0 0
    outer loop
      vertex 146 60 5
      vertex 146 71 0.4
      vertex 146 60 0.4
    endloop
  endfacet
  facet normal 0 1 0
    outer loop
      vertex 135 60 5
      vertex 146 60 5
      vertex 135 60 0.4
    endloop
  endfacet
  facet normal 0 -1 0
    outer loop
      vertex 135 71 5
      vertex 135 71 0.4
      vertex 146 71 0.4
    endloop
  endfacet
  facet normal -1 0 0
    outer loop
      vertex 146 60 5
      vertex 146 71 5
      vertex 146 71 0.4
    endloop
  endfacet
  facet normal 0 -1 0
    outer loop
      vertex 135 71 5
      vertex 146 71 0.4
      vertex 146 71 5
    endloop
  endfacet
  facet normal 1 0 0
    outer loop
      vertex 135 37 5
      vertex 135 26 0.4
      vertex 135 37 0.4
    endloop
  endfacet
  facet normal 1 0 0
    outer loop
      vertex 135 26 5
      vertex 135 26 0.4
      vertex 135 37 5
    endloop
  endfacet
  facet normal 0 1 0
    outer loop
      vertex 146 26 5
      vertex 146 26 0.4
      vertex 135 26 0.4
    endloop
  endfacet
  facet normal -1 0 0
    outer loop
      vertex 146 26 5
      vertex 146 37 0.4
      vertex 146 26 0.4
    endloop
  endfacet
  facet normal 0 -1 0
    outer loop
      vertex 135 37 5
      vertex 135 37 0.4
      vertex 146 37 0.4
    endloop
  endfacet
  facet normal 0 1 0
    outer loop
      vertex 135 26 5
      vertex 146 26 5
      vertex 135 26 0.4
    endloop
  endfacet
  facet normal -1 0 0
    outer loop
      vertex 146 26 5
      vertex 146 37 5
      vertex 146 37 0.4
    endloop
  endfacet
  facet normal 0 -1 0
    outer loop
      vertex 135 37 5
      vertex 146 37 0.4
      vertex 146 37 5
    endloop
  endfacet
  facet normal 1 0 0
    outer loop
      vertex 135 54 5
      vertex 135 43 0.4
      vertex 135 54 0.4
    endloop
  endfacet
  facet normal 1 0 0
    outer loop
      vertex 135 43 5
      vertex 135 43 0.4
      vertex 135 54 5
    endloop
  endfacet
  facet normal 0 1 0
    outer loop
      vertex 146 43 5
      vertex 146 43 0.4
      vertex 135 43 0.4
    endloop
  endfacet
  facet normal -1 0 0
    outer loop
      vertex 146 43 5
      vertex 146 54 0.4
      vertex 146 43 0.4
    endloop
  endfacet
  facet normal 0 -1 0
    outer loop
      vertex 135 54 5
      vertex 135 54 0.4
      vertex 146 54 0.4
    endloop
  endfacet
  facet normal 0 1 0
    outer loop
      vertex 135 43 5
      vertex 146 43 5
      vertex 135 43 0.4
    endloop
  endfacet
  facet normal -1 0 0
    outer loop
      vertex 146 43 5
      vertex 146 54 5
      vertex 146 54 0.4
    endloop
  endfacet
  facet normal 0 -1 0
    outer loop
      vertex 135 54 5
      vertex 146 54 0.4
      vertex 146 54 5
    endloop
  endfacet
  facet normal 1 0 0
    outer loop
      vertex 118 122 5
      vertex 118 111 0.4
      vertex 118 122 0.4
    endloop
  endfacet
  facet normal 1 0 0
    outer loop
      vertex 118 111 5
      vertex 118 111 0.4
      vertex 118 122 5
    endloop
  endfacet
  facet normal 0 1 0
    outer loop
      vertex 129 111 5
      vertex 129 111 0.4
      vertex 118 111 0.4
    endloop
  endfacet
  facet normal 0 -1 0
    outer loop
      vertex 118 122 5
      vertex 118 122 0.4
      vertex 129 122 0.4
    endloop
  endfacet
  facet normal -1 0 0
    outer loop
      vertex 129 111 5
      vertex 129 122 0.4
      vertex 129 111 0.4
    endloop
  endfacet
  facet normal 0 1 0
    outer loop
      vertex 118 111 5
      vertex 129 111 5
      vertex 118 111 0.4
    endloop
  endfacet
  facet normal -1 0 0
    outer loop
      vertex 129 111 5
      vertex 129 122 5
      vertex 129 122 0.4
    endloop
  endfacet
  facet normal 0 -1 0
    outer loop
      vertex 118 122 5
      vertex 129 122 0.4
      vertex 129 122 5
    endloop
  endfacet
  facet normal 1 0 0
    outer loop
      vertex 118 105 5
      vertex 118 94 0.4
      vertex 118 105 0.4
    endloop
  endfacet
  facet normal 1 0 0
    outer loop
      vertex 118 94 5
      vertex 118 94 0.4
      vertex 118 105 5
    endloop
  endfacet
  facet normal 0 1 0
    outer loop
      vertex 129 94 5
      vertex 129 94 0.4
      vertex 118 94 0.4
    endloop
  endfacet
  facet normal 0 -1 0
    outer loop
      vertex 118 105 5
      vertex 118 105 0.4
      vertex 129 105 0.4
    endloop
  endfacet
  facet normal -1 0 0
    outer loop
      vertex 129 94 5
      vertex 129 105 0.4
      vertex 129 94 0.4
    endloop
  endfacet
  facet normal 0 1 0
    outer loop
      vertex 118 94 5
      vertex 129 94 5
      vertex 118 94 0.4
    endloop
  endfacet
  facet normal -1 0 0
    outer loop
      vertex 129 94 5
      vertex 129 105 5
      vertex 129 105 0.4
    endloop
  endfacet
  facet normal 0 -1 0
    outer loop
      vertex 118 105 5
      vertex 129 105 0.4
      vertex 129 105 5
    endloop
  endfacet
  facet normal 1 0 0
    outer loop
      vertex 118 88 5
      vertex 118 77 0.4
      vertex 118 88 0.4
    endloop
  endfacet
  facet normal 1 0 0
    outer loop
      vertex 118 77 5
      vertex 118 77 0.4
      vertex 118 88 5
    endloop
  endfacet
  facet normal 0 1 0
    outer loop
      vertex 129 77 5
      vertex 129 77 0.4
      vertex 118 77 0.4
    endloop
  endfacet
  facet normal -1 0 0
    outer loop
      vertex 129 77 5
      vertex 129 88 0.4
      vertex 129 77 0.4
    endloop
  endfacet
  facet normal 0 -1 0
    outer loop
      vertex 118 88 5
      vertex 118 88 0.4
      vertex 129 88 0.4
    endloop
  endfacet
  facet normal 0 1 0
    outer loop
      vertex 118 77 5
      vertex 129 77 5
      vertex 118 77 0.4
    endloop
  endfacet
  facet normal -1 0 0
    outer loop
      vertex 129 77 5
      vertex 129 88 5
      vertex 129 88 0.4
    endloop
  endfacet
  facet normal 0 -1 0
    outer loop
      vertex 118 88 5
      vertex 129 88 0.4
      vertex 129 88 5
    endloop
  endfacet
  facet normal 1 0 0
    outer loop
      vertex 118 60 5
      vertex 118 60 0.4
      vertex 118 71 5
    endloop
  endfacet
  facet normal 1 0 0
    outer loop
      vertex 118 71 5
      vertex 118 60 0.4
      vertex 118 71 0.4
    endloop
  endfacet
  facet normal 0 1 0
    outer loop
      vertex 129 60 5
      vertex 129 60 0.4
      vertex 118 60 0.4
    endloop
  endfacet
  facet normal -1 0 0
    outer loop
      vertex 129 60 5
      vertex 129 71 0.4
      vertex 129 60 0.4
    endloop
  endfacet
  facet normal 0 1 0
    outer loop
      vertex 118 60 5
      vertex 129 60 5
      vertex 118 60 0.4
    endloop
  endfacet
  facet normal 0 -1 0
    outer loop
      vertex 118 71 5
      vertex 118 71 0.4
      vertex 129 71 0.4
    endloop
  endfacet
  facet normal -1 0 0
    outer loop
      vertex 129 60 5
      vertex 129 71 5
      vertex 129 71 0.4
    endloop
  endfacet
  facet normal 0 -1 0
    outer loop
      vertex 118 71 5
      vertex 129 71 0.4
      vertex 129 71 5
    endloop
  endfacet
  facet normal 1 0 0
    outer loop
      vertex 118 37 5
      vertex 118 26 0.4
      vertex 118 37 0.4
    endloop
  endfacet
  facet normal 1 0 0
    outer loop
      vertex 118 26 5
      vertex 118 26 0.4
      vertex 118 37 5
    endloop
  endfacet
  facet normal 0 1 0
    outer loop
      vertex 129 26 5
      vertex 129 26 0.4
      vertex 118 26 0.4
    endloop
  endfacet
  facet normal -1 0 0
    outer loop
      vertex 129 26 5
      vertex 129 37 0.4
      vertex 129 26 0.4
    endloop
  endfacet
  facet normal 0 -1 0
    outer loop
      vertex 118 37 5
      vertex 118 37 0.4
      vertex 129 37 0.4
    endloop
  endfacet
  facet normal 0 1 0
    outer loop
      vertex 118 26 5
      vertex 129 26 5
      vertex 118 26 0.4
    endloop
  endfacet
  facet normal -1 0 0
    outer loop
      vertex 129 26 5
      vertex 129 37 5
      vertex 129 37 0.4
    endloop
  endfacet
  facet normal 0 -1 0
    outer loop
      vertex 118 37 5
      vertex 129 37 0.4
      vertex 129 37 5
    endloop
  endfacet
  facet normal 1 0 0
    outer loop
      vertex 118 54 5
      vertex 118 43 0.4
      vertex 118 54 0.4
    endloop
  endfacet
  facet normal 1 0 0
    outer loop
      vertex 118 43 5
      vertex 118 43 0.4
      vertex 118 54 5
    endloop
  endfacet
  facet normal 0 1 0
    outer loop
      vertex 129 43 5
      vertex 129 43 0.4
      vertex 118 43 0.4
    endloop
  endfacet
  facet normal -1 0 0
    outer loop
      vertex 129 43 5
      vertex 129 54 0.4
      vertex 129 43 0.4
    endloop
  endfacet
  facet normal 0 -1 0
    outer loop
      vertex 118 54 5
      vertex 118 54 0.4
      vertex 129 54 0.4
    endloop
  endfacet
  facet normal 0 1 0
    outer loop
      vertex 118 43 5
      vertex 129 43 5
      vertex 118 43 0.4
    endloop
  endfacet
  facet normal -1 0 0
    outer loop
      vertex 129 43 5
      vertex 129 54 5
      vertex 129 54 0.4
    endloop
  endfacet
  facet normal 0 -1 0
    outer loop
      vertex 118 54 5
      vertex 129 54 0.4
      vertex 129 54 5
    endloop
  endfacet
  facet normal 1 0 0
    outer loop
      vertex 101 122 5
      vertex 101 111 0.4
      vertex 101 122 0.4
    endloop
  endfacet
  facet normal 1 0 0
    outer loop
      vertex 101 111 5
      vertex 101 111 0.4
      vertex 101 122 5
    endloop
  endfacet
  facet normal 0 1 0
    outer loop
      vertex 112 111 5
      vertex 112 111 0.4
      vertex 101 111 0.4
    endloop
  endfacet
  facet normal -1 0 0
    outer loop
      vertex 112 111 5
      vertex 112 122 0.4
      vertex 112 111 0.4
    endloop
  endfacet
  facet normal 0 -1 0
    outer loop
      vertex 101 122 5
      vertex 101 122 0.4
      vertex 112 122 0.4
    endloop
  endfacet
  facet normal 0 1 0
    outer loop
      vertex 101 111 5
      vertex 112 111 5
      vertex 101 111 0.4
    endloop
  endfacet
  facet normal -1 0 0
    outer loop
      vertex 112 111 5
      vertex 112 122 5
      vertex 112 122 0.4
    endloop
  endfacet
  facet normal 0 -1 0
    outer loop
      vertex 101 122 5
      vertex 112 122 0.4
      vertex 112 122 5
    endloop
  endfacet
  facet normal 1 0 0
    outer loop
      vertex 101 105 5
      vertex 101 94 0.4
      vertex 101 105 0.4
    endloop
  endfacet
  facet normal 1 0 0
    outer loop
      vertex 101 94 5
      vertex 101 94 0.4
      vertex 101 105 5
    endloop
  endfacet
  facet normal 0 1 0
    outer loop
      vertex 112 94 5
      vertex 112 94 0.4
      vertex 101 94 0.4
    endloop
  endfacet
  facet normal 0 -1 0
    outer loop
      vertex 101 105 5
      vertex 101 105 0.4
      vertex 112 105 0.4
    endloop
  endfacet
  facet normal -1 0 0
    outer loop
      vertex 112 94 5
      vertex 112 105 0.4
      vertex 112 94 0.4
    endloop
  endfacet
  facet normal 0 1 0
    outer loop
      vertex 101 94 5
      vertex 112 94 5
      vertex 101 94 0.4
    endloop
  endfacet
  facet normal -1 0 0
    outer loop
      vertex 112 94 5
      vertex 112 105 5
      vertex 112 105 0.4
    endloop
  endfacet
  facet normal 0 -1 0
    outer loop
      vertex 101 105 5
      vertex 112 105 0.4
      vertex 112 105 5
    endloop
  endfacet
  facet normal 1 0 0
    outer loop
      vertex 101 88 5
      vertex 101 77 0.4
      vertex 101 88 0.4
    endloop
  endfacet
  facet normal 1 0 0
    outer loop
      vertex 101 77 5
      vertex 101 77 0.4
      vertex 101 88 5
    endloop
  endfacet
  facet normal 0 1 0
    outer loop
      vertex 112 77 5
      vertex 112 77 0.4
      vertex 101 77 0.4
    endloop
  endfacet
  facet normal -1 0 0
    outer loop
      vertex 112 77 5
      vertex 112 88 0.4
      vertex 112 77 0.4
    endloop
  endfacet
  facet normal 0 -1 0
    outer loop
      vertex 101 88 5
      vertex 101 88 0.4
      vertex 112 88 0.4
    endloop
  endfacet
  facet normal 0 1 0
    outer loop
      vertex 101 77 5
      vertex 112 77 5
      vertex 101 77 0.4
    endloop
  endfacet
  facet normal -1 0 0
    outer loop
      vertex 112 77 5
      vertex 112 88 5
      vertex 112 88 0.4
    endloop
  endfacet
  facet normal 0 -1 0
    outer loop
      vertex 101 88 5
      vertex 112 88 0.4
      vertex 112 88 5
    endloop
  endfacet
  facet normal 1 0 0
    outer loop
      vertex 101 60 5
      vertex 101 60 0.4
      vertex 101 71 5
    endloop
  endfacet
  facet normal 1 0 0
    outer loop
      vertex 101 71 5
      vertex 101 60 0.4
      vertex 101 71 0.4
    endloop
  endfacet
  facet normal 0 1 0
    outer loop
      vertex 112 60 5
      vertex 112 60 0.4
      vertex 101 60 0.4
    endloop
  endfacet
  facet normal -1 0 0
    outer loop
      vertex 112 60 5
      vertex 112 71 0.4
      vertex 112 60 0.4
    endloop
  endfacet
  facet normal 0 1 0
    outer loop
      vertex 101 60 5
      vertex 112 60 5
      vertex 101 60 0.4
    endloop
  endfacet
  facet normal 0 -1 0
    outer loop
      vertex 101 71 5
      vertex 101 71 0.4
      vertex 112 71 0.4
    endloop
  endfacet
  facet normal -1 0 0
    outer loop
      vertex 112 60 5
      vertex 112 71 5
      vertex 112 71 0.4
    endloop
  endfacet
  facet normal 0 -1 0
    outer loop
      vertex 101 71 5
      vertex 112 71 0.4
      vertex 112 71 5
    endloop
  endfacet
  facet normal 1 0 0
    outer loop
      vertex 101 37 5
      vertex 101 26 0.4
      vertex 101 37 0.4
    endloop
  endfacet
  facet normal 1 0 0
    outer loop
      vertex 101 26 5
      vertex 101 26 0.4
      vertex 101 37 5
    endloop
  endfacet
  facet normal 0 1 0
    outer loop
      vertex 112 26 5
      vertex 112 26 0.4
      vertex 101 26 0.4
    endloop
  endfacet
  facet normal -1 0 0
    outer loop
      vertex 112 26 5
      vertex 112 37 0.4
      vertex 112 26 0.4
    endloop
  endfacet
  facet normal 0 -1 0
    outer loop
      vertex 101 37 5
      vertex 101 37 0.4
      vertex 112 37 0.4
    endloop
  endfacet
  facet normal 0 1 0
    outer loop
      vertex 101 26 5
      vertex 112 26 5
      vertex 101 26 0.4
    endloop
  endfacet
  facet normal -1 0 0
    outer loop
      vertex 112 26 5
      vertex 112 37 5
      vertex 112 37 0.4
    endloop
  endfacet
  facet normal 0 -1 0
    outer loop
      vertex 101 37 5
      vertex 112 37 0.4
      vertex 112 37 5
    endloop
  endfacet
  facet normal 1 0 0
    outer loop
      vertex 101 54 5
      vertex 101 43 0.4
      vertex 101 54 0.4
    endloop
  endfacet
  facet normal 1 0 0
    outer loop
      vertex 101 43 5
      vertex 101 43 0.4
      vertex 101 54 5
    endloop
  endfacet
  facet normal 0 1 0
    outer loop
      vertex 112 43 5
      vertex 112 43 0.4
      vertex 101 43 0.4
    endloop
  endfacet
  facet normal -1 0 0
    outer loop
      vertex 112 43 5
      vertex 112 54 0.4
      vertex 112 43 0.4
    endloop
  endfacet
  facet normal 0 -1 0
    outer loop
      vertex 101 54 5
      vertex 101 54 0.4
      vertex 112 54 0.4
    endloop
  endfacet
  facet normal 0 1 0
    outer loop
      vertex 101 43 5
      vertex 112 43 5
      vertex 101 43 0.4
    endloop
  endfacet
  facet normal -1 0 0
    outer loop
      vertex 112 43 5
      vertex 112 54 5
      vertex 112 54 0.4
    endloop
  endfacet
  facet normal 0 -1 0
    outer loop
      vertex 101 54 5
      vertex 112 54 0.4
      vertex 112 54 5
    endloop
  endfacet
  facet normal 1 0 0
    outer loop
      vertex 84 122 5
      vertex 84 111 0.4
      vertex 84 122 0.4
    endloop
  endfacet
  facet normal 1 0 0
    outer loop
      vertex 84 111 5
      vertex 84 111 0.4
      vertex 84 122 5
    endloop
  endfacet
  facet normal 0 -1 0
    outer loop
      vertex 84 122 5
      vertex 84 122 0.4
      vertex 95 122 0.4
    endloop
  endfacet
  facet normal 0 1 0
    outer loop
      vertex 84 111 5
      vertex 95 111 5
      vertex 84 111 0.4
    endloop
  endfacet
  facet normal 0 1 0
    outer loop
      vertex 95 111 5
      vertex 95 111 0.4
      vertex 84 111 0.4
    endloop
  endfacet
  facet normal -1 0 0
    outer loop
      vertex 95 111 5
      vertex 95 122 0.4
      vertex 95 111 0.4
    endloop
  endfacet
  facet normal -1 0 0
    outer loop
      vertex 95 111 5
      vertex 95 122 5
      vertex 95 122 0.4
    endloop
  endfacet
  facet normal 0 -1 0
    outer loop
      vertex 84 122 5
      vertex 95 122 0.4
      vertex 95 122 5
    endloop
  endfacet
  facet normal 1 0 0
    outer loop
      vertex 84 105 5
      vertex 84 94 0.4
      vertex 84 105 0.4
    endloop
  endfacet
  facet normal 1 0 0
    outer loop
      vertex 84 94 5
      vertex 84 94 0.4
      vertex 84 105 5
    endloop
  endfacet
  facet normal 0 -1 0
    outer loop
      vertex 84 105 5
      vertex 84 105 0.4
      vertex 95 105 0.4
    endloop
  endfacet
  facet normal 0 1 0
    outer loop
      vertex 84 94 5
      vertex 95 94 5
      vertex 84 94 0.4
    endloop
  endfacet
  facet normal 0 1 0
    outer loop
      vertex 95 94 5
      vertex 95 94 0.4
      vertex 84 94 0.4
    endloop
  endfacet
  facet normal -1 0 0
    outer loop
      vertex 95 94 5
      vertex 95 105 0.4
      vertex 95 94 0.4
    endloop
  endfacet
  facet normal -1 0 0
    outer loop
      vertex 95 94 5
      vertex 95 105 5
      vertex 95 105 0.4
    endloop
  endfacet
  facet normal 0 -1 0
    outer loop
      vertex 84 105 5
      vertex 95 105 0.4
      vertex 95 105 5
    endloop
  endfacet
  facet normal 1 0 0
    outer loop
      vertex 84 88 5
      vertex 84 77 0.4
      vertex 84 88 0.4
    endloop
  endfacet
  facet normal 1 0 0
    outer loop
      vertex 84 77 5
      vertex 84 77 0.4
      vertex 84 88 5
    endloop
  endfacet
  facet normal 0 -1 0
    outer loop
      vertex 84 88 5
      vertex 84 88 0.4
      vertex 95 88 0.4
    endloop
  endfacet
  facet normal 0 1 0
    outer loop
      vertex 84 77 5
      vertex 95 77 5
      vertex 84 77 0.4
    endloop
  endfacet
  facet normal 0 1 0
    outer loop
      vertex 95 77 5
      vertex 95 77 0.4
      vertex 84 77 0.4
    endloop
  endfacet
  facet normal -1 0 0
    outer loop
      vertex 95 77 5
      vertex 95 88 0.4
      vertex 95 77 0.4
    endloop
  endfacet
  facet normal -1 0 0
    outer loop
      vertex 95 77 5
      vertex 95 88 5
      vertex 95 88 0.4
    endloop
  endfacet
  facet normal 0 -1 0
    outer loop
      vertex 84 88 5
      vertex 95 88 0.4
      vertex 95 88 5
    endloop
  endfacet
  facet normal 1 0 0
    outer loop
      vertex 84 60 5
      vertex 84 60 0.4
      vertex 84 71 5
    endloop
  endfacet
  facet normal 1 0 0
    outer loop
      vertex 84 71 5
      vertex 84 60 0.4
      vertex 84 71 0.4
    endloop
  endfacet
  facet normal 0 1 0
    outer loop
      vertex 84 60 5
      vertex 95 60 5
      vertex 84 60 0.4
    endloop
  endfacet
  facet normal 0 -1 0
    outer loop
      vertex 84 71 5
      vertex 84 71 0.4
      vertex 95 71 0.4
    endloop
  endfacet
  facet normal 0 1 0
    outer loop
      vertex 95 60 5
      vertex 95 60 0.4
      vertex 84 60 0.4
    endloop
  endfacet
  facet normal -1 0 0
    outer loop
      vertex 95 60 5
      vertex 95 71 0.4
      vertex 95 60 0.4
    endloop
  endfacet
  facet normal -1 0 0
    outer loop
      vertex 95 60 5
      vertex 95 71 5
      vertex 95 71 0.4
    endloop
  endfacet
  facet normal 0 -1 0
    outer loop
      vertex 84 71 5
      vertex 95 71 0.4
      vertex 95 71 5
    endloop
  endfacet
  facet normal 1 0 0
    outer loop
      vertex 84 37 5
      vertex 84 26 0.4
      vertex 84 37 0.4
    endloop
  endfacet
  facet normal 1 0 0
    outer loop
      vertex 84 26 5
      vertex 84 26 0.4
      vertex 84 37 5
    endloop
  endfacet
  facet normal 0 -1 0
    outer loop
      vertex 84 37 5
      vertex 84 37 0.4
      vertex 95 37 0.4
    endloop
  endfacet
  facet normal 0 1 0
    outer loop
      vertex 84 26 5
      vertex 95 26 5
      vertex 84 26 0.4
    endloop
  endfacet
  facet normal 0 1 0
    outer loop
      vertex 95 26 5
      vertex 95 26 0.4
      vertex 84 26 0.4
    endloop
  endfacet
  facet normal -1 0 0
    outer loop
      vertex 95 26 5
      vertex 95 37 0.4
      vertex 95 26 0.4
    endloop
  endfacet
  facet normal -1 0 0
    outer loop
      vertex 95 26 5
      vertex 95 37 5
      vertex 95 37 0.4
    endloop
  endfacet
  facet normal 0 -1 0
    outer loop
      vertex 84 37 5
      vertex 95 37 0.4
      vertex 95 37 5
    endloop
  endfacet
  facet normal 1 0 0
    outer loop
      vertex 84 54 5
      vertex 84 43 0.4
      vertex 84 54 0.4
    endloop
  endfacet
  facet normal 1 0 0
    outer loop
      vertex 84 43 5
      vertex 84 43 0.4
      vertex 84 54 5
    endloop
  endfacet
  facet normal 0 -1 0
    outer loop
      vertex 84 54 5
      vertex 84 54 0.4
      vertex 95 54 0.4
    endloop
  endfacet
  facet normal 0 1 0
    outer loop
      vertex 84 43 5
      vertex 95 43 5
      vertex 84 43 0.4
    endloop
  endfacet
  facet normal 0 1 0
    outer loop
      vertex 95 43 5
      vertex 95 43 0.4
      vertex 84 43 0.4
    endloop
  endfacet
  facet normal -1 0 0
    outer loop
      vertex 95 43 5
      vertex 95 54 0.4
      vertex 95 43 0.4
    endloop
  endfacet
  facet normal -1 0 0
    outer loop
      vertex 95 43 5
      vertex 95 54 5
      vertex 95 54 0.4
    endloop
  endfacet
  facet normal 0 -1 0
    outer loop
      vertex 84 54 5
      vertex 95 54 0.4
      vertex 95 54 5
    endloop
  endfacet
  facet normal 1 0 0
    outer loop
      vertex 67 122 5
      vertex 67 111 0.4
      vertex 67 122 0.4
    endloop
  endfacet
  facet normal 1 0 0
    outer loop
      vertex 67 111 5
      vertex 67 111 0.4
      vertex 67 122 5
    endloop
  endfacet
  facet normal 0 1 0
    outer loop
      vertex 78 111 5
      vertex 78 111 0.4
      vertex 67 111 0.4
    endloop
  endfacet
  facet normal -1 0 0
    outer loop
      vertex 78 111 5
      vertex 78 122 0.4
      vertex 78 111 0.4
    endloop
  endfacet
  facet normal 0 -1 0
    outer loop
      vertex 67 122 5
      vertex 67 122 0.4
      vertex 78 122 0.4
    endloop
  endfacet
  facet normal 0 1 0
    outer loop
      vertex 67 111 5
      vertex 78 111 5
      vertex 67 111 0.4
    endloop
  endfacet
  facet normal -1 0 0
    outer loop
      vertex 78 111 5
      vertex 78 122 5
      vertex 78 122 0.4
    endloop
  endfacet
  facet normal 0 -1 0
    outer loop
      vertex 67 122 5
      vertex 78 122 0.4
      vertex 78 122 5
    endloop
  endfacet
  facet normal 1 0 0
    outer loop
      vertex 67 105 5
      vertex 67 94 0.4
      vertex 67 105 0.4
    endloop
  endfacet
  facet normal 1 0 0
    outer loop
      vertex 67 94 5
      vertex 67 94 0.4
      vertex 67 105 5
    endloop
  endfacet
  facet normal 0 1 0
    outer loop
      vertex 78 94 5
      vertex 78 94 0.4
      vertex 67 94 0.4
    endloop
  endfacet
  facet normal 0 -1 0
    outer loop
      vertex 67 105 5
      vertex 67 105 0.4
      vertex 78 105 0.4
    endloop
  endfacet
  facet normal -1 0 0
    outer loop
      vertex 78 94 5
      vertex 78 105 0.4
      vertex 78 94 0.4
    endloop
  endfacet
  facet normal 0 1 0
    outer loop
      vertex 67 94 5
      vertex 78 94 5
      vertex 67 94 0.4
    endloop
  endfacet
  facet normal -1 0 0
    outer loop
      vertex 78 94 5
      vertex 78 105 5
      vertex 78 105 0.4
    endloop
  endfacet
  facet normal 0 -1 0
    outer loop
      vertex 67 105 5
      vertex 78 105 0.4
      vertex 78 105 5
    endloop
  endfacet
  facet normal 1 0 0
    outer loop
      vertex 67 88 5
      vertex 67 77 0.4
      vertex 67 88 0.4
    endloop
  endfacet
  facet normal 1 0 0
    outer loop
      vertex 67 77 5
      vertex 67 77 0.4
      vertex 67 88 5
    endloop
  endfacet
  facet normal 0 1 0
    outer loop
      vertex 78 77 5
      vertex 78 77 0.4
      vertex 67 77 0.4
    endloop
  endfacet
  facet normal -1 0 0
    outer loop
      vertex 78 77 5
      vertex 78 88 0.4
      vertex 78 77 0.4
    endloop
  endfacet
  facet normal 0 -1 0
    outer loop
      vertex 67 88 5
      vertex 67 88 0.4
      vertex 78 88 0.4
    endloop
  endfacet
  facet normal 0 1 0
    outer loop
      vertex 67 77 5
      vertex 78 77 5
      vertex 67 77 0.4
    endloop
  endfacet
  facet normal -1 0 0
    outer loop
      vertex 78 77 5
      vertex 78 88 5
      vertex 78 88 0.4
    endloop
  endfacet
  facet normal 0 -1 0
    outer loop
      vertex 67 88 5
      vertex 78 88 0.4
      vertex 78 88 5
    endloop
  endfacet
  facet normal 1 0 0
    outer loop
      vertex 67 60 5
      vertex 67 60 0.4
      vertex 67 71 5
    endloop
  endfacet
  facet normal 1 0 0
    outer loop
      vertex 67 71 5
      vertex 67 60 0.4
      vertex 67 71 0.4
    endloop
  endfacet
  facet normal 0 1 0
    outer loop
      vertex 78 60 5
      vertex 78 60 0.4
      vertex 67 60 0.4
    endloop
  endfacet
  facet normal -1 0 0
    outer loop
      vertex 78 60 5
      vertex 78 71 0.4
      vertex 78 60 0.4
    endloop
  endfacet
  facet normal 0 1 0
    outer loop
      vertex 67 60 5
      vertex 78 60 5
      vertex 67 60 0.4
    endloop
  endfacet
  facet normal 0 -1 0
    outer loop
      vertex 67 71 5
      vertex 67 71 0.4
      vertex 78 71 0.4
    endloop
  endfacet
  facet normal -1 0 0
    outer loop
      vertex 78 60 5
      vertex 78 71 5
      vertex 78 71 0.4
    endloop
  endfacet
  facet normal 0 -1 0
    outer loop
      vertex 67 71 5
      vertex 78 71 0.4
      vertex 78 71 5
    endloop
  endfacet
  facet normal 1 0 0
    outer loop
      vertex 67 37 5
      vertex 67 26 0.4
      vertex 67 37 0.4
    endloop
  endfacet
  facet normal 1 0 0
    outer loop
      vertex 67 26 5
      vertex 67 26 0.4
      vertex 67 37 5
    endloop
  endfacet
  facet normal 0 1 0
    outer loop
      vertex 78 26 5
      vertex 78 26 0.4
      vertex 67 26 0.4
    endloop
  endfacet
  facet normal -1 0 0
    outer loop
      vertex 78 26 5
      vertex 78 37 0.4
      vertex 78 26 0.4
    endloop
  endfacet
  facet normal 0 -1 0
    outer loop
      vertex 67 37 5
      vertex 67 37 0.4
      vertex 78 37 0.4
    endloop
  endfacet
  facet normal 0 1 0
    outer loop
      vertex 67 26 5
      vertex 78 26 5
      vertex 67 26 0.4
    endloop
  endfacet
  facet normal -1 0 0
    outer loop
      vertex 78 26 5
      vertex 78 37 5
      vertex 78 37 0.4
    endloop
  endfacet
  facet normal 0 -1 0
    outer loop
      vertex 67 37 5
      vertex 78 37 0.4
      vertex 78 37 5
    endloop
  endfacet
  facet normal 1 0 0
    outer loop
      vertex 67 54 5
      vertex 67 43 0.4
      vertex 67 54 0.4
    endloop
  endfacet
  facet normal 1 0 0
    outer loop
      vertex 67 43 5
      vertex 67 43 0.4
      vertex 67 54 5
    endloop
  endfacet
  facet normal 0 1 0
    outer loop
      vertex 78 43 5
      vertex 78 43 0.4
      vertex 67 43 0.4
    endloop
  endfacet
  facet normal -1 0 0
    outer loop
      vertex 78 43 5
      vertex 78 54 0.4
      vertex 78 43 0.4
    endloop
  endfacet
  facet normal 0 -1 0
    outer loop
      vertex 67 54 5
      vertex 67 54 0.4
      vertex 78 54 0.4
    endloop
  endfacet
  facet normal 0 1 0
    outer loop
      vertex 67 43 5
      vertex 78 43 5
      vertex 67 43 0.4
    endloop
  endfacet
  facet normal -1 0 0
    outer loop
      vertex 78 43 5
      vertex 78 54 5
      vertex 78 54 0.4
    endloop
  endfacet
  facet normal 0 -1 0
    outer loop
      vertex 67 54 5
      vertex 78 54 0.4
      vertex 78 54 5
    endloop
  endfacet
  facet normal 1 0 0
    outer loop
      vertex 50 122 5
      vertex 50 111 0.4
      vertex 50 122 0.4
    endloop
  endfacet
  facet normal 1 0 0
    outer loop
      vertex 50 111 5
      vertex 50 111 0.4
      vertex 50 122 5
    endloop
  endfacet
  facet normal 0 1 0
    outer loop
      vertex 61 111 5
      vertex 61 111 0.4
      vertex 50 111 0.4
    endloop
  endfacet
  facet normal 0 -1 0
    outer loop
      vertex 50 122 5
      vertex 50 122 0.4
      vertex 61 122 0.4
    endloop
  endfacet
  facet normal -1 0 0
    outer loop
      vertex 61 111 5
      vertex 61 122 0.4
      vertex 61 111 0.4
    endloop
  endfacet
  facet normal 0 1 0
    outer loop
      vertex 50 111 5
      vertex 61 111 5
      vertex 50 111 0.4
    endloop
  endfacet
  facet normal -1 0 0
    outer loop
      vertex 61 111 5
      vertex 61 122 5
      vertex 61 122 0.4
    endloop
  endfacet
  facet normal 0 -1 0
    outer loop
      vertex 50 122 5
      vertex 61 122 0.4
      vertex 61 122 5
    endloop
  endfacet
  facet normal 1 0 0
    outer loop
      vertex 50 105 5
      vertex 50 94 0.4
      vertex 50 105 0.4
    endloop
  endfacet
  facet normal 1 0 0
    outer loop
      vertex 50 94 5
      vertex 50 94 0.4
      vertex 50 105 5
    endloop
  endfacet
  facet normal 0 1 0
    outer loop
      vertex 61 94 5
      vertex 61 94 0.4
      vertex 50 94 0.4
    endloop
  endfacet
  facet normal 0 -1 0
    outer loop
      vertex 50 105 5
      vertex 50 105 0.4
      vertex 61 105 0.4
    endloop
  endfacet
  facet normal -1 0 0
    outer loop
      vertex 61 94 5
      vertex 61 105 0.4
      vertex 61 94 0.4
    endloop
  endfacet
  facet normal 0 1 0
    outer loop
      vertex 50 94 5
      vertex 61 94 5
      vertex 50 94 0.4
    endloop
  endfacet
  facet normal -1 0 0
    outer loop
      vertex 61 94 5
      vertex 61 105 5
      vertex 61 105 0.4
    endloop
  endfacet
  facet normal 0 -1 0
    outer loop
      vertex 50 105 5
      vertex 61 105 0.4
      vertex 61 105 5
    endloop
  endfacet
  facet normal 1 0 0
    outer loop
      vertex 50 88 5
      vertex 50 77 0.4
      vertex 50 88 0.4
    endloop
  endfacet
  facet normal 1 0 0
    outer loop
      vertex 50 77 5
      vertex 50 77 0.4
      vertex 50 88 5
    endloop
  endfacet
  facet normal 0 1 0
    outer loop
      vertex 61 77 5
      vertex 61 77 0.4
      vertex 50 77 0.4
    endloop
  endfacet
  facet normal -1 0 0
    outer loop
      vertex 61 77 5
      vertex 61 88 0.4
      vertex 61 77 0.4
    endloop
  endfacet
  facet normal 0 -1 0
    outer loop
      vertex 50 88 5
      vertex 50 88 0.4
      vertex 61 88 0.4
    endloop
  endfacet
  facet normal 0 1 0
    outer loop
      vertex 50 77 5
      vertex 61 77 5
      vertex 50 77 0.4
    endloop
  endfacet
  facet normal -1 0 0
    outer loop
      vertex 61 77 5
      vertex 61 88 5
      vertex 61 88 0.4
    endloop
  endfacet
  facet normal 0 -1 0
    outer loop
      vertex 50 88 5
      vertex 61 88 0.4
      vertex 61 88 5
    endloop
  endfacet
  facet normal 1 0 0
    outer loop
      vertex 50 60 5
      vertex 50 60 0.4
      vertex 50 71 5
    endloop
  endfacet
  facet normal 1 0 0
    outer loop
      vertex 50 71 5
      vertex 50 60 0.4
      vertex 50 71 0.4
    endloop
  endfacet
  facet normal 0 1 0
    outer loop
      vertex 61 60 5
      vertex 61 60 0.4
      vertex 50 60 0.4
    endloop
  endfacet
  facet normal -1 0 0
    outer loop
      vertex 61 60 5
      vertex 61 71 0.4
      vertex 61 60 0.4
    endloop
  endfacet
  facet normal 0 1 0
    outer loop
      vertex 50 60 5
      vertex 61 60 5
      vertex 50 60 0.4
    endloop
  endfacet
  facet normal 0 -1 0
    outer loop
      vertex 50 71 5
      vertex 50 71 0.4
      vertex 61 71 0.4
    endloop
  endfacet
  facet normal -1 0 0
    outer loop
      vertex 61 60 5
      vertex 61 71 5
      vertex 61 71 0.4
    endloop
  endfacet
  facet normal 0 -1 0
    outer loop
      vertex 50 71 5
      vertex 61 71 0.4
      vertex 61 71 5
    endloop
  endfacet
  facet normal 1 0 0
    outer loop
      vertex 50 37 5
      vertex 50 26 0.4
      vertex 50 37 0.4
    endloop
  endfacet
  facet normal 1 0 0
    outer loop
      vertex 50 26 5
      vertex 50 26 0.4
      vertex 50 37 5
    endloop
  endfacet
  facet normal 0 1 0
    outer loop
      vertex 61 26 5
      vertex 61 26 0.4
      vertex 50 26 0.4
    endloop
  endfacet
  facet normal -1 0 0
    outer loop
      vertex 61 26 5
      vertex 61 37 0.4
      vertex 61 26 0.4
    endloop
  endfacet
  facet normal 0 -1 0
    outer loop
      vertex 50 37 5
      vertex 50 37 0.4
      vertex 61 37 0.4
    endloop
  endfacet
  facet normal 0 1 0
    outer loop
      vertex 50 26 5
      vertex 61 26 5
      vertex 50 26 0.4
    endloop
  endfacet
  facet normal -1 0 0
    outer loop
      vertex 61 26 5
      vertex 61 37 5
      vertex 61 37 0.4
    endloop
  endfacet
  facet normal 0 -1 0
    outer loop
      vertex 50 37 5
      vertex 61 37 0.4
      vertex 61 37 5
    endloop
  endfacet
  facet normal 1 0 0
    outer loop
      vertex 50 54 5
      vertex 50 43 0.4
      vertex 50 54 0.4
    endloop
  endfacet
  facet normal 1 0 0
    outer loop
      vertex 50 43 5
      vertex 50 43 0.4
      vertex 50 54 5
    endloop
  endfacet
  facet normal 0 1 0
    outer loop
      vertex 61 43 5
      vertex 61 43 0.4
      vertex 50 43 0.4
    endloop
  endfacet
  facet normal -1 0 0
    outer loop
      vertex 61 43 5
      vertex 61 54 0.4
      vertex 61 43 0.4
    endloop
  endfacet
  facet normal 0 -1 0
    outer loop
      vertex 50 54 5
      vertex 50 54 0.4
      vertex 61 54 0.4
    endloop
  endfacet
  facet normal 0 1 0
    outer loop
      vertex 50 43 5
      vertex 61 43 5
      vertex 50 43 0.4
    endloop
  endfacet
  facet normal -1 0 0
    outer loop
      vertex 61 43 5
      vertex 61 54 5
      vertex 61 54 0.4
    endloop
  endfacet
  facet normal 0 -1 0
    outer loop
      vertex 50 54 5
      vertex 61 54 0.4
      vertex 61 54 5
    endloop
  endfacet
  facet normal 1 0 0
    outer loop
      vertex 16 122 5
      vertex 16 111 0.4
      vertex 16 122 0.4
    endloop
  endfacet
  facet normal 1 0 0
    outer loop
      vertex 16 111 5
      vertex 16 111 0.4
      vertex 16 122 5
    endloop
  endfacet
  facet normal 0 -1 0
    outer loop
      vertex 16 122 5
      vertex 16 122 0.4
      vertex 27 122 0.4
    endloop
  endfacet
  facet normal 0 1 0
    outer loop
      vertex 27 111 5
      vertex 27 111 0.4
      vertex 16 111 0.4
    endloop
  endfacet
  facet normal -1 0 0
    outer loop
      vertex 27 111 5
      vertex 27 122 0.4
      vertex 27 111 0.4
    endloop
  endfacet
  facet normal 0 1 0
    outer loop
      vertex 16 111 5
      vertex 27 111 5
      vertex 16 111 0.4
    endloop
  endfacet
  facet normal -1 0 0
    outer loop
      vertex 27 111 5
      vertex 27 122 5
      vertex 27 122 0.4
    endloop
  endfacet
  facet normal 0 -1 0
    outer loop
      vertex 16 122 5
      vertex 27 122 0.4
      vertex 27 122 5
    endloop
  endfacet
  facet normal 1 0 0
    outer loop
      vertex 16 105 5
      vertex 16 94 0.4
      vertex 16 105 0.4
    endloop
  endfacet
  facet normal 1 0 0
    outer loop
      vertex 16 94 5
      vertex 16 94 0.4
      vertex 16 105 5
    endloop
  endfacet
  facet normal 0 1 0
    outer loop
      vertex 27 94 5
      vertex 27 94 0.4
      vertex 16 94 0.4
    endloop
  endfacet
  facet normal 0 -1 0
    outer loop
      vertex 16 105 5
      vertex 16 105 0.4
      vertex 27 105 0.4
    endloop
  endfacet
  facet normal -1 0 0
    outer loop
      vertex 27 94 5
      vertex 27 105 0.4
      vertex 27 94 0.4
    endloop
  endfacet
  facet normal 0 1 0
    outer loop
      vertex 16 94 5
      vertex 27 94 5
      vertex 16 94 0.4
    endloop
  endfacet
  facet normal -1 0 0
    outer loop
      vertex 27 94 5
      vertex 27 105 5
      vertex 27 105 0.4
    endloop
  endfacet
  facet normal 0 -1 0
    outer loop
      vertex 16 105 5
      vertex 27 105 0.4
      vertex 27 105 5
    endloop
  endfacet
  facet normal 1 0 0
    outer loop
      vertex 16 88 5
      vertex 16 77 0.4
      vertex 16 88 0.4
    endloop
  endfacet
  facet normal 1 0 0
    outer loop
      vertex 16 77 5
      vertex 16 77 0.4
      vertex 16 88 5
    endloop
  endfacet
  facet normal 0 -1 0
    outer loop
      vertex 16 88 5
      vertex 16 88 0.4
      vertex 27 88 0.4
    endloop
  endfacet
  facet normal 0 1 0
    outer loop
      vertex 27 77 5
      vertex 27 77 0.4
      vertex 16 77 0.4
    endloop
  endfacet
  facet normal -1 0 0
    outer loop
      vertex 27 77 5
      vertex 27 88 0.4
      vertex 27 77 0.4
    endloop
  endfacet
  facet normal 0 1 0
    outer loop
      vertex 16 77 5
      vertex 27 77 5
      vertex 16 77 0.4
    endloop
  endfacet
  facet normal -1 0 0
    outer loop
      vertex 27 77 5
      vertex 27 88 5
      vertex 27 88 0.4
    endloop
  endfacet
  facet normal 0 -1 0
    outer loop
      vertex 16 88 5
      vertex 27 88 0.4
      vertex 27 88 5
    endloop
  endfacet
  facet normal 1 0 0
    outer loop
      vertex 16 60 5
      vertex 16 60 0.4
      vertex 16 71 5
    endloop
  endfacet
  facet normal 1 0 0
    outer loop
      vertex 16 71 5
      vertex 16 60 0.4
      vertex 16 71 0.4
    endloop
  endfacet
  facet normal 0 1 0
    outer loop
      vertex 27 60 5
      vertex 27 60 0.4
      vertex 16 60 0.4
    endloop
  endfacet
  facet normal -1 0 0
    outer loop
      vertex 27 60 5
      vertex 27 71 0.4
      vertex 27 60 0.4
    endloop
  endfacet
  facet normal 0 1 0
    outer loop
      vertex 16 60 5
      vertex 27 60 5
      vertex 16 60 0.4
    endloop
  endfacet
  facet normal 0 -1 0
    outer loop
      vertex 16 71 5
      vertex 16 71 0.4
      vertex 27 71 0.4
    endloop
  endfacet
  facet normal -1 0 0
    outer loop
      vertex 27 60 5
      vertex 27 71 5
      vertex 27 71 0.4
    endloop
  endfacet
  facet normal 0 -1 0
    outer loop
      vertex 16 71 5
      vertex 27 71 0.4
      vertex 27 71 5
    endloop
  endfacet
  facet normal 1 0 0
    outer loop
      vertex 16 37 5
      vertex 16 26 0.4
      vertex 16 37 0.4
    endloop
  endfacet
  facet normal 1 0 0
    outer loop
      vertex 16 26 5
      vertex 16 26 0.4
      vertex 16 37 5
    endloop
  endfacet
  facet normal 0 1 0
    outer loop
      vertex 27 26 5
      vertex 27 26 0.4
      vertex 16 26 0.4
    endloop
  endfacet
  facet normal -1 0 0
    outer loop
      vertex 27 26 5
      vertex 27 37 0.4
      vertex 27 26 0.4
    endloop
  endfacet
  facet normal 0 -1 0
    outer loop
      vertex 16 37 5
      vertex 16 37 0.4
      vertex 27 37 0.4
    endloop
  endfacet
  facet normal 0 1 0
    outer loop
      vertex 16 26 5
      vertex 27 26 5
      vertex 16 26 0.4
    endloop
  endfacet
  facet normal -1 0 0
    outer loop
      vertex 27 26 5
      vertex 27 37 5
      vertex 27 37 0.4
    endloop
  endfacet
  facet normal 0 -1 0
    outer loop
      vertex 16 37 5
      vertex 27 37 0.4
      vertex 27 37 5
    endloop
  endfacet
  facet normal 1 0 0
    outer loop
      vertex 16 54 5
      vertex 16 43 0.4
      vertex 16 54 0.4
    endloop
  endfacet
  facet normal 1 0 0
    outer loop
      vertex 16 43 5
      vertex 16 43 0.4
      vertex 16 54 5
    endloop
  endfacet
  facet normal 0 -1 0
    outer loop
      vertex 16 54 5
      vertex 16 54 0.4
      vertex 27 54 0.4
    endloop
  endfacet
  facet normal 0 1 0
    outer loop
      vertex 27 43 5
      vertex 27 43 0.4
      vertex 16 43 0.4
    endloop
  endfacet
  facet normal -1 0 0
    outer loop
      vertex 27 43 5
      vertex 27 54 0.4
      vertex 27 43 0.4
    endloop
  endfacet
  facet normal 0 1 0
    outer loop
      vertex 16 43 5
      vertex 27 43 5
      vertex 16 43 0.4
    endloop
  endfacet
  facet normal -1 0 0
    outer loop
      vertex 27 43 5
      vertex 27 54 5
      vertex 27 54 0.4
    endloop
  endfacet
  facet normal 0 -1 0
    outer loop
      vertex 16 54 5
      vertex 27 54 0.4
      vertex 27 54 5
    endloop
  endfacet
  facet normal 1 0 0
    outer loop
      vertex 33 122 5
      vertex 33 111 0.4
      vertex 33 122 0.4
    endloop
  endfacet
  facet normal 1 0 0
    outer loop
      vertex 33 111 5
      vertex 33 111 0.4
      vertex 33 122 5
    endloop
  endfacet
  facet normal 0 1 0
    outer loop
      vertex 44 111 5
      vertex 44 111 0.4
      vertex 33 111 0.4
    endloop
  endfacet
  facet normal -1 0 0
    outer loop
      vertex 44 111 5
      vertex 44 122 0.4
      vertex 44 111 0.4
    endloop
  endfacet
  facet normal 0 -1 0
    outer loop
      vertex 33 122 5
      vertex 33 122 0.4
      vertex 44 122 0.4
    endloop
  endfacet
  facet normal 0 1 0
    outer loop
      vertex 33 111 5
      vertex 44 111 5
      vertex 33 111 0.4
    endloop
  endfacet
  facet normal -1 0 0
    outer loop
      vertex 44 111 5
      vertex 44 122 5
      vertex 44 122 0.4
    endloop
  endfacet
  facet normal 0 -1 0
    outer loop
      vertex 33 122 5
      vertex 44 122 0.4
      vertex 44 122 5
    endloop
  endfacet
  facet normal 1 0 0
    outer loop
      vertex 33 105 5
      vertex 33 94 0.4
      vertex 33 105 0.4
    endloop
  endfacet
  facet normal 1 0 0
    outer loop
      vertex 33 94 5
      vertex 33 94 0.4
      vertex 33 105 5
    endloop
  endfacet
  facet normal 0 1 0
    outer loop
      vertex 44 94 5
      vertex 44 94 0.4
      vertex 33 94 0.4
    endloop
  endfacet
  facet normal 0 -1 0
    outer loop
      vertex 33 105 5
      vertex 33 105 0.4
      vertex 44 105 0.4
    endloop
  endfacet
  facet normal -1 0 0
    outer loop
      vertex 44 94 5
      vertex 44 105 0.4
      vertex 44 94 0.4
    endloop
  endfacet
  facet normal 0 1 0
    outer loop
      vertex 33 94 5
      vertex 44 94 5
      vertex 33 94 0.4
    endloop
  endfacet
  facet normal -1 0 0
    outer loop
      vertex 44 94 5
      vertex 44 105 5
      vertex 44 105 0.4
    endloop
  endfacet
  facet normal 0 -1 0
    outer loop
      vertex 33 105 5
      vertex 44 105 0.4
      vertex 44 105 5
    endloop
  endfacet
  facet normal 1 0 0
    outer loop
      vertex 33 88 5
      vertex 33 77 0.4
      vertex 33 88 0.4
    endloop
  endfacet
  facet normal 1 0 0
    outer loop
      vertex 33 77 5
      vertex 33 77 0.4
      vertex 33 88 5
    endloop
  endfacet
  facet normal 0 1 0
    outer loop
      vertex 44 77 5
      vertex 44 77 0.4
      vertex 33 77 0.4
    endloop
  endfacet
  facet normal -1 0 0
    outer loop
      vertex 44 77 5
      vertex 44 88 0.4
      vertex 44 77 0.4
    endloop
  endfacet
  facet normal 0 -1 0
    outer loop
      vertex 33 88 5
      vertex 33 88 0.4
      vertex 44 88 0.4
    endloop
  endfacet
  facet normal 0 1 0
    outer loop
      vertex 33 77 5
      vertex 44 77 5
      vertex 33 77 0.4
    endloop
  endfacet
  facet normal -1 0 0
    outer loop
      vertex 44 77 5
      vertex 44 88 5
      vertex 44 88 0.4
    endloop
  endfacet
  facet normal 0 -1 0
    outer loop
      vertex 33 88 5
      vertex 44 88 0.4
      vertex 44 88 5
    endloop
  endfacet
  facet normal 1 0 0
    outer loop
      vertex 33 60 5
      vertex 33 60 0.4
      vertex 33 71 5
    endloop
  endfacet
  facet normal 1 0 0
    outer loop
      vertex 33 71 5
      vertex 33 60 0.4
      vertex 33 71 0.4
    endloop
  endfacet
  facet normal 0 1 0
    outer loop
      vertex 44 60 5
      vertex 44 60 0.4
      vertex 33 60 0.4
    endloop
  endfacet
  facet normal -1 0 0
    outer loop
      vertex 44 60 5
      vertex 44 71 0.4
      vertex 44 60 0.4
    endloop
  endfacet
  facet normal 0 1 0
    outer loop
      vertex 33 60 5
      vertex 44 60 5
      vertex 33 60 0.4
    endloop
  endfacet
  facet normal 0 -1 0
    outer loop
      vertex 33 71 5
      vertex 33 71 0.4
      vertex 44 71 0.4
    endloop
  endfacet
  facet normal -1 0 0
    outer loop
      vertex 44 60 5
      vertex 44 71 5
      vertex 44 71 0.4
    endloop
  endfacet
  facet normal 0 -1 0
    outer loop
      vertex 33 71 5
      vertex 44 71 0.4
      vertex 44 71 5
    endloop
  endfacet
  facet normal 1 0 0
    outer loop
      vertex 33 37 5
      vertex 33 26 0.4
      vertex 33 37 0.4
    endloop
  endfacet
  facet normal 1 0 0
    outer loop
      vertex 33 26 5
      vertex 33 26 0.4
      vertex 33 37 5
    endloop
  endfacet
  facet normal 0 1 0
    outer loop
      vertex 44 26 5
      vertex 44 26 0.4
      vertex 33 26 0.4
    endloop
  endfacet
  facet normal -1 0 0
    outer loop
      vertex 44 26 5
      vertex 44 37 0.4
      vertex 44 26 0.4
    endloop
  endfacet
  facet normal 0 -1 0
    outer loop
      vertex 33 37 5
      vertex 33 37 0.4
      vertex 44 37 0.4
    endloop
  endfacet
  facet normal 0 1 0
    outer loop
      vertex 33 26 5
      vertex 44 26 5
      vertex 33 26 0.4
    endloop
  endfacet
  facet normal -1 0 0
    outer loop
      vertex 44 26 5
      vertex 44 37 5
      vertex 44 37 0.4
    endloop
  endfacet
  facet normal 0 -1 0
    outer loop
      vertex 33 37 5
      vertex 44 37 0.4
      vertex 44 37 5
    endloop
  endfacet
  facet normal 1 0 0
    outer loop
      vertex 33 54 5
      vertex 33 43 0.4
      vertex 33 54 0.4
    endloop
  endfacet
  facet normal 1 0 0
    outer loop
      vertex 33 43 5
      vertex 33 43 0.4
      vertex 33 54 5
    endloop
  endfacet
  facet normal 0 1 0
    outer loop
      vertex 44 43 5
      vertex 44 43 0.4
      vertex 33 43 0.4
    endloop
  endfacet
  facet normal -1 0 0
    outer loop
      vertex 44 43 5
      vertex 44 54 0.4
      vertex 44 43 0.4
    endloop
  endfacet
  facet normal 0 -1 0
    outer loop
      vertex 33 54 5
      vertex 33 54 0.4
      vertex 44 54 0.4
    endloop
  endfacet
  facet normal 0 1 0
    outer loop
      vertex 33 43 5
      vertex 44 43 5
      vertex 33 43 0.4
    endloop
  endfacet
  facet normal -1 0 0
    outer loop
      vertex 44 43 5
      vertex 44 54 5
      vertex 44 54 0.4
    endloop
  endfacet
  facet normal 0 -1 0
    outer loop
      vertex 33 54 5
      vertex 44 54 0.4
      vertex 44 54 5
    endloop
  endfacet
  facet normal 0 0 1
    outer loop
      vertex 0 0 0.4
      vertex 15 25 0.4
      vertex 15 38 0.4
    endloop
  endfacet
  facet normal 0 0 1
    outer loop
      vertex 0 0 0.4
      vertex 15 38 0.4
      vertex 15 42 0.4
    endloop
  endfacet
  facet normal 0 0 1
    outer loop
      vertex 0 0 0.4
      vertex 28 25 0.4
      vertex 15 25 0.4
    endloop
  endfacet
  facet normal 0 0 1
    outer loop
      vertex 0 0 0.4
      vertex 32 25 0.4
      vertex 28 25 0.4
    endloop
  endfacet
  facet normal 0 0 1
    outer loop
      vertex 16 26 0.4
      vertex 27 26 0.4
      vertex 16 37 0.4
    endloop
  endfacet
  facet normal 0 0 1
    outer loop
      vertex 0 0 0.4
      vertex 45 25 0.4
      vertex 32 25 0.4
    endloop
  endfacet
  facet normal 0 0 1
    outer loop
      vertex 0 0 0.4
      vertex 49 25 0.4
      vertex 45 25 0.4
    endloop
  endfacet
  facet normal 0 0 1
    outer loop
      vertex 28 25 0.4
      vertex 32 25 0.4
      vertex 32 38 0.4
    endloop
  endfacet
  facet normal 0 0 1
    outer loop
      vertex 0 0 0.4
      vertex 62 25 0.4
      vertex 49 25 0.4
    endloop
  endfacet
  facet normal 0 0 1
    outer loop
      vertex 0 0 0.4
      vertex 66 25 0.4
      vertex 62 25 0.4
    endloop
  endfacet
  facet normal 0 0 1
    outer loop
      vertex 33 26 0.4
      vertex 44 26 0.4
      vertex 44 37 0.4
    endloop
  endfacet
  facet normal -1 0 0
    outer loop
      vertex 0 0 0
      vertex 0 0 0.4
      vertex 0 130 0.4
    endloop
  endfacet
  facet normal 0 0 1
    outer loop
      vertex 15 38 0.4
      vertex 28 38 0.4
      vertex 15 42 0.4
    endloop
  endfacet
  facet normal 0 0 1
    outer loop
      vertex 16 43 0.4
      vertex 27 43 0.4
      vertex 16 54 0.4
    endloop
  endfacet
  facet normal 0 0 1
    outer loop
      vertex 0 0 0.4
      vertex 15 42 0.4
      vertex 0 130 0.4
    endloop
  endfacet
  facet normal 0 0 1
    outer loop
      vertex 15 55 0.4
      vertex 28 55 0.4
      vertex 15 59 0.4
    endloop
  endfacet
  facet normal 0 0 1
    outer loop
      vertex 16 60 0.4
      vertex 27 60 0.4
      vertex 16 71 0.4
    endloop
  endfacet
  facet normal 0 0 1
    outer loop
      vertex 16 37 0.4
      vertex 27 26 0.4
      vertex 27 37 0.4
    endloop
  endfacet
  facet normal 0 0 1
    outer loop
      vertex 28 25 0.4
      vertex 32 38 0.4
      vertex 28 38 0.4
    endloop
  endfacet
  facet normal 0 0 1
    outer loop
      vertex 32 38 0.4
      vertex 32 42 0.4
      vertex 28 38 0.4
    endloop
  endfacet
  facet normal 0 0 1
    outer loop
      vertex 28 42 0.4
      vertex 15 42 0.4
      vertex 28 38 0.4
    endloop
  endfacet
  facet normal 0 0 1
    outer loop
      vertex 28 42 0.4
      vertex 28 38 0.4
      vertex 32 42 0.4
    endloop
  endfacet
  facet normal 0 0 1
    outer loop
      vertex 28 42 0.4
      vertex 32 42 0.4
      vertex 32 55 0.4
    endloop
  endfacet
  facet normal 0 0 1
    outer loop
      vertex 33 37 0.4
      vertex 33 26 0.4
      vertex 44 37 0.4
    endloop
  endfacet
  facet normal 0 0 1
    outer loop
      vertex 32 38 0.4
      vertex 45 38 0.4
      vertex 32 42 0.4
    endloop
  endfacet
  facet normal 0 0 1
    outer loop
      vertex 33 43 0.4
      vertex 44 43 0.4
      vertex 33 54 0.4
    endloop
  endfacet
  facet normal 0 0 1
    outer loop
      vertex 45 42 0.4
      vertex 32 42 0.4
      vertex 45 38 0.4
    endloop
  endfacet
  facet normal 0 0 1
    outer loop
      vertex 27 43 0.4
      vertex 27 54 0.4
      vertex 16 54 0.4
    endloop
  endfacet
  facet normal 0 0 1
    outer loop
      vertex 28 42 0.4
      vertex 32 55 0.4
      vertex 28 55 0.4
    endloop
  endfacet
  facet normal 0 0 1
    outer loop
      vertex 32 55 0.4
      vertex 32 59 0.4
      vertex 28 55 0.4
    endloop
  endfacet
  facet normal 0 0 1
    outer loop
      vertex 28 59 0.4
      vertex 15 59 0.4
      vertex 28 55 0.4
    endloop
  endfacet
  facet normal 0 0 1
    outer loop
      vertex 28 59 0.4
      vertex 28 55 0.4
      vertex 32 59 0.4
    endloop
  endfacet
  facet normal 0 0 1
    outer loop
      vertex 28 59 0.4
      vertex 32 59 0.4
      vertex 32 72 0.4
    endloop
  endfacet
  facet normal 0 0 1
    outer loop
      vertex 32 55 0.4
      vertex 45 55 0.4
      vertex 32 59 0.4
    endloop
  endfacet
  facet normal 0 0 1
    outer loop
      vertex 44 43 0.4
      vertex 44 54 0.4
      vertex 33 54 0.4
    endloop
  endfacet
  facet normal 0 0 1
    outer loop
      vertex 45 59 0.4
      vertex 32 59 0.4
      vertex 45 55 0.4
    endloop
  endfacet
  facet normal 0 0 1
    outer loop
      vertex 33 60 0.4
      vertex 44 60 0.4
      vertex 44 71 0.4
    endloop
  endfacet
  facet normal 0 -1 0
    outer loop
      vertex 0 0 0
      vertex 180 0 0.4
      vertex 0 0 0.4
    endloop
  endfacet
  facet normal 0 0 1
    outer loop
      vertex 0 0 0.4
      vertex 79 25 0.4
      vertex 66 25 0.4
    endloop
  endfacet
  facet normal 0 0 1
    outer loop
      vertex 0 0 0.4
      vertex 83 25 0.4
      vertex 79 25 0.4
    endloop
  endfacet
  facet normal 0 0 1
    outer loop
      vertex 45 25 0.4
      vertex 49 25 0.4
      vertex 49 38 0.4
    endloop
  endfacet
  facet normal 0 0 1
    outer loop
      vertex 0 0 0.4
      vertex 96 25 0.4
      vertex 83 25 0.4
    endloop
  endfacet
  facet normal 0 0 1
    outer loop
      vertex 0 0 0.4
      vertex 100 25 0.4
      vertex 96 25 0.4
    endloop
  endfacet
  facet normal 0 0 1
    outer loop
      vertex 61 37 0.4
      vertex 50 26 0.4
      vertex 61 26 0.4
    endloop
  endfacet
  facet normal 0 0 1
    outer loop
      vertex 62 25 0.4
      vertex 66 25 0.4
      vertex 66 38 0.4
    endloop
  endfacet
  facet normal 0 0 1
    outer loop
      vertex 67 26 0.4
      vertex 78 26 0.4
      vertex 67 37 0.4
    endloop
  endfacet
  facet normal 0 0 1
    outer loop
      vertex 79 25 0.4
      vertex 83 25 0.4
      vertex 83 38 0.4
    endloop
  endfacet
  facet normal 0 0 1
    outer loop
      vertex 45 25 0.4
      vertex 49 38 0.4
      vertex 45 38 0.4
    endloop
  endfacet
  facet normal 0 0 1
    outer loop
      vertex 49 38 0.4
      vertex 49 42 0.4
      vertex 45 38 0.4
    endloop
  endfacet
  facet normal 0 0 1
    outer loop
      vertex 50 37 0.4
      vertex 50 26 0.4
      vertex 61 37 0.4
    endloop
  endfacet
  facet normal 0 0 1
    outer loop
      vertex 49 38 0.4
      vertex 62 38 0.4
      vertex 49 42 0.4
    endloop
  endfacet
  facet normal 0 0 1
    outer loop
      vertex 45 42 0.4
      vertex 45 38 0.4
      vertex 49 42 0.4
    endloop
  endfacet
  facet normal 0 0 1
    outer loop
      vertex 45 42 0.4
      vertex 49 42 0.4
      vertex 49 55 0.4
    endloop
  endfacet
  facet normal 0 0 1
    outer loop
      vertex 62 25 0.4
      vertex 66 38 0.4
      vertex 62 38 0.4
    endloop
  endfacet
  facet normal 0 0 1
    outer loop
      vertex 66 38 0.4
      vertex 66 42 0.4
      vertex 62 38 0.4
    endloop
  endfacet
  facet normal 0 0 -1
    outer loop
      vertex 0 0 0
      vertex 0 130 0
      vertex 180 0 0
    endloop
  endfacet
  facet normal 0 0 1
    outer loop
      vertex 62 42 0.4
      vertex 49 42 0.4
      vertex 62 38 0.4
    endloop
  endfacet
  facet normal 0 0 1
    outer loop
      vertex 61 54 0.4
      vertex 50 43 0.4
      vertex 61 43 0.4
    endloop
  endfacet
  facet normal 0 0 1
    outer loop
      vertex 62 42 0.4
      vertex 62 38 0.4
      vertex 66 42 0.4
    endloop
  endfacet
  facet normal 0 0 1
    outer loop
      vertex 62 42 0.4
      vertex 66 42 0.4
      vertex 66 55 0.4
    endloop
  endfacet
  facet normal 0 0 1
    outer loop
      vertex 45 42 0.4
      vertex 49 55 0.4
      vertex 45 55 0.4
    endloop
  endfacet
  facet normal 0 0 1
    outer loop
      vertex 49 55 0.4
      vertex 49 59 0.4
      vertex 45 55 0.4
    endloop
  endfacet
  facet normal 0 0 1
    outer loop
      vertex 50 54 0.4
      vertex 50 43 0.4
      vertex 61 54 0.4
    endloop
  endfacet
  facet normal 0 0 1
    outer loop
      vertex 49 55 0.4
      vertex 62 55 0.4
      vertex 49 59 0.4
    endloop
  endfacet
  facet normal 0 0 1
    outer loop
      vertex 45 59 0.4
      vertex 45 55 0.4
      vertex 49 59 0.4
    endloop
  endfacet
  facet normal 0 0 1
    outer loop
      vertex 45 59 0.4
      vertex 49 59 0.4
      vertex 49 72 0.4
    endloop
  endfacet
  facet normal 0 0 1
    outer loop
      vertex 62 42 0.4
      vertex 66 55 0.4
      vertex 62 55 0.4
    endloop
  endfacet
  facet normal 0 0 1
    outer loop
      vertex 66 55 0.4
      vertex 66 59 0.4
      vertex 62 55 0.4
    endloop
  endfacet
  facet normal 0 0 1
    outer loop
      vertex 62 59 0.4
      vertex 49 59 0.4
      vertex 62 55 0.4
    endloop
  endfacet
  facet normal 0 0 1
    outer loop
      vertex 61 71 0.4
      vertex 50 60 0.4
      vertex 61 60 0.4
    endloop
  endfacet
  facet normal 0 0 1
    outer loop
      vertex 62 59 0.4
      vertex 62 55 0.4
      vertex 66 59 0.4
    endloop
  endfacet
  facet normal 0 0 1
    outer loop
      vertex 62 59 0.4
      vertex 66 59 0.4
      vertex 66 72 0.4
    endloop
  endfacet
  facet normal 0 0 1
    outer loop
      vertex 66 38 0.4
      vertex 79 38 0.4
      vertex 66 42 0.4
    endloop
  endfacet
  facet normal 0 0 1
    outer loop
      vertex 67 37 0.4
      vertex 78 26 0.4
      vertex 78 37 0.4
    endloop
  endfacet
  facet normal 0 0 1
    outer loop
      vertex 67 43 0.4
      vertex 78 43 0.4
      vertex 67 54 0.4
    endloop
  endfacet
  facet normal 0 0 1
    outer loop
      vertex 79 42 0.4
      vertex 66 42 0.4
      vertex 79 38 0.4
    endloop
  endfacet
  facet normal 0 0 1
    outer loop
      vertex 79 25 0.4
      vertex 83 38 0.4
      vertex 79 38 0.4
    endloop
  endfacet
  facet normal 0 0 1
    outer loop
      vertex 83 38 0.4
      vertex 83 42 0.4
      vertex 79 38 0.4
    endloop
  endfacet
  facet normal 0 0 1
    outer loop
      vertex 84 37 0.4
      vertex 84 26 0.4
      vertex 95 37 0.4
    endloop
  endfacet
  facet normal 0 0 1
    outer loop
      vertex 83 38 0.4
      vertex 96 38 0.4
      vertex 83 42 0.4
    endloop
  endfacet
  facet normal 0 0 1
    outer loop
      vertex 79 42 0.4
      vertex 79 38 0.4
      vertex 83 42 0.4
    endloop
  endfacet
  facet normal 0 0 1
    outer loop
      vertex 79 42 0.4
      vertex 83 42 0.4
      vertex 83 55 0.4
    endloop
  endfacet
  facet normal 0 0 1
    outer loop
      vertex 84 43 0.4
      vertex 95 43 0.4
      vertex 84 54 0.4
    endloop
  endfacet
  facet normal 0 0 1
    outer loop
      vertex 66 55 0.4
      vertex 79 55 0.4
      vertex 66 59 0.4
    endloop
  endfacet
  facet normal 0 0 1
    outer loop
      vertex 78 43 0.4
      vertex 78 54 0.4
      vertex 67 54 0.4
    endloop
  endfacet
  facet normal 0 0 1
    outer loop
      vertex 67 60 0.4
      vertex 78 60 0.4
      vertex 67 71 0.4
    endloop
  endfacet
  facet normal 0 0 1
    outer loop
      vertex 79 59 0.4
      vertex 66 59 0.4
      vertex 79 55 0.4
    endloop
  endfacet
  facet normal 0 0 1
    outer loop
      vertex 79 42 0.4
      vertex 83 55 0.4
      vertex 79 55 0.4
    endloop
  endfacet
  facet normal 0 0 1
    outer loop
      vertex 83 55 0.4
      vertex 83 59 0.4
      vertex 79 55 0.4
    endloop
  endfacet
  facet normal 0 0 1
    outer loop
      vertex 83 55 0.4
      vertex 96 55 0.4
      vertex 83 59 0.4
    endloop
  endfacet
  facet normal 0 0 1
    outer loop
      vertex 79 59 0.4
      vertex 79 55 0.4
      vertex 83 59 0.4
    endloop
  endfacet
  facet normal 0 0 1
    outer loop
      vertex 79 59 0.4
      vertex 83 59 0.4
      vertex 83 72 0.4
    endloop
  endfacet
  facet normal 0 0 1
    outer loop
      vertex 0 130 0.4
      vertex 15 42 0.4
      vertex 15 55 0.4
    endloop
  endfacet
  facet normal 0 0 1
    outer loop
      vertex 15 72 0.4
      vertex 28 72 0.4
      vertex 15 76 0.4
    endloop
  endfacet
  facet normal 0 0 1
    outer loop
      vertex 16 77 0.4
      vertex 27 77 0.4
      vertex 16 88 0.4
    endloop
  endfacet
  facet normal -1 0 0
    outer loop
      vertex 0 0 0
      vertex 0 130 0.4
      vertex 0 130 0
    endloop
  endfacet
  facet normal 0 0 1
    outer loop
      vertex 0 130 0.4
      vertex 15 55 0.4
      vertex 15 59 0.4
    endloop
  endfacet
  facet normal 0 0 1
    outer loop
      vertex 0 130 0.4
      vertex 15 59 0.4
      vertex 15 72 0.4
    endloop
  endfacet
  facet normal 0 0 1
    outer loop
      vertex 0 130 0.4
      vertex 15 72 0.4
      vertex 15 76 0.4
    endloop
  endfacet
  facet normal 0 0 1
    outer loop
      vertex 15 89 0.4
      vertex 28 89 0.4
      vertex 15 93 0.4
    endloop
  endfacet
  facet normal 0 0 1
    outer loop
      vertex 16 71 0.4
      vertex 27 60 0.4
      vertex 27 71 0.4
    endloop
  endfacet
  facet normal 0 0 1
    outer loop
      vertex 28 59 0.4
      vertex 32 72 0.4
      vertex 28 72 0.4
    endloop
  endfacet
  facet normal 0 0 1
    outer loop
      vertex 28 72 0.4
      vertex 28 76 0.4
      vertex 15 76 0.4
    endloop
  endfacet
  facet normal 0 0 1
    outer loop
      vertex 28 72 0.4
      vertex 32 76 0.4
      vertex 28 76 0.4
    endloop
  endfacet
  facet normal 0 0 1
    outer loop
      vertex 32 72 0.4
      vertex 32 76 0.4
      vertex 28 72 0.4
    endloop
  endfacet
  facet normal 0 0 1
    outer loop
      vertex 28 76 0.4
      vertex 32 76 0.4
      vertex 32 89 0.4
    endloop
  endfacet
  facet normal 0 0 1
    outer loop
      vertex 33 71 0.4
      vertex 33 60 0.4
      vertex 44 71 0.4
    endloop
  endfacet
  facet normal 0 0 1
    outer loop
      vertex 32 72 0.4
      vertex 45 72 0.4
      vertex 32 76 0.4
    endloop
  endfacet
  facet normal 0 0 1
    outer loop
      vertex 45 72 0.4
      vertex 45 76 0.4
      vertex 32 76 0.4
    endloop
  endfacet
  facet normal 0 0 1
    outer loop
      vertex 33 77 0.4
      vertex 44 77 0.4
      vertex 44 88 0.4
    endloop
  endfacet
  facet normal 0 0 1
    outer loop
      vertex 16 88 0.4
      vertex 27 77 0.4
      vertex 27 88 0.4
    endloop
  endfacet
  facet normal 0 0 1
    outer loop
      vertex 28 76 0.4
      vertex 32 89 0.4
      vertex 28 89 0.4
    endloop
  endfacet
  facet normal 0 0 1
    outer loop
      vertex 28 93 0.4
      vertex 15 93 0.4
      vertex 28 89 0.4
    endloop
  endfacet
  facet normal 0 0 1
    outer loop
      vertex 32 89 0.4
      vertex 32 93 0.4
      vertex 28 89 0.4
    endloop
  endfacet
  facet normal 0 0 1
    outer loop
      vertex 28 93 0.4
      vertex 28 89 0.4
      vertex 32 93 0.4
    endloop
  endfacet
  facet normal 0 0 1
    outer loop
      vertex 28 93 0.4
      vertex 32 93 0.4
      vertex 32 106 0.4
    endloop
  endfacet
  facet normal 0 0 1
    outer loop
      vertex 33 88 0.4
      vertex 33 77 0.4
      vertex 44 88 0.4
    endloop
  endfacet
  facet normal 0 0 1
    outer loop
      vertex 32 89 0.4
      vertex 45 89 0.4
      vertex 32 93 0.4
    endloop
  endfacet
  facet normal 0 0 1
    outer loop
      vertex 45 93 0.4
      vertex 32 93 0.4
      vertex 45 89 0.4
    endloop
  endfacet
  facet normal 0 0 1
    outer loop
      vertex 0 130 0.4
      vertex 15 76 0.4
      vertex 15 89 0.4
    endloop
  endfacet
  facet normal 0 0 1
    outer loop
      vertex 0 130 0.4
      vertex 15 89 0.4
      vertex 15 93 0.4
    endloop
  endfacet
  facet normal 0 0 1
    outer loop
      vertex 0 130 0.4
      vertex 15 93 0.4
      vertex 15 106 0.4
    endloop
  endfacet
  facet normal 0 0 1
    outer loop
      vertex 16 94 0.4
      vertex 27 94 0.4
      vertex 16 105 0.4
    endloop
  endfacet
  facet normal 0 0 1
    outer loop
      vertex 15 106 0.4
      vertex 28 106 0.4
      vertex 15 110 0.4
    endloop
  endfacet
  facet normal 0 0 1
    outer loop
      vertex 0 130 0.4
      vertex 15 106 0.4
      vertex 15 110 0.4
    endloop
  endfacet
  facet normal 0 0 1
    outer loop
      vertex 0 130 0.4
      vertex 15 110 0.4
      vertex 15 123 0.4
    endloop
  endfacet
  facet normal 0 0 1
    outer loop
      vertex 16 111 0.4
      vertex 27 122 0.4
      vertex 16 122 0.4
    endloop
  endfacet
  facet normal 0 0 1
    outer loop
      vertex 0 130 0.4
      vertex 15 123 0.4
      vertex 28 123 0.4
    endloop
  endfacet
  facet normal 0 0 1
    outer loop
      vertex 0 130 0.4
      vertex 28 123 0.4
      vertex 32 123 0.4
    endloop
  endfacet
  facet normal 0 0 1
    outer loop
      vertex 27 94 0.4
      vertex 27 105 0.4
      vertex 16 105 0.4
    endloop
  endfacet
  facet normal 0 0 1
    outer loop
      vertex 28 93 0.4
      vertex 32 106 0.4
      vertex 28 106 0.4
    endloop
  endfacet
  facet normal 0 0 1
    outer loop
      vertex 15 110 0.4
      vertex 28 106 0.4
      vertex 32 106 0.4
    endloop
  endfacet
  facet normal 0 0 1
    outer loop
      vertex 15 110 0.4
      vertex 32 106 0.4
      vertex 45 106 0.4
    endloop
  endfacet
  facet normal 0 0 1
    outer loop
      vertex 15 110 0.4
      vertex 45 106 0.4
      vertex 28 110 0.4
    endloop
  endfacet
  facet normal 0 0 1
    outer loop
      vertex 44 105 0.4
      vertex 33 105 0.4
      vertex 33 94 0.4
    endloop
  endfacet
  facet normal 0 0 1
    outer loop
      vertex 44 105 0.4
      vertex 33 94 0.4
      vertex 44 94 0.4
    endloop
  endfacet
  facet normal 0 0 1
    outer loop
      vertex 45 106 0.4
      vertex 32 110 0.4
      vertex 28 110 0.4
    endloop
  endfacet
  facet normal 0 0 1
    outer loop
      vertex 45 110 0.4
      vertex 32 110 0.4
      vertex 45 106 0.4
    endloop
  endfacet
  facet normal 0 0 1
    outer loop
      vertex 27 111 0.4
      vertex 27 122 0.4
      vertex 16 111 0.4
    endloop
  endfacet
  facet normal 0 0 1
    outer loop
      vertex 28 110 0.4
      vertex 32 110 0.4
      vertex 32 123 0.4
    endloop
  endfacet
  facet normal 0 0 1
    outer loop
      vertex 28 110 0.4
      vertex 32 123 0.4
      vertex 28 123 0.4
    endloop
  endfacet
  facet normal 0 0 1
    outer loop
      vertex 0 130 0.4
      vertex 32 123 0.4
      vertex 45 123 0.4
    endloop
  endfacet
  facet normal 0 0 1
    outer loop
      vertex 0 130 0.4
      vertex 45 123 0.4
      vertex 49 123 0.4
    endloop
  endfacet
  facet normal 0 0 1
    outer loop
      vertex 33 122 0.4
      vertex 33 111 0.4
      vertex 44 122 0.4
    endloop
  endfacet
  facet normal 0 0 1
    outer loop
      vertex 33 111 0.4
      vertex 44 111 0.4
      vertex 44 122 0.4
    endloop
  endfacet
  facet normal 0 0 1
    outer loop
      vertex 0 130 0.4
      vertex 49 123 0.4
      vertex 62 123 0.4
    endloop
  endfacet
  facet normal 0 0 1
    outer loop
      vertex 45 59 0.4
      vertex 49 72 0.4
      vertex 45 72 0.4
    endloop
  endfacet
  facet normal 0 0 1
    outer loop
      vertex 50 71 0.4
      vertex 50 60 0.4
      vertex 61 71 0.4
    endloop
  endfacet
  facet normal 0 0 1
    outer loop
      vertex 45 72 0.4
      vertex 49 76 0.4
      vertex 45 76 0.4
    endloop
  endfacet
  facet normal 0 0 1
    outer loop
      vertex 49 72 0.4
      vertex 49 76 0.4
      vertex 45 72 0.4
    endloop
  endfacet
  facet normal 0 0 1
    outer loop
      vertex 45 76 0.4
      vertex 49 76 0.4
      vertex 49 89 0.4
    endloop
  endfacet
  facet normal 0 0 1
    outer loop
      vertex 49 72 0.4
      vertex 62 72 0.4
      vertex 49 76 0.4
    endloop
  endfacet
  facet normal 0 0 1
    outer loop
      vertex 62 59 0.4
      vertex 66 72 0.4
      vertex 62 72 0.4
    endloop
  endfacet
  facet normal 0 0 1
    outer loop
      vertex 62 72 0.4
      vertex 62 76 0.4
      vertex 49 76 0.4
    endloop
  endfacet
  facet normal 0 0 1
    outer loop
      vertex 61 88 0.4
      vertex 50 77 0.4
      vertex 61 77 0.4
    endloop
  endfacet
  facet normal 0 0 1
    outer loop
      vertex 62 72 0.4
      vertex 66 76 0.4
      vertex 62 76 0.4
    endloop
  endfacet
  facet normal 0 0 1
    outer loop
      vertex 66 72 0.4
      vertex 66 76 0.4
      vertex 62 72 0.4
    endloop
  endfacet
  facet normal 0 0 1
    outer loop
      vertex 62 76 0.4
      vertex 66 76 0.4
      vertex 66 89 0.4
    endloop
  endfacet
  facet normal 0 0 1
    outer loop
      vertex 45 76 0.4
      vertex 49 89 0.4
      vertex 45 89 0.4
    endloop
  endfacet
  facet normal 0 0 1
    outer loop
      vertex 50 88 0.4
      vertex 50 77 0.4
      vertex 61 88 0.4
    endloop
  endfacet
  facet normal 0 0 1
    outer loop
      vertex 49 89 0.4
      vertex 49 93 0.4
      vertex 45 89 0.4
    endloop
  endfacet
  facet normal 0 0 1
    outer loop
      vertex 45 93 0.4
      vertex 45 89 0.4
      vertex 49 93 0.4
    endloop
  endfacet
  facet normal 0 0 1
    outer loop
      vertex 45 93 0.4
      vertex 49 93 0.4
      vertex 49 106 0.4
    endloop
  endfacet
  facet normal 0 0 1
    outer loop
      vertex 62 89 0.4
      vertex 49 93 0.4
      vertex 49 89 0.4
    endloop
  endfacet
  facet normal 0 0 1
    outer loop
      vertex 62 76 0.4
      vertex 66 89 0.4
      vertex 62 89 0.4
    endloop
  endfacet
  facet normal 0 0 1
    outer loop
      vertex 62 89 0.4
      vertex 62 93 0.4
      vertex 49 93 0.4
    endloop
  endfacet
  facet normal 0 0 1
    outer loop
      vertex 62 93 0.4
      vertex 62 89 0.4
      vertex 66 89 0.4
    endloop
  endfacet
  facet normal 0 0 1
    outer loop
      vertex 62 93 0.4
      vertex 66 89 0.4
      vertex 66 93 0.4
    endloop
  endfacet
  facet normal 0 0 1
    outer loop
      vertex 62 93 0.4
      vertex 66 93 0.4
      vertex 66 106 0.4
    endloop
  endfacet
  facet normal 0 0 1
    outer loop
      vertex 67 71 0.4
      vertex 78 60 0.4
      vertex 78 71 0.4
    endloop
  endfacet
  facet normal 0 0 1
    outer loop
      vertex 79 76 0.4
      vertex 66 76 0.4
      vertex 66 72 0.4
    endloop
  endfacet
  facet normal 0 0 1
    outer loop
      vertex 79 76 0.4
      vertex 66 72 0.4
      vertex 79 72 0.4
    endloop
  endfacet
  facet normal 0 0 1
    outer loop
      vertex 78 77 0.4
      vertex 78 88 0.4
      vertex 67 77 0.4
    endloop
  endfacet
  facet normal 0 0 1
    outer loop
      vertex 83 72 0.4
      vertex 79 72 0.4
      vertex 79 59 0.4
    endloop
  endfacet
  facet normal 0 0 1
    outer loop
      vertex 84 60 0.4
      vertex 95 71 0.4
      vertex 84 71 0.4
    endloop
  endfacet
  facet normal 0 0 1
    outer loop
      vertex 83 72 0.4
      vertex 79 76 0.4
      vertex 79 72 0.4
    endloop
  endfacet
  facet normal 0 0 1
    outer loop
      vertex 83 72 0.4
      vertex 83 76 0.4
      vertex 79 76 0.4
    endloop
  endfacet
  facet normal 0 0 1
    outer loop
      vertex 79 76 0.4
      vertex 83 76 0.4
      vertex 83 89 0.4
    endloop
  endfacet
  facet normal 0 0 1
    outer loop
      vertex 83 72 0.4
      vertex 96 72 0.4
      vertex 83 76 0.4
    endloop
  endfacet
  facet normal 0 0 1
    outer loop
      vertex 67 77 0.4
      vertex 78 88 0.4
      vertex 67 88 0.4
    endloop
  endfacet
  facet normal 0 0 1
    outer loop
      vertex 66 89 0.4
      vertex 79 89 0.4
      vertex 66 93 0.4
    endloop
  endfacet
  facet normal 0 0 1
    outer loop
      vertex 79 93 0.4
      vertex 66 93 0.4
      vertex 79 89 0.4
    endloop
  endfacet
  facet normal 0 0 1
    outer loop
      vertex 79 76 0.4
      vertex 83 89 0.4
      vertex 79 89 0.4
    endloop
  endfacet
  facet normal 0 0 1
    outer loop
      vertex 84 88 0.4
      vertex 84 77 0.4
      vertex 95 88 0.4
    endloop
  endfacet
  facet normal 0 0 1
    outer loop
      vertex 79 93 0.4
      vertex 79 89 0.4
      vertex 83 89 0.4
    endloop
  endfacet
  facet normal 0 0 1
    outer loop
      vertex 79 93 0.4
      vertex 83 89 0.4
      vertex 83 93 0.4
    endloop
  endfacet
  facet normal 0 0 1
    outer loop
      vertex 79 93 0.4
      vertex 83 93 0.4
      vertex 83 106 0.4
    endloop
  endfacet
  facet normal 0 0 1
    outer loop
      vertex 83 89 0.4
      vertex 96 89 0.4
      vertex 83 93 0.4
    endloop
  endfacet
  facet normal 0 0 1
    outer loop
      vertex 45 93 0.4
      vertex 49 106 0.4
      vertex 45 106 0.4
    endloop
  endfacet
  facet normal 0 0 1
    outer loop
      vertex 50 105 0.4
      vertex 50 94 0.4
      vertex 61 105 0.4
    endloop
  endfacet
  facet normal 0 0 1
    outer loop
      vertex 49 106 0.4
      vertex 49 110 0.4
      vertex 45 106 0.4
    endloop
  endfacet
  facet normal 0 0 1
    outer loop
      vertex 45 110 0.4
      vertex 45 106 0.4
      vertex 49 110 0.4
    endloop
  endfacet
  facet normal 0 0 1
    outer loop
      vertex 49 106 0.4
      vertex 62 106 0.4
      vertex 49 110 0.4
    endloop
  endfacet
  facet normal 0 0 1
    outer loop
      vertex 61 105 0.4
      vertex 50 94 0.4
      vertex 61 94 0.4
    endloop
  endfacet
  facet normal 0 0 1
    outer loop
      vertex 62 93 0.4
      vertex 66 106 0.4
      vertex 62 106 0.4
    endloop
  endfacet
  facet normal 0 0 1
    outer loop
      vertex 62 110 0.4
      vertex 49 110 0.4
      vertex 62 106 0.4
    endloop
  endfacet
  facet normal 0 0 1
    outer loop
      vertex 62 110 0.4
      vertex 62 106 0.4
      vertex 66 106 0.4
    endloop
  endfacet
  facet normal 0 0 1
    outer loop
      vertex 62 110 0.4
      vertex 66 106 0.4
      vertex 66 110 0.4
    endloop
  endfacet
  facet normal 0 0 1
    outer loop
      vertex 45 110 0.4
      vertex 49 110 0.4
      vertex 49 123 0.4
    endloop
  endfacet
  facet normal 0 0 1
    outer loop
      vertex 45 110 0.4
      vertex 49 123 0.4
      vertex 45 123 0.4
    endloop
  endfacet
  facet normal 0 0 1
    outer loop
      vertex 50 122 0.4
      vertex 50 111 0.4
      vertex 61 122 0.4
    endloop
  endfacet
  facet normal 0 0 1
    outer loop
      vertex 61 122 0.4
      vertex 50 111 0.4
      vertex 61 111 0.4
    endloop
  endfacet
  facet normal 0 0 1
    outer loop
      vertex 62 110 0.4
      vertex 66 110 0.4
      vertex 66 123 0.4
    endloop
  endfacet
  facet normal 0 0 1
    outer loop
      vertex 62 110 0.4
      vertex 66 123 0.4
      vertex 62 123 0.4
    endloop
  endfacet
  facet normal 0 1 0
    outer loop
      vertex 0 130 0
      vertex 0 130 0.4
      vertex 180 130 0
    endloop
  endfacet
  facet normal 0 0 1
    outer loop
      vertex 67 94 0.4
      vertex 78 94 0.4
      vertex 67 105 0.4
    endloop
  endfacet
  facet normal 0 0 1
    outer loop
      vertex 78 94 0.4
      vertex 78 105 0.4
      vertex 67 105 0.4
    endloop
  endfacet
  facet normal 0 0 1
    outer loop
      vertex 66 106 0.4
      vertex 79 106 0.4
      vertex 66 110 0.4
    endloop
  endfacet
  facet normal 0 0 1
    outer loop
      vertex 79 110 0.4
      vertex 66 110 0.4
      vertex 79 106 0.4
    endloop
  endfacet
  facet normal 0 0 1
    outer loop
      vertex 79 93 0.4
      vertex 83 106 0.4
      vertex 79 106 0.4
    endloop
  endfacet
  facet normal 0 0 1
    outer loop
      vertex 84 94 0.4
      vertex 95 94 0.4
      vertex 84 105 0.4
    endloop
  endfacet
  facet normal 0 0 1
    outer loop
      vertex 83 106 0.4
      vertex 83 110 0.4
      vertex 79 106 0.4
    endloop
  endfacet
  facet normal 0 0 1
    outer loop
      vertex 79 110 0.4
      vertex 79 106 0.4
      vertex 83 110 0.4
    endloop
  endfacet
  facet normal 0 0 1
    outer loop
      vertex 83 106 0.4
      vertex 96 106 0.4
      vertex 83 110 0.4
    endloop
  endfacet
  facet normal 0 0 1
    outer loop
      vertex 67 111 0.4
      vertex 78 111 0.4
      vertex 67 122 0.4
    endloop
  endfacet
  facet normal 0 0 1
    outer loop
      vertex 67 122 0.4
      vertex 78 111 0.4
      vertex 78 122 0.4
    endloop
  endfacet
  facet normal 0 0 1
    outer loop
      vertex 79 110 0.4
      vertex 83 110 0.4
      vertex 83 123 0.4
    endloop
  endfacet
  facet normal 0 0 1
    outer loop
      vertex 79 110 0.4
      vertex 83 123 0.4
      vertex 79 123 0.4
    endloop
  endfacet
  facet normal 0 0 1
    outer loop
      vertex 84 122 0.4
      vertex 84 111 0.4
      vertex 95 122 0.4
    endloop
  endfacet
  facet normal 0 0 1
    outer loop
      vertex 0 130 0.4
      vertex 62 123 0.4
      vertex 180 130 0.4
    endloop
  endfacet
  facet normal 0 0 1
    outer loop
      vertex 0 0 0.4
      vertex 180 0 0.4
      vertex 100 25 0.4
    endloop
  endfacet
  facet normal 0 0 1
    outer loop
      vertex 84 26 0.4
      vertex 95 26 0.4
      vertex 95 37 0.4
    endloop
  endfacet
  facet normal 0 0 1
    outer loop
      vertex 96 25 0.4
      vertex 100 25 0.4
      vertex 100 38 0.4
    endloop
  endfacet
  facet normal 0 0 1
    outer loop
      vertex 101 26 0.4
      vertex 112 26 0.4
      vertex 101 37 0.4
    endloop
  endfacet
  facet normal 0 -1 0
    outer loop
      vertex 0 0 0
      vertex 180 0 0
      vertex 180 0 0.4
    endloop
  endfacet
  facet normal 0 0 1
    outer loop
      vertex 113 25 0.4
      vertex 117 25 0.4
      vertex 117 38 0.4
    endloop
  endfacet
  facet normal 0 0 1
    outer loop
      vertex 180 0 0.4
      vertex 113 25 0.4
      vertex 100 25 0.4
    endloop
  endfacet
  facet normal 0 0 1
    outer loop
      vertex 129 37 0.4
      vertex 118 26 0.4
      vertex 129 26 0.4
    endloop
  endfacet
  facet normal 0 0 1
    outer loop
      vertex 130 25 0.4
      vertex 134 25 0.4
      vertex 134 38 0.4
    endloop
  endfacet
  facet normal 0 0 1
    outer loop
      vertex 96 25 0.4
      vertex 100 38 0.4
      vertex 96 38 0.4
    endloop
  endfacet
  facet normal 0 0 1
    outer loop
      vertex 96 38 0.4
      vertex 100 38 0.4
      vertex 100 42 0.4
    endloop
  endfacet
  facet normal 0 0 1
    outer loop
      vertex 96 42 0.4
      vertex 83 42 0.4
      vertex 96 38 0.4
    endloop
  endfacet
  facet normal 0 0 1
    outer loop
      vertex 96 42 0.4
      vertex 96 38 0.4
      vertex 100 42 0.4
    endloop
  endfacet
  facet normal 0 0 1
    outer loop
      vertex 96 42 0.4
      vertex 100 42 0.4
      vertex 100 55 0.4
    endloop
  endfacet
  facet normal 0 0 1
    outer loop
      vertex 100 38 0.4
      vertex 113 38 0.4
      vertex 100 42 0.4
    endloop
  endfacet
  facet normal 0 0 1
    outer loop
      vertex 101 37 0.4
      vertex 112 26 0.4
      vertex 112 37 0.4
    endloop
  endfacet
  facet normal 0 0 1
    outer loop
      vertex 113 42 0.4
      vertex 100 42 0.4
      vertex 113 38 0.4
    endloop
  endfacet
  facet normal 0 0 1
    outer loop
      vertex 112 54 0.4
      vertex 101 43 0.4
      vertex 112 43 0.4
    endloop
  endfacet
  facet normal 0 0 1
    outer loop
      vertex 95 43 0.4
      vertex 95 54 0.4
      vertex 84 54 0.4
    endloop
  endfacet
  facet normal 0 0 1
    outer loop
      vertex 96 42 0.4
      vertex 100 55 0.4
      vertex 96 55 0.4
    endloop
  endfacet
  facet normal 0 0 1
    outer loop
      vertex 96 59 0.4
      vertex 96 55 0.4
      vertex 100 55 0.4
    endloop
  endfacet
  facet normal 0 0 1
    outer loop
      vertex 96 59 0.4
      vertex 83 59 0.4
      vertex 96 55 0.4
    endloop
  endfacet
  facet normal 0 0 1
    outer loop
      vertex 95 71 0.4
      vertex 84 60 0.4
      vertex 95 60 0.4
    endloop
  endfacet
  facet normal 0 0 1
    outer loop
      vertex 96 59 0.4
      vertex 100 59 0.4
      vertex 100 72 0.4
    endloop
  endfacet
  facet normal 0 0 1
    outer loop
      vertex 112 54 0.4
      vertex 101 54 0.4
      vertex 101 43 0.4
    endloop
  endfacet
  facet normal 0 0 1
    outer loop
      vertex 96 59 0.4
      vertex 100 55 0.4
      vertex 113 55 0.4
    endloop
  endfacet
  facet normal 0 0 1
    outer loop
      vertex 96 59 0.4
      vertex 113 55 0.4
      vertex 100 59 0.4
    endloop
  endfacet
  facet normal 0 0 1
    outer loop
      vertex 101 60 0.4
      vertex 112 60 0.4
      vertex 101 71 0.4
    endloop
  endfacet
  facet normal 0 0 1
    outer loop
      vertex 113 55 0.4
      vertex 113 59 0.4
      vertex 100 59 0.4
    endloop
  endfacet
  facet normal 0 0 1
    outer loop
      vertex 113 25 0.4
      vertex 117 38 0.4
      vertex 113 38 0.4
    endloop
  endfacet
  facet normal 0 0 1
    outer loop
      vertex 117 38 0.4
      vertex 117 42 0.4
      vertex 113 38 0.4
    endloop
  endfacet
  facet normal 0 0 1
    outer loop
      vertex 129 37 0.4
      vertex 118 37 0.4
      vertex 118 26 0.4
    endloop
  endfacet
  facet normal 0 0 1
    outer loop
      vertex 130 38 0.4
      vertex 117 42 0.4
      vertex 117 38 0.4
    endloop
  endfacet
  facet normal 0 0 1
    outer loop
      vertex 113 42 0.4
      vertex 113 38 0.4
      vertex 117 42 0.4
    endloop
  endfacet
  facet normal 0 0 1
    outer loop
      vertex 113 42 0.4
      vertex 117 42 0.4
      vertex 117 55 0.4
    endloop
  endfacet
  facet normal 0 0 1
    outer loop
      vertex 130 25 0.4
      vertex 134 38 0.4
      vertex 130 38 0.4
    endloop
  endfacet
  facet normal 0 0 1
    outer loop
      vertex 130 42 0.4
      vertex 130 38 0.4
      vertex 134 38 0.4
    endloop
  endfacet
  facet normal 0 0 1
    outer loop
      vertex 130 38 0.4
      vertex 130 42 0.4
      vertex 117 42 0.4
    endloop
  endfacet
  facet normal 0 0 1
    outer loop
      vertex 129 43 0.4
      vertex 129 54 0.4
      vertex 118 43 0.4
    endloop
  endfacet
  facet normal 0 0 1
    outer loop
      vertex 130 42 0.4
      vertex 134 38 0.4
      vertex 134 42 0.4
    endloop
  endfacet
  facet normal 0 0 1
    outer loop
      vertex 130 42 0.4
      vertex 134 42 0.4
      vertex 134 55 0.4
    endloop
  endfacet
  facet normal 0 0 -1
    outer loop
      vertex 180 0 0
      vertex 0 130 0
      vertex 180 25 0
    endloop
  endfacet
  facet normal 0 0 1
    outer loop
      vertex 113 42 0.4
      vertex 117 55 0.4
      vertex 113 55 0.4
    endloop
  endfacet
  facet normal 0 0 1
    outer loop
      vertex 117 55 0.4
      vertex 117 59 0.4
      vertex 113 55 0.4
    endloop
  endfacet
  facet normal 0 0 1
    outer loop
      vertex 118 43 0.4
      vertex 129 54 0.4
      vertex 118 54 0.4
    endloop
  endfacet
  facet normal 0 0 1
    outer loop
      vertex 117 55 0.4
      vertex 130 55 0.4
      vertex 117 59 0.4
    endloop
  endfacet
  facet normal 0 0 -1
    outer loop
      vertex 0 130 0
      vertex 180 37 0
      vertex 180 25 0
    endloop
  endfacet
  facet normal 0 0 1
    outer loop
      vertex 113 59 0.4
      vertex 113 55 0.4
      vertex 117 59 0.4
    endloop
  endfacet
  facet normal 0 0 1
    outer loop
      vertex 113 59 0.4
      vertex 117 59 0.4
      vertex 117 72 0.4
    endloop
  endfacet
  facet normal 0 0 1
    outer loop
      vertex 130 42 0.4
      vertex 134 55 0.4
      vertex 130 55 0.4
    endloop
  endfacet
  facet normal 0 0 1
    outer loop
      vertex 130 59 0.4
      vertex 130 55 0.4
      vertex 134 55 0.4
    endloop
  endfacet
  facet normal 0 0 1
    outer loop
      vertex 130 59 0.4
      vertex 117 59 0.4
      vertex 130 55 0.4
    endloop
  endfacet
  facet normal 0 0 1
    outer loop
      vertex 118 60 0.4
      vertex 129 60 0.4
      vertex 129 71 0.4
    endloop
  endfacet
  facet normal 0 0 1
    outer loop
      vertex 130 59 0.4
      vertex 134 55 0.4
      vertex 134 59 0.4
    endloop
  endfacet
  facet normal 0 0 1
    outer loop
      vertex 130 59 0.4
      vertex 134 59 0.4
      vertex 134 72 0.4
    endloop
  endfacet
  facet normal 0 0 1
    outer loop
      vertex 180 0 0.4
      vertex 117 25 0.4
      vertex 113 25 0.4
    endloop
  endfacet
  facet normal 0 0 1
    outer loop
      vertex 180 0 0.4
      vertex 130 25 0.4
      vertex 117 25 0.4
    endloop
  endfacet
  facet normal 0 0 1
    outer loop
      vertex 135 26 0.4
      vertex 146 26 0.4
      vertex 146 37 0.4
    endloop
  endfacet
  facet normal 0 0 1
    outer loop
      vertex 180 0 0.4
      vertex 134 25 0.4
      vertex 130 25 0.4
    endloop
  endfacet
  facet normal 0 0 1
    outer loop
      vertex 180 0 0.4
      vertex 147 25 0.4
      vertex 134 25 0.4
    endloop
  endfacet
  facet normal 0 0 1
    outer loop
      vertex 147 25 0.4
      vertex 151 25 0.4
      vertex 151 38 0.4
    endloop
  endfacet
  facet normal 0 0 1
    outer loop
      vertex 152 26 0.4
      vertex 163 26 0.4
      vertex 152 37 0.4
    endloop
  endfacet
  facet normal 1 0 0
    outer loop
      vertex 180 0 0
      vertex 180 25 0.4
      vertex 180 0 0.4
    endloop
  endfacet
  facet normal 0 0 1
    outer loop
      vertex 180 0 0.4
      vertex 151 25 0.4
      vertex 147 25 0.4
    endloop
  endfacet
  facet normal 0 0 1
    outer loop
      vertex 180 0 0.4
      vertex 164 25 0.4
      vertex 151 25 0.4
    endloop
  endfacet
  facet normal 0 0 1
    outer loop
      vertex 164 25 0.4
      vertex 168 25 0.4
      vertex 168 38 0.4
    endloop
  endfacet
  facet normal 1 0 0
    outer loop
      vertex 180 0 0
      vertex 180 25 0
      vertex 180 25 0.4
    endloop
  endfacet
  facet normal 0 0 1
    outer loop
      vertex 180 0 0.4
      vertex 168 25 0.4
      vertex 164 25 0.4
    endloop
  endfacet
  facet normal 0 0 1
    outer loop
      vertex 180 0 0.4
      vertex 180 25 0.4
      vertex 168 25 0.4
    endloop
  endfacet
  facet normal 0 0 1
    outer loop
      vertex 169 26 0.4
      vertex 180 26 0.4
      vertex 180 37 0.4
    endloop
  endfacet
  facet normal 0 0 1
    outer loop
      vertex 135 26 0.4
      vertex 146 37 0.4
      vertex 135 37 0.4
    endloop
  endfacet
  facet normal 0 0 1
    outer loop
      vertex 134 38 0.4
      vertex 147 38 0.4
      vertex 134 42 0.4
    endloop
  endfacet
  facet normal 0 0 1
    outer loop
      vertex 147 42 0.4
      vertex 134 42 0.4
      vertex 147 38 0.4
    endloop
  endfacet
  facet normal 0 0 1
    outer loop
      vertex 146 54 0.4
      vertex 135 43 0.4
      vertex 146 43 0.4
    endloop
  endfacet
  facet normal 0 0 1
    outer loop
      vertex 147 25 0.4
      vertex 151 38 0.4
      vertex 147 38 0.4
    endloop
  endfacet
  facet normal 0 0 1
    outer loop
      vertex 147 42 0.4
      vertex 147 38 0.4
      vertex 151 38 0.4
    endloop
  endfacet
  facet normal 0 0 1
    outer loop
      vertex 151 38 0.4
      vertex 164 38 0.4
      vertex 151 42 0.4
    endloop
  endfacet
  facet normal 0 0 1
    outer loop
      vertex 147 42 0.4
      vertex 151 38 0.4
      vertex 151 42 0.4
    endloop
  endfacet
  facet normal 0 0 1
    outer loop
      vertex 147 42 0.4
      vertex 151 42 0.4
      vertex 151 55 0.4
    endloop
  endfacet
  facet normal 0 0 1
    outer loop
      vertex 152 43 0.4
      vertex 163 43 0.4
      vertex 152 54 0.4
    endloop
  endfacet
  facet normal 0 0 1
    outer loop
      vertex 135 54 0.4
      vertex 135 43 0.4
      vertex 146 54 0.4
    endloop
  endfacet
  facet normal 0 0 1
    outer loop
      vertex 134 55 0.4
      vertex 147 55 0.4
      vertex 134 59 0.4
    endloop
  endfacet
  facet normal 0 0 1
    outer loop
      vertex 147 59 0.4
      vertex 134 59 0.4
      vertex 147 55 0.4
    endloop
  endfacet
  facet normal 0 0 1
    outer loop
      vertex 146 71 0.4
      vertex 135 60 0.4
      vertex 146 60 0.4
    endloop
  endfacet
  facet normal 0 0 1
    outer loop
      vertex 147 42 0.4
      vertex 151 55 0.4
      vertex 147 55 0.4
    endloop
  endfacet
  facet normal 0 0 1
    outer loop
      vertex 151 55 0.4
      vertex 151 59 0.4
      vertex 147 55 0.4
    endloop
  endfacet
  facet normal 0 0 1
    outer loop
      vertex 151 55 0.4
      vertex 164 55 0.4
      vertex 151 59 0.4
    endloop
  endfacet
  facet normal 0 0 1
    outer loop
      vertex 147 59 0.4
      vertex 147 55 0.4
      vertex 151 59 0.4
    endloop
  endfacet
  facet normal 0 0 1
    outer loop
      vertex 147 59 0.4
      vertex 151 59 0.4
      vertex 151 72 0.4
    endloop
  endfacet
  facet normal 0 0 1
    outer loop
      vertex 152 60 0.4
      vertex 163 60 0.4
      vertex 152 71 0.4
    endloop
  endfacet
  facet normal 0 0 1
    outer loop
      vertex 152 37 0.4
      vertex 163 26 0.4
      vertex 163 37 0.4
    endloop
  endfacet
  facet normal 0 0 1
    outer loop
      vertex 164 25 0.4
      vertex 168 38 0.4
      vertex 164 38 0.4
    endloop
  endfacet
  facet normal 0 0 1
    outer loop
      vertex 168 38 0.4
      vertex 168 42 0.4
      vertex 164 38 0.4
    endloop
  endfacet
  facet normal 0 0 1
    outer loop
      vertex 164 42 0.4
      vertex 151 42 0.4
      vertex 164 38 0.4
    endloop
  endfacet
  facet normal 0 0 1
    outer loop
      vertex 164 42 0.4
      vertex 164 38 0.4
      vertex 168 42 0.4
    endloop
  endfacet
  facet normal 0 0 1
    outer loop
      vertex 164 42 0.4
      vertex 168 42 0.4
      vertex 168 55 0.4
    endloop
  endfacet
  facet normal 1 0 0
    outer loop
      vertex 180 42 0.4
      vertex 180 38 0.4
      vertex 180 38 0
    endloop
  endfacet
  facet normal 0 0 1
    outer loop
      vertex 169 37 0.4
      vertex 169 26 0.4
      vertex 180 37 0.4
    endloop
  endfacet
  facet normal 0 0 1
    outer loop
      vertex 168 38 0.4
      vertex 180 38 0.4
      vertex 168 42 0.4
    endloop
  endfacet
  facet normal 1 0 0
    outer loop
      vertex 180 38 0
      vertex 180 42 0
      vertex 180 42 0.4
    endloop
  endfacet
  facet normal 0 0 1
    outer loop
      vertex 169 43 0.4
      vertex 180 43 0.4
      vertex 169 54 0.4
    endloop
  endfacet
  facet normal 0 0 1
    outer loop
      vertex 180 42 0.4
      vertex 168 42 0.4
      vertex 180 38 0.4
    endloop
  endfacet
  facet normal 0 0 1
    outer loop
      vertex 163 43 0.4
      vertex 163 54 0.4
      vertex 152 54 0.4
    endloop
  endfacet
  facet normal 0 0 1
    outer loop
      vertex 164 42 0.4
      vertex 168 55 0.4
      vertex 164 55 0.4
    endloop
  endfacet
  facet normal 0 0 1
    outer loop
      vertex 168 55 0.4
      vertex 168 59 0.4
      vertex 164 55 0.4
    endloop
  endfacet
  facet normal 0 0 1
    outer loop
      vertex 164 59 0.4
      vertex 151 59 0.4
      vertex 164 55 0.4
    endloop
  endfacet
  facet normal 0 0 1
    outer loop
      vertex 164 59 0.4
      vertex 164 55 0.4
      vertex 168 59 0.4
    endloop
  endfacet
  facet normal 0 0 1
    outer loop
      vertex 164 59 0.4
      vertex 168 59 0.4
      vertex 168 72 0.4
    endloop
  endfacet
  facet normal 1 0 0
    outer loop
      vertex 180 59 0.4
      vertex 180 55 0.4
      vertex 180 55 0
    endloop
  endfacet
  facet normal 0 0 1
    outer loop
      vertex 168 55 0.4
      vertex 180 55 0.4
      vertex 168 59 0.4
    endloop
  endfacet
  facet normal 0 0 1
    outer loop
      vertex 180 43 0.4
      vertex 180 54 0.4
      vertex 169 54 0.4
    endloop
  endfacet
  facet normal 1 0 0
    outer loop
      vertex 180 55 0
      vertex 180 59 0
      vertex 180 59 0.4
    endloop
  endfacet
  facet normal 0 0 1
    outer loop
      vertex 169 60 0.4
      vertex 180 60 0.4
      vertex 169 71 0.4
    endloop
  endfacet
  facet normal 0 0 1
    outer loop
      vertex 180 59 0.4
      vertex 168 59 0.4
      vertex 180 55 0.4
    endloop
  endfacet
  facet normal 0 0 1
    outer loop
      vertex 96 59 0.4
      vertex 100 72 0.4
      vertex 96 72 0.4
    endloop
  endfacet
  facet normal 0 0 1
    outer loop
      vertex 96 72 0.4
      vertex 96 76 0.4
      vertex 83 76 0.4
    endloop
  endfacet
  facet normal 0 0 1
    outer loop
      vertex 84 77 0.4
      vertex 95 77 0.4
      vertex 95 88 0.4
    endloop
  endfacet
  facet normal 0 0 1
    outer loop
      vertex 96 72 0.4
      vertex 100 72 0.4
      vertex 96 76 0.4
    endloop
  endfacet
  facet normal 0 0 1
    outer loop
      vertex 96 76 0.4
      vertex 100 72 0.4
      vertex 100 76 0.4
    endloop
  endfacet
  facet normal 0 0 1
    outer loop
      vertex 96 76 0.4
      vertex 100 76 0.4
      vertex 100 89 0.4
    endloop
  endfacet
  facet normal 0 0 1
    outer loop
      vertex 101 71 0.4
      vertex 112 60 0.4
      vertex 112 71 0.4
    endloop
  endfacet
  facet normal 0 0 1
    outer loop
      vertex 100 72 0.4
      vertex 113 72 0.4
      vertex 100 76 0.4
    endloop
  endfacet
  facet normal 0 0 1
    outer loop
      vertex 101 77 0.4
      vertex 112 77 0.4
      vertex 101 88 0.4
    endloop
  endfacet
  facet normal 0 0 1
    outer loop
      vertex 113 72 0.4
      vertex 113 76 0.4
      vertex 100 76 0.4
    endloop
  endfacet
  facet normal 0 0 1
    outer loop
      vertex 96 76 0.4
      vertex 100 89 0.4
      vertex 96 89 0.4
    endloop
  endfacet
  facet normal 0 0 1
    outer loop
      vertex 96 93 0.4
      vertex 83 93 0.4
      vertex 96 89 0.4
    endloop
  endfacet
  facet normal 0 0 1
    outer loop
      vertex 96 89 0.4
      vertex 100 89 0.4
      vertex 100 93 0.4
    endloop
  endfacet
  facet normal 0 0 1
    outer loop
      vertex 96 93 0.4
      vertex 96 89 0.4
      vertex 100 93 0.4
    endloop
  endfacet
  facet normal 0 0 1
    outer loop
      vertex 96 93 0.4
      vertex 100 93 0.4
      vertex 100 106 0.4
    endloop
  endfacet
  facet normal 0 0 1
    outer loop
      vertex 101 88 0.4
      vertex 112 77 0.4
      vertex 112 88 0.4
    endloop
  endfacet
  facet normal 0 0 1
    outer loop
      vertex 100 89 0.4
      vertex 113 89 0.4
      vertex 100 93 0.4
    endloop
  endfacet
  facet normal 0 0 1
    outer loop
      vertex 113 93 0.4
      vertex 100 93 0.4
      vertex 113 89 0.4
    endloop
  endfacet
  facet normal 0 0 -1
    outer loop
      vertex 0 130 0
      vertex 180 38 0
      vertex 180 37 0
    endloop
  endfacet
  facet normal 0 0 -1
    outer loop
      vertex 0 130 0
      vertex 180 42 0
      vertex 180 38 0
    endloop
  endfacet
  facet normal 0 0 1
    outer loop
      vertex 113 59 0.4
      vertex 117 72 0.4
      vertex 113 72 0.4
    endloop
  endfacet
  facet normal 0 0 1
    outer loop
      vertex 118 71 0.4
      vertex 118 60 0.4
      vertex 129 71 0.4
    endloop
  endfacet
  facet normal 0 0 -1
    outer loop
      vertex 0 130 0
      vertex 180 54 0
      vertex 180 42 0
    endloop
  endfacet
  facet normal 0 0 -1
    outer loop
      vertex 0 130 0
      vertex 180 55 0
      vertex 180 54 0
    endloop
  endfacet
  facet normal 0 0 1
    outer loop
      vertex 113 72 0.4
      vertex 117 76 0.4
      vertex 113 76 0.4
    endloop
  endfacet
  facet normal 0 0 1
    outer loop
      vertex 117 72 0.4
      vertex 117 76 0.4
      vertex 113 72 0.4
    endloop
  endfacet
  facet normal 0 0 1
    outer loop
      vertex 113 76 0.4
      vertex 117 76 0.4
      vertex 117 89 0.4
    endloop
  endfacet
  facet normal 0 0 1
    outer loop
      vertex 117 72 0.4
      vertex 130 72 0.4
      vertex 117 76 0.4
    endloop
  endfacet
  facet normal 0 0 1
    outer loop
      vertex 130 59 0.4
      vertex 134 72 0.4
      vertex 130 72 0.4
    endloop
  endfacet
  facet normal 0 0 1
    outer loop
      vertex 130 72 0.4
      vertex 130 76 0.4
      vertex 117 76 0.4
    endloop
  endfacet
  facet normal 0 0 1
    outer loop
      vertex 118 77 0.4
      vertex 129 77 0.4
      vertex 129 88 0.4
    endloop
  endfacet
  facet normal 0 0 1
    outer loop
      vertex 130 72 0.4
      vertex 134 76 0.4
      vertex 130 76 0.4
    endloop
  endfacet
  facet normal 0 0 1
    outer loop
      vertex 134 72 0.4
      vertex 134 76 0.4
      vertex 130 72 0.4
    endloop
  endfacet
  facet normal 0 0 1
    outer loop
      vertex 130 76 0.4
      vertex 134 76 0.4
      vertex 134 89 0.4
    endloop
  endfacet
  facet normal 0 0 -1
    outer loop
      vertex 0 130 0
      vertex 180 59 0
      vertex 180 55 0
    endloop
  endfacet
  facet normal 0 0 -1
    outer loop
      vertex 0 130 0
      vertex 180 71 0
      vertex 180 59 0
    endloop
  endfacet
  facet normal 0 0 1
    outer loop
      vertex 113 76 0.4
      vertex 117 89 0.4
      vertex 113 89 0.4
    endloop
  endfacet
  facet normal 0 0 1
    outer loop
      vertex 118 88 0.4
      vertex 118 77 0.4
      vertex 129 88 0.4
    endloop
  endfacet
  facet normal 0 0 -1
    outer loop
      vertex 0 130 0
      vertex 180 72 0
      vertex 180 71 0
    endloop
  endfacet
  facet normal 0 0 -1
    outer loop
      vertex 0 130 0
      vertex 180 76 0
      vertex 180 72 0
    endloop
  endfacet
  facet normal 0 0 1
    outer loop
      vertex 117 89 0.4
      vertex 117 93 0.4
      vertex 113 89 0.4
    endloop
  endfacet
  facet normal 0 0 1
    outer loop
      vertex 113 93 0.4
      vertex 113 89 0.4
      vertex 117 93 0.4
    endloop
  endfacet
  facet normal 0 0 1
    outer loop
      vertex 113 93 0.4
      vertex 117 93 0.4
      vertex 117 106 0.4
    endloop
  endfacet
  facet normal 0 0 1
    outer loop
      vertex 117 89 0.4
      vertex 130 89 0.4
      vertex 117 93 0.4
    endloop
  endfacet
  facet normal 0 0 1
    outer loop
      vertex 130 76 0.4
      vertex 134 89 0.4
      vertex 130 89 0.4
    endloop
  endfacet
  facet normal 0 0 1
    outer loop
      vertex 130 93 0.4
      vertex 117 93 0.4
      vertex 130 89 0.4
    endloop
  endfacet
  facet normal 0 0 1
    outer loop
      vertex 134 89 0.4
      vertex 134 93 0.4
      vertex 130 89 0.4
    endloop
  endfacet
  facet normal 0 0 1
    outer loop
      vertex 130 93 0.4
      vertex 130 89 0.4
      vertex 134 93 0.4
    endloop
  endfacet
  facet normal 0 0 1
    outer loop
      vertex 130 93 0.4
      vertex 134 93 0.4
      vertex 134 106 0.4
    endloop
  endfacet
  facet normal 0 0 1
    outer loop
      vertex 95 94 0.4
      vertex 95 105 0.4
      vertex 84 105 0.4
    endloop
  endfacet
  facet normal 0 0 1
    outer loop
      vertex 96 93 0.4
      vertex 100 106 0.4
      vertex 96 106 0.4
    endloop
  endfacet
  facet normal 0 0 1
    outer loop
      vertex 96 110 0.4
      vertex 83 110 0.4
      vertex 96 106 0.4
    endloop
  endfacet
  facet normal 0 0 1
    outer loop
      vertex 96 106 0.4
      vertex 100 106 0.4
      vertex 100 110 0.4
    endloop
  endfacet
  facet normal 0 0 1
    outer loop
      vertex 96 110 0.4
      vertex 96 106 0.4
      vertex 100 110 0.4
    endloop
  endfacet
  facet normal 0 0 1
    outer loop
      vertex 101 94 0.4
      vertex 112 94 0.4
      vertex 101 105 0.4
    endloop
  endfacet
  facet normal 0 0 1
    outer loop
      vertex 112 94 0.4
      vertex 112 105 0.4
      vertex 101 105 0.4
    endloop
  endfacet
  facet normal 0 0 1
    outer loop
      vertex 100 106 0.4
      vertex 113 106 0.4
      vertex 100 110 0.4
    endloop
  endfacet
  facet normal 0 0 1
    outer loop
      vertex 113 110 0.4
      vertex 100 110 0.4
      vertex 113 106 0.4
    endloop
  endfacet
  facet normal 0 0 1
    outer loop
      vertex 84 111 0.4
      vertex 95 111 0.4
      vertex 95 122 0.4
    endloop
  endfacet
  facet normal 0 0 1
    outer loop
      vertex 96 110 0.4
      vertex 100 110 0.4
      vertex 100 123 0.4
    endloop
  endfacet
  facet normal 0 0 1
    outer loop
      vertex 96 110 0.4
      vertex 100 123 0.4
      vertex 96 123 0.4
    endloop
  endfacet
  facet normal 0 0 1
    outer loop
      vertex 101 111 0.4
      vertex 112 111 0.4
      vertex 101 122 0.4
    endloop
  endfacet
  facet normal 0 0 1
    outer loop
      vertex 101 122 0.4
      vertex 112 111 0.4
      vertex 112 122 0.4
    endloop
  endfacet
  facet normal 0 0 1
    outer loop
      vertex 180 130 0.4
      vertex 62 123 0.4
      vertex 66 123 0.4
    endloop
  endfacet
  facet normal 0 0 1
    outer loop
      vertex 180 130 0.4
      vertex 66 123 0.4
      vertex 79 123 0.4
    endloop
  endfacet
  facet normal 0 0 -1
    outer loop
      vertex 0 130 0
      vertex 180 88 0
      vertex 180 76 0
    endloop
  endfacet
  facet normal 0 0 -1
    outer loop
      vertex 0 130 0
      vertex 180 89 0
      vertex 180 88 0
    endloop
  endfacet
  facet normal 0 0 -1
    outer loop
      vertex 0 130 0
      vertex 180 93 0
      vertex 180 89 0
    endloop
  endfacet
  facet normal 0 0 1
    outer loop
      vertex 113 93 0.4
      vertex 117 106 0.4
      vertex 113 106 0.4
    endloop
  endfacet
  facet normal 0 0 1
    outer loop
      vertex 118 94 0.4
      vertex 129 94 0.4
      vertex 118 105 0.4
    endloop
  endfacet
  facet normal 0 0 -1
    outer loop
      vertex 0 130 0
      vertex 180 105 0
      vertex 180 93 0
    endloop
  endfacet
  facet normal 0 0 -1
    outer loop
      vertex 0 130 0
      vertex 180 106 0
      vertex 180 105 0
    endloop
  endfacet
  facet normal 0 0 1
    outer loop
      vertex 117 106 0.4
      vertex 117 110 0.4
      vertex 113 106 0.4
    endloop
  endfacet
  facet normal 0 0 1
    outer loop
      vertex 113 110 0.4
      vertex 113 106 0.4
      vertex 117 110 0.4
    endloop
  endfacet
  facet normal 0 0 1
    outer loop
      vertex 117 106 0.4
      vertex 130 106 0.4
      vertex 117 110 0.4
    endloop
  endfacet
  facet normal 0 0 1
    outer loop
      vertex 129 94 0.4
      vertex 129 105 0.4
      vertex 118 105 0.4
    endloop
  endfacet
  facet normal 0 0 1
    outer loop
      vertex 130 93 0.4
      vertex 134 106 0.4
      vertex 130 106 0.4
    endloop
  endfacet
  facet normal 0 0 1
    outer loop
      vertex 130 110 0.4
      vertex 117 110 0.4
      vertex 130 106 0.4
    endloop
  endfacet
  facet normal 0 0 1
    outer loop
      vertex 134 106 0.4
      vertex 134 110 0.4
      vertex 130 106 0.4
    endloop
  endfacet
  facet normal 0 0 1
    outer loop
      vertex 130 110 0.4
      vertex 130 106 0.4
      vertex 134 110 0.4
    endloop
  endfacet
  facet normal 0 0 -1
    outer loop
      vertex 0 130 0
      vertex 180 110 0
      vertex 180 106 0
    endloop
  endfacet
  facet normal 0 0 -1
    outer loop
      vertex 0 130 0
      vertex 180 122 0
      vertex 180 110 0
    endloop
  endfacet
  facet normal 0 0 1
    outer loop
      vertex 113 110 0.4
      vertex 117 110 0.4
      vertex 117 123 0.4
    endloop
  endfacet
  facet normal 0 0 1
    outer loop
      vertex 113 110 0.4
      vertex 117 123 0.4
      vertex 113 123 0.4
    endloop
  endfacet
  facet normal 0 0 1
    outer loop
      vertex 118 122 0.4
      vertex 118 111 0.4
      vertex 129 122 0.4
    endloop
  endfacet
  facet normal 0 0 -1
    outer loop
      vertex 0 130 0
      vertex 180 123 0
      vertex 180 122 0
    endloop
  endfacet
  facet normal 0 0 -1
    outer loop
      vertex 180 130 0
      vertex 180 123 0
      vertex 0 130 0
    endloop
  endfacet
  facet normal 0 1 0
    outer loop
      vertex 0 130 0.4
      vertex 180 130 0.4
      vertex 180 130 0
    endloop
  endfacet
  facet normal 0 0 1
    outer loop
      vertex 180 130 0.4
      vertex 79 123 0.4
      vertex 83 123 0.4
    endloop
  endfacet
  facet normal 0 0 1
    outer loop
      vertex 180 130 0.4
      vertex 83 123 0.4
      vertex 96 123 0.4
    endloop
  endfacet
  facet normal 0 0 1
    outer loop
      vertex 118 111 0.4
      vertex 129 111 0.4
      vertex 129 122 0.4
    endloop
  endfacet
  facet normal 0 0 1
    outer loop
      vertex 130 110 0.4
      vertex 134 110 0.4
      vertex 134 123 0.4
    endloop
  endfacet
  facet normal 0 0 1
    outer loop
      vertex 130 110 0.4
      vertex 134 123 0.4
      vertex 130 123 0.4
    endloop
  endfacet
  facet normal 0 0 1
    outer loop
      vertex 180 130 0.4
      vertex 96 123 0.4
      vertex 100 123 0.4
    endloop
  endfacet
  facet normal 0 0 1
    outer loop
      vertex 180 130 0.4
      vertex 100 123 0.4
      vertex 113 123 0.4
    endloop
  endfacet
  facet normal 0 0 1
    outer loop
      vertex 135 71 0.4
      vertex 135 60 0.4
      vertex 146 71 0.4
    endloop
  endfacet
  facet normal 0 0 1
    outer loop
      vertex 134 72 0.4
      vertex 147 72 0.4
      vertex 134 76 0.4
    endloop
  endfacet
  facet normal 0 0 1
    outer loop
      vertex 147 72 0.4
      vertex 147 76 0.4
      vertex 134 76 0.4
    endloop
  endfacet
  facet normal 0 0 1
    outer loop
      vertex 146 88 0.4
      vertex 135 77 0.4
      vertex 146 77 0.4
    endloop
  endfacet
  facet normal 0 0 1
    outer loop
      vertex 147 59 0.4
      vertex 151 72 0.4
      vertex 147 72 0.4
    endloop
  endfacet
  facet normal 0 0 1
    outer loop
      vertex 147 72 0.4
      vertex 151 76 0.4
      vertex 147 76 0.4
    endloop
  endfacet
  facet normal 0 0 1
    outer loop
      vertex 151 72 0.4
      vertex 151 76 0.4
      vertex 147 72 0.4
    endloop
  endfacet
  facet normal 0 0 1
    outer loop
      vertex 147 76 0.4
      vertex 151 76 0.4
      vertex 151 89 0.4
    endloop
  endfacet
  facet normal 0 0 1
    outer loop
      vertex 151 72 0.4
      vertex 164 72 0.4
      vertex 151 76 0.4
    endloop
  endfacet
  facet normal 0 0 1
    outer loop
      vertex 152 77 0.4
      vertex 163 77 0.4
      vertex 152 88 0.4
    endloop
  endfacet
  facet normal 0 0 1
    outer loop
      vertex 135 88 0.4
      vertex 135 77 0.4
      vertex 146 88 0.4
    endloop
  endfacet
  facet normal 0 0 1
    outer loop
      vertex 134 89 0.4
      vertex 147 89 0.4
      vertex 134 93 0.4
    endloop
  endfacet
  facet normal 0 0 1
    outer loop
      vertex 147 93 0.4
      vertex 134 93 0.4
      vertex 147 89 0.4
    endloop
  endfacet
  facet normal 0 0 1
    outer loop
      vertex 147 76 0.4
      vertex 151 89 0.4
      vertex 147 89 0.4
    endloop
  endfacet
  facet normal 0 0 1
    outer loop
      vertex 151 89 0.4
      vertex 151 93 0.4
      vertex 147 89 0.4
    endloop
  endfacet
  facet normal 0 0 1
    outer loop
      vertex 147 93 0.4
      vertex 147 89 0.4
      vertex 151 93 0.4
    endloop
  endfacet
  facet normal 0 0 1
    outer loop
      vertex 147 93 0.4
      vertex 151 93 0.4
      vertex 151 106 0.4
    endloop
  endfacet
  facet normal 0 0 1
    outer loop
      vertex 151 89 0.4
      vertex 164 89 0.4
      vertex 151 93 0.4
    endloop
  endfacet
  facet normal 0 0 1
    outer loop
      vertex 152 71 0.4
      vertex 163 60 0.4
      vertex 163 71 0.4
    endloop
  endfacet
  facet normal 0 0 1
    outer loop
      vertex 164 59 0.4
      vertex 168 72 0.4
      vertex 164 72 0.4
    endloop
  endfacet
  facet normal 0 0 1
    outer loop
      vertex 164 72 0.4
      vertex 164 76 0.4
      vertex 151 76 0.4
    endloop
  endfacet
  facet normal 0 0 1
    outer loop
      vertex 164 72 0.4
      vertex 168 76 0.4
      vertex 164 76 0.4
    endloop
  endfacet
  facet normal 0 0 1
    outer loop
      vertex 168 72 0.4
      vertex 168 76 0.4
      vertex 164 72 0.4
    endloop
  endfacet
  facet normal 0 0 1
    outer loop
      vertex 164 76 0.4
      vertex 168 76 0.4
      vertex 168 89 0.4
    endloop
  endfacet
  facet normal 0 0 1
    outer loop
      vertex 169 71 0.4
      vertex 180 60 0.4
      vertex 180 71 0.4
    endloop
  endfacet
  facet normal 1 0 0
    outer loop
      vertex 180 72 0
      vertex 180 76 0
      vertex 180 76 0.4
    endloop
  endfacet
  facet normal 1 0 0
    outer loop
      vertex 180 72 0.4
      vertex 180 72 0
      vertex 180 76 0.4
    endloop
  endfacet
  facet normal 0 0 1
    outer loop
      vertex 168 72 0.4
      vertex 180 72 0.4
      vertex 168 76 0.4
    endloop
  endfacet
  facet normal 0 0 1
    outer loop
      vertex 180 76 0.4
      vertex 168 76 0.4
      vertex 180 72 0.4
    endloop
  endfacet
  facet normal 0 0 1
    outer loop
      vertex 169 77 0.4
      vertex 180 77 0.4
      vertex 180 88 0.4
    endloop
  endfacet
  facet normal 0 0 1
    outer loop
      vertex 152 88 0.4
      vertex 163 77 0.4
      vertex 163 88 0.4
    endloop
  endfacet
  facet normal 0 0 1
    outer loop
      vertex 164 76 0.4
      vertex 168 89 0.4
      vertex 164 89 0.4
    endloop
  endfacet
  facet normal 0 0 1
    outer loop
      vertex 164 93 0.4
      vertex 151 93 0.4
      vertex 164 89 0.4
    endloop
  endfacet
  facet normal 0 0 1
    outer loop
      vertex 168 89 0.4
      vertex 168 93 0.4
      vertex 164 89 0.4
    endloop
  endfacet
  facet normal 0 0 1
    outer loop
      vertex 164 93 0.4
      vertex 164 89 0.4
      vertex 168 93 0.4
    endloop
  endfacet
  facet normal 0 0 1
    outer loop
      vertex 164 93 0.4
      vertex 168 93 0.4
      vertex 168 106 0.4
    endloop
  endfacet
  facet normal 0 0 1
    outer loop
      vertex 169 88 0.4
      vertex 169 77 0.4
      vertex 180 88 0.4
    endloop
  endfacet
  facet normal 1 0 0
    outer loop
      vertex 180 89 0
      vertex 180 93 0
      vertex 180 93 0.4
    endloop
  endfacet
  facet normal 1 0 0
    outer loop
      vertex 180 93 0.4
      vertex 180 89 0.4
      vertex 180 89 0
    endloop
  endfacet
  facet normal 0 0 1
    outer loop
      vertex 168 89 0.4
      vertex 180 89 0.4
      vertex 168 93 0.4
    endloop
  endfacet
  facet normal 0 0 1
    outer loop
      vertex 180 93 0.4
      vertex 168 93 0.4
      vertex 180 89 0.4
    endloop
  endfacet
  facet normal 0 0 1
    outer loop
      vertex 135 105 0.4
      vertex 135 94 0.4
      vertex 146 105 0.4
    endloop
  endfacet
  facet normal 0 0 1
    outer loop
      vertex 146 105 0.4
      vertex 135 94 0.4
      vertex 146 94 0.4
    endloop
  endfacet
  facet normal 0 0 1
    outer loop
      vertex 134 106 0.4
      vertex 147 106 0.4
      vertex 134 110 0.4
    endloop
  endfacet
  facet normal 0 0 1
    outer loop
      vertex 147 110 0.4
      vertex 134 110 0.4
      vertex 147 106 0.4
    endloop
  endfacet
  facet normal 0 0 1
    outer loop
      vertex 147 93 0.4
      vertex 151 106 0.4
      vertex 147 106 0.4
    endloop
  endfacet
  facet normal 0 0 1
    outer loop
      vertex 152 94 0.4
      vertex 163 94 0.4
      vertex 152 105 0.4
    endloop
  endfacet
  facet normal 0 0 1
    outer loop
      vertex 151 106 0.4
      vertex 151 110 0.4
      vertex 147 106 0.4
    endloop
  endfacet
  facet normal 0 0 1
    outer loop
      vertex 147 110 0.4
      vertex 147 106 0.4
      vertex 151 110 0.4
    endloop
  endfacet
  facet normal 0 0 1
    outer loop
      vertex 151 106 0.4
      vertex 164 106 0.4
      vertex 151 110 0.4
    endloop
  endfacet
  facet normal 0 0 1
    outer loop
      vertex 135 122 0.4
      vertex 135 111 0.4
      vertex 146 122 0.4
    endloop
  endfacet
  facet normal 0 0 1
    outer loop
      vertex 146 122 0.4
      vertex 135 111 0.4
      vertex 146 111 0.4
    endloop
  endfacet
  facet normal 0 0 1
    outer loop
      vertex 180 130 0.4
      vertex 113 123 0.4
      vertex 117 123 0.4
    endloop
  endfacet
  facet normal 0 0 1
    outer loop
      vertex 180 130 0.4
      vertex 117 123 0.4
      vertex 130 123 0.4
    endloop
  endfacet
  facet normal 0 0 1
    outer loop
      vertex 147 110 0.4
      vertex 151 110 0.4
      vertex 151 123 0.4
    endloop
  endfacet
  facet normal 0 0 1
    outer loop
      vertex 147 110 0.4
      vertex 151 123 0.4
      vertex 147 123 0.4
    endloop
  endfacet
  facet normal 0 0 1
    outer loop
      vertex 152 111 0.4
      vertex 163 111 0.4
      vertex 152 122 0.4
    endloop
  endfacet
  facet normal 0 0 1
    outer loop
      vertex 180 130 0.4
      vertex 130 123 0.4
      vertex 134 123 0.4
    endloop
  endfacet
  facet normal 0 0 1
    outer loop
      vertex 180 130 0.4
      vertex 134 123 0.4
      vertex 147 123 0.4
    endloop
  endfacet
  facet normal 0 0 1
    outer loop
      vertex 163 94 0.4
      vertex 163 105 0.4
      vertex 152 105 0.4
    endloop
  endfacet
  facet normal 0 0 1
    outer loop
      vertex 164 93 0.4
      vertex 168 106 0.4
      vertex 164 106 0.4
    endloop
  endfacet
  facet normal 0 0 1
    outer loop
      vertex 164 110 0.4
      vertex 151 110 0.4
      vertex 164 106 0.4
    endloop
  endfacet
  facet normal 0 0 1
    outer loop
      vertex 168 106 0.4
      vertex 168 110 0.4
      vertex 164 106 0.4
    endloop
  endfacet
  facet normal 0 0 1
    outer loop
      vertex 164 110 0.4
      vertex 164 106 0.4
      vertex 168 110 0.4
    endloop
  endfacet
  facet normal 0 0 1
    outer loop
      vertex 169 94 0.4
      vertex 180 94 0.4
      vertex 169 105 0.4
    endloop
  endfacet
  facet normal 0 0 1
    outer loop
      vertex 180 94 0.4
      vertex 180 105 0.4
      vertex 169 105 0.4
    endloop
  endfacet
  facet normal 1 0 0
    outer loop
      vertex 180 106 0
      vertex 180 110 0
      vertex 180 110 0.4
    endloop
  endfacet
  facet normal 1 0 0
    outer loop
      vertex 180 110 0.4
      vertex 180 106 0.4
      vertex 180 106 0
    endloop
  endfacet
  facet normal 0 0 1
    outer loop
      vertex 168 106 0.4
      vertex 180 106 0.4
      vertex 168 110 0.4
    endloop
  endfacet
  facet normal 0 0 1
    outer loop
      vertex 180 110 0.4
      vertex 168 110 0.4
      vertex 180 106 0.4
    endloop
  endfacet
  facet normal 0 0 1
    outer loop
      vertex 152 122 0.4
      vertex 163 111 0.4
      vertex 163 122 0.4
    endloop
  endfacet
  facet normal 0 0 1
    outer loop
      vertex 164 110 0.4
      vertex 168 110 0.4
      vertex 168 123 0.4
    endloop
  endfacet
  facet normal 0 0 1
    outer loop
      vertex 164 110 0.4
      vertex 168 123 0.4
      vertex 164 123 0.4
    endloop
  endfacet
  facet normal 0 0 1
    outer loop
      vertex 180 130 0.4
      vertex 147 123 0.4
      vertex 151 123 0.4
    endloop
  endfacet
  facet normal 0 0 1
    outer loop
      vertex 180 130 0.4
      vertex 151 123 0.4
      vertex 164 123 0.4
    endloop
  endfacet
  facet normal 0 0 1
    outer loop
      vertex 169 122 0.4
      vertex 169 111 0.4
      vertex 180 122 0.4
    endloop
  endfacet
  facet normal 0 0 1
    outer loop
      vertex 169 111 0.4
      vertex 180 111 0.4
      vertex 180 122 0.4
    endloop
  endfacet
  facet normal 1 0 0
    outer loop
      vertex 180 130 0.4
      vertex 180 123 0.4
      vertex 180 123 0
    endloop
  endfacet
  facet normal 1 0 0
    outer loop
      vertex 180 130 0
      vertex 180 130 0.4
      vertex 180 123 0
    endloop
  endfacet
  facet normal 0 0 1
    outer loop
      vertex 180 130 0.4
      vertex 164 123 0.4
      vertex 168 123 0.4
    endloop
  endfacet
  facet normal 0 0 1
    outer loop
      vertex 180 130 0.4
      vertex 168 123 0.4
      vertex 180 123 0.4
    endloop
  endfacet
endsolid OpenSCAD_Model
