solid OpenSCAD_Model
  facet normal -1 0 0
    outer loop
      vertex 15 25 2
      vertex 15 25 4
      vertex 15 38 2
    endloop
  endfacet
  facet normal 0 -1 0
    outer loop
      vertex 15 25 2
      vertex 28 25 2
      vertex 28 25 4
    endloop
  endfacet
  facet normal 0 -1 0
    outer loop
      vertex 15 25 2
      vertex 28 25 4
      vertex 15 25 4
    endloop
  endfacet
  facet normal 0 0 1
    outer loop
      vertex 15 25 4
      vertex 16 26 4
      vertex 16 37 4
    endloop
  endfacet
  facet normal 0 0 1
    outer loop
      vertex 15 25 4
      vertex 27 26 4
      vertex 16 26 4
    endloop
  endfacet
  facet normal 1 0 0
    outer loop
      vertex 28 25 2
      vertex 28 38 4
      vertex 28 25 4
    endloop
  endfacet
  facet normal 0 0 1
    outer loop
      vertex 15 25 4
      vertex 28 25 4
      vertex 27 26 4
    endloop
  endfacet
  facet normal 0 0 1
    outer loop
      vertex 28 25 4
      vertex 28 38 4
      vertex 27 26 4
    endloop
  endfacet
  facet normal 0 1 0
    outer loop
      vertex 15 38 2
      vertex 15 38 4
      vertex 28 38 2
    endloop
  endfacet
  facet normal 1 0 0
    outer loop
      vertex 28 25 2
      vertex 28 38 2
      vertex 28 38 4
    endloop
  endfacet
  facet normal -1 0 0
    outer loop
      vertex 15 25 4
      vertex 15 38 4
      vertex 15 38 2
    endloop
  endfacet
  facet normal 0 0 1
    outer loop
      vertex 15 25 4
      vertex 16 37 4
      vertex 15 38 4
    endloop
  endfacet
  facet normal 0 0 1
    outer loop
      vertex 15 38 4
      vertex 16 37 4
      vertex 28 38 4
    endloop
  endfacet
  facet normal 0 1 0
    outer loop
      vertex 28 38 2
      vertex 15 38 4
      vertex 28 38 4
    endloop
  endfacet
  facet normal 0 0 1
    outer loop
      vertex 28 38 4
      vertex 27 37 4
      vertex 27 26 4
    endloop
  endfacet
  facet normal 0 0 1
    outer loop
      vertex 28 38 4
      vertex 16 37 4
      vertex 27 37 4
    endloop
  endfacet
  facet normal -1 0 0
    outer loop
      vertex 15 41.5 2
      vertex 15 41.5 4
      vertex 15 54.5 2
    endloop
  endfacet
  facet normal 0 1 0
    outer loop
      vertex 15 54.5 2
      vertex 15 54.5 4
      vertex 28 54.5 2
    endloop
  endfacet
  facet normal 0 -1 0
    outer loop
      vertex 15 41.5 2
      vertex 28 41.5 2
      vertex 28 41.5 4
    endloop
  endfacet
  facet normal 1 0 0
    outer loop
      vertex 28 41.5 2
      vertex 28 54.5 2
      vertex 28 54.5 4
    endloop
  endfacet
  facet normal 0 -1 0
    outer loop
      vertex 15 41.5 2
      vertex 28 41.5 4
      vertex 15 41.5 4
    endloop
  endfacet
  facet normal 0 0 1
    outer loop
      vertex 15 41.5 4
      vertex 16 42.5 4
      vertex 16 53.5 4
    endloop
  endfacet
  facet normal 0 0 1
    outer loop
      vertex 15 41.5 4
      vertex 27 42.5 4
      vertex 16 42.5 4
    endloop
  endfacet
  facet normal -1 0 0
    outer loop
      vertex 15 54.5 2
      vertex 15 41.5 4
      vertex 15 54.5 4
    endloop
  endfacet
  facet normal 0 0 1
    outer loop
      vertex 15 41.5 4
      vertex 16 53.5 4
      vertex 15 54.5 4
    endloop
  endfacet
  facet normal 0 0 1
    outer loop
      vertex 15 54.5 4
      vertex 16 53.5 4
      vertex 28 54.5 4
    endloop
  endfacet
  facet normal 1 0 0
    outer loop
      vertex 28 41.5 2
      vertex 28 54.5 4
      vertex 28 41.5 4
    endloop
  endfacet
  facet normal 0 0 1
    outer loop
      vertex 15 41.5 4
      vertex 28 41.5 4
      vertex 27 42.5 4
    endloop
  endfacet
  facet normal 0 0 1
    outer loop
      vertex 28 41.5 4
      vertex 28 54.5 4
      vertex 27 42.5 4
    endloop
  endfacet
  facet normal 0 1 0
    outer loop
      vertex 28 54.5 2
      vertex 15 54.5 4
      vertex 28 54.5 4
    endloop
  endfacet
  facet normal 0 0 1
    outer loop
      vertex 28 54.5 4
      vertex 27 53.5 4
      vertex 27 42.5 4
    endloop
  endfacet
  facet normal 0 0 1
    outer loop
      vertex 28 54.5 4
      vertex 16 53.5 4
      vertex 27 53.5 4
    endloop
  endfacet
  facet normal -1 0 0
    outer loop
      vertex 15 58 2
      vertex 15 58 4
      vertex 15 71 2
    endloop
  endfacet
  facet normal 0 -1 0
    outer loop
      vertex 15 58 2
      vertex 28 58 2
      vertex 28 58 4
    endloop
  endfacet
  facet normal 0 -1 0
    outer loop
      vertex 15 58 2
      vertex 28 58 4
      vertex 15 58 4
    endloop
  endfacet
  facet normal 0 0 1
    outer loop
      vertex 15 58 4
      vertex 16 59 4
      vertex 16 70 4
    endloop
  endfacet
  facet normal 0 0 1
    outer loop
      vertex 15 58 4
      vertex 27 59 4
      vertex 16 59 4
    endloop
  endfacet
  facet normal 1 0 0
    outer loop
      vertex 28 58 2
      vertex 28 71 4
      vertex 28 58 4
    endloop
  endfacet
  facet normal 0 0 1
    outer loop
      vertex 15 58 4
      vertex 28 58 4
      vertex 27 59 4
    endloop
  endfacet
  facet normal 0 0 1
    outer loop
      vertex 28 58 4
      vertex 28 71 4
      vertex 27 59 4
    endloop
  endfacet
  facet normal 0 1 0
    outer loop
      vertex 15 71 2
      vertex 15 71 4
      vertex 28 71 2
    endloop
  endfacet
  facet normal 1 0 0
    outer loop
      vertex 28 58 2
      vertex 28 71 2
      vertex 28 71 4
    endloop
  endfacet
  facet normal -1 0 0
    outer loop
      vertex 15 58 4
      vertex 15 71 4
      vertex 15 71 2
    endloop
  endfacet
  facet normal 0 0 1
    outer loop
      vertex 15 58 4
      vertex 16 70 4
      vertex 15 71 4
    endloop
  endfacet
  facet normal 0 0 1
    outer loop
      vertex 15 71 4
      vertex 16 70 4
      vertex 28 71 4
    endloop
  endfacet
  facet normal 0 1 0
    outer loop
      vertex 28 71 2
      vertex 15 71 4
      vertex 28 71 4
    endloop
  endfacet
  facet normal 0 0 1
    outer loop
      vertex 28 71 4
      vertex 27 70 4
      vertex 27 59 4
    endloop
  endfacet
  facet normal 0 0 1
    outer loop
      vertex 28 71 4
      vertex 16 70 4
      vertex 27 70 4
    endloop
  endfacet
  facet normal -1 0 0
    outer loop
      vertex 15 74.5 2
      vertex 15 74.5 4
      vertex 15 87.5 2
    endloop
  endfacet
  facet normal 0 1 0
    outer loop
      vertex 15 87.5 2
      vertex 15 87.5 4
      vertex 28 87.5 2
    endloop
  endfacet
  facet normal 0 -1 0
    outer loop
      vertex 15 74.5 2
      vertex 28 74.5 2
      vertex 28 74.5 4
    endloop
  endfacet
  facet normal 1 0 0
    outer loop
      vertex 28 74.5 2
      vertex 28 87.5 2
      vertex 28 87.5 4
    endloop
  endfacet
  facet normal 0 -1 0
    outer loop
      vertex 15 74.5 2
      vertex 28 74.5 4
      vertex 15 74.5 4
    endloop
  endfacet
  facet normal 0 0 1
    outer loop
      vertex 15 74.5 4
      vertex 16 75.5 4
      vertex 16 86.5 4
    endloop
  endfacet
  facet normal 0 0 1
    outer loop
      vertex 15 74.5 4
      vertex 27 75.5 4
      vertex 16 75.5 4
    endloop
  endfacet
  facet normal -1 0 0
    outer loop
      vertex 15 87.5 2
      vertex 15 74.5 4
      vertex 15 87.5 4
    endloop
  endfacet
  facet normal 0 0 1
    outer loop
      vertex 15 74.5 4
      vertex 16 86.5 4
      vertex 15 87.5 4
    endloop
  endfacet
  facet normal 0 0 1
    outer loop
      vertex 15 87.5 4
      vertex 16 86.5 4
      vertex 28 87.5 4
    endloop
  endfacet
  facet normal 1 0 0
    outer loop
      vertex 28 74.5 2
      vertex 28 87.5 4
      vertex 28 74.5 4
    endloop
  endfacet
  facet normal 0 0 1
    outer loop
      vertex 15 74.5 4
      vertex 28 74.5 4
      vertex 27 75.5 4
    endloop
  endfacet
  facet normal 0 0 1
    outer loop
      vertex 28 74.5 4
      vertex 28 87.5 4
      vertex 27 75.5 4
    endloop
  endfacet
  facet normal 0 1 0
    outer loop
      vertex 28 87.5 2
      vertex 15 87.5 4
      vertex 28 87.5 4
    endloop
  endfacet
  facet normal 0 0 1
    outer loop
      vertex 28 87.5 4
      vertex 27 86.5 4
      vertex 27 75.5 4
    endloop
  endfacet
  facet normal 0 0 1
    outer loop
      vertex 28 87.5 4
      vertex 16 86.5 4
      vertex 27 86.5 4
    endloop
  endfacet
  facet normal -1 0 0
    outer loop
      vertex 15 91 2
      vertex 15 91 4
      vertex 15 104 2
    endloop
  endfacet
  facet normal 0 -1 0
    outer loop
      vertex 15 91 2
      vertex 28 91 2
      vertex 28 91 4
    endloop
  endfacet
  facet normal 0 -1 0
    outer loop
      vertex 15 91 2
      vertex 28 91 4
      vertex 15 91 4
    endloop
  endfacet
  facet normal 0 0 1
    outer loop
      vertex 15 91 4
      vertex 16 92 4
      vertex 16 103 4
    endloop
  endfacet
  facet normal 0 0 1
    outer loop
      vertex 15 91 4
      vertex 27 92 4
      vertex 16 92 4
    endloop
  endfacet
  facet normal 1 0 0
    outer loop
      vertex 28 91 2
      vertex 28 104 4
      vertex 28 91 4
    endloop
  endfacet
  facet normal 0 0 1
    outer loop
      vertex 15 91 4
      vertex 28 91 4
      vertex 27 92 4
    endloop
  endfacet
  facet normal 0 0 1
    outer loop
      vertex 28 91 4
      vertex 28 104 4
      vertex 27 92 4
    endloop
  endfacet
  facet normal 0 1 0
    outer loop
      vertex 15 104 2
      vertex 15 104 4
      vertex 28 104 2
    endloop
  endfacet
  facet normal 1 0 0
    outer loop
      vertex 28 91 2
      vertex 28 104 2
      vertex 28 104 4
    endloop
  endfacet
  facet normal -1 0 0
    outer loop
      vertex 15 91 4
      vertex 15 104 4
      vertex 15 104 2
    endloop
  endfacet
  facet normal 0 0 1
    outer loop
      vertex 15 91 4
      vertex 16 103 4
      vertex 15 104 4
    endloop
  endfacet
  facet normal 0 0 1
    outer loop
      vertex 15 104 4
      vertex 16 103 4
      vertex 28 104 4
    endloop
  endfacet
  facet normal 0 1 0
    outer loop
      vertex 28 104 2
      vertex 15 104 4
      vertex 28 104 4
    endloop
  endfacet
  facet normal 0 0 1
    outer loop
      vertex 28 104 4
      vertex 27 103 4
      vertex 27 92 4
    endloop
  endfacet
  facet normal 0 0 1
    outer loop
      vertex 28 104 4
      vertex 16 103 4
      vertex 27 103 4
    endloop
  endfacet
  facet normal -1 0 0
    outer loop
      vertex 31.5 25 2
      vertex 31.5 25 4
      vertex 31.5 38 2
    endloop
  endfacet
  facet normal 0 -1 0
    outer loop
      vertex 31.5 25 2
      vertex 44.5 25 2
      vertex 44.5 25 4
    endloop
  endfacet
  facet normal 0 -1 0
    outer loop
      vertex 31.5 25 2
      vertex 44.5 25 4
      vertex 31.5 25 4
    endloop
  endfacet
  facet normal 1 0 0
    outer loop
      vertex 44.5 25 2
      vertex 44.5 38 4
      vertex 44.5 25 4
    endloop
  endfacet
  facet normal 0 0 1
    outer loop
      vertex 31.5 25 4
      vertex 32.5 26 4
      vertex 32.5 37 4
    endloop
  endfacet
  facet normal 0 0 1
    outer loop
      vertex 31.5 25 4
      vertex 43.5 26 4
      vertex 32.5 26 4
    endloop
  endfacet
  facet normal 0 0 1
    outer loop
      vertex 31.5 25 4
      vertex 44.5 25 4
      vertex 43.5 26 4
    endloop
  endfacet
  facet normal 0 0 1
    outer loop
      vertex 44.5 25 4
      vertex 44.5 38 4
      vertex 43.5 26 4
    endloop
  endfacet
  facet normal 0 1 0
    outer loop
      vertex 31.5 38 2
      vertex 31.5 38 4
      vertex 44.5 38 2
    endloop
  endfacet
  facet normal 1 0 0
    outer loop
      vertex 44.5 25 2
      vertex 44.5 38 2
      vertex 44.5 38 4
    endloop
  endfacet
  facet normal -1 0 0
    outer loop
      vertex 31.5 25 4
      vertex 31.5 38 4
      vertex 31.5 38 2
    endloop
  endfacet
  facet normal 0 1 0
    outer loop
      vertex 44.5 38 2
      vertex 31.5 38 4
      vertex 44.5 38 4
    endloop
  endfacet
  facet normal 0 0 1
    outer loop
      vertex 31.5 25 4
      vertex 32.5 37 4
      vertex 31.5 38 4
    endloop
  endfacet
  facet normal 0 0 1
    outer loop
      vertex 31.5 38 4
      vertex 32.5 37 4
      vertex 44.5 38 4
    endloop
  endfacet
  facet normal 0 0 1
    outer loop
      vertex 44.5 38 4
      vertex 43.5 37 4
      vertex 43.5 26 4
    endloop
  endfacet
  facet normal 0 0 1
    outer loop
      vertex 44.5 38 4
      vertex 32.5 37 4
      vertex 43.5 37 4
    endloop
  endfacet
  facet normal -1 0 0
    outer loop
      vertex 31.5 41.5 2
      vertex 31.5 41.5 4
      vertex 31.5 54.5 2
    endloop
  endfacet
  facet normal 0 -1 0
    outer loop
      vertex 31.5 41.5 2
      vertex 44.5 41.5 2
      vertex 44.5 41.5 4
    endloop
  endfacet
  facet normal 0 1 0
    outer loop
      vertex 31.5 54.5 2
      vertex 31.5 54.5 4
      vertex 44.5 54.5 2
    endloop
  endfacet
  facet normal 1 0 0
    outer loop
      vertex 44.5 41.5 2
      vertex 44.5 54.5 2
      vertex 44.5 54.5 4
    endloop
  endfacet
  facet normal 0 -1 0
    outer loop
      vertex 31.5 41.5 2
      vertex 44.5 41.5 4
      vertex 31.5 41.5 4
    endloop
  endfacet
  facet normal 1 0 0
    outer loop
      vertex 44.5 41.5 2
      vertex 44.5 54.5 4
      vertex 44.5 41.5 4
    endloop
  endfacet
  facet normal 0 0 1
    outer loop
      vertex 31.5 41.5 4
      vertex 32.5 42.5 4
      vertex 32.5 53.5 4
    endloop
  endfacet
  facet normal 0 0 1
    outer loop
      vertex 31.5 41.5 4
      vertex 43.5 42.5 4
      vertex 32.5 42.5 4
    endloop
  endfacet
  facet normal 0 0 1
    outer loop
      vertex 31.5 41.5 4
      vertex 44.5 41.5 4
      vertex 43.5 42.5 4
    endloop
  endfacet
  facet normal 0 0 1
    outer loop
      vertex 44.5 41.5 4
      vertex 44.5 54.5 4
      vertex 43.5 42.5 4
    endloop
  endfacet
  facet normal -1 0 0
    outer loop
      vertex 31.5 54.5 2
      vertex 31.5 41.5 4
      vertex 31.5 54.5 4
    endloop
  endfacet
  facet normal 0 1 0
    outer loop
      vertex 44.5 54.5 2
      vertex 31.5 54.5 4
      vertex 44.5 54.5 4
    endloop
  endfacet
  facet normal 0 0 1
    outer loop
      vertex 31.5 41.5 4
      vertex 32.5 53.5 4
      vertex 31.5 54.5 4
    endloop
  endfacet
  facet normal 0 0 1
    outer loop
      vertex 31.5 54.5 4
      vertex 32.5 53.5 4
      vertex 44.5 54.5 4
    endloop
  endfacet
  facet normal 0 0 1
    outer loop
      vertex 44.5 54.5 4
      vertex 43.5 53.5 4
      vertex 43.5 42.5 4
    endloop
  endfacet
  facet normal 0 0 1
    outer loop
      vertex 44.5 54.5 4
      vertex 32.5 53.5 4
      vertex 43.5 53.5 4
    endloop
  endfacet
  facet normal -1 0 0
    outer loop
      vertex 31.5 58 2
      vertex 31.5 58 4
      vertex 31.5 71 2
    endloop
  endfacet
  facet normal 0 -1 0
    outer loop
      vertex 31.5 58 2
      vertex 44.5 58 2
      vertex 44.5 58 4
    endloop
  endfacet
  facet normal 0 -1 0
    outer loop
      vertex 31.5 58 2
      vertex 44.5 58 4
      vertex 31.5 58 4
    endloop
  endfacet
  facet normal 1 0 0
    outer loop
      vertex 44.5 58 2
      vertex 44.5 71 4
      vertex 44.5 58 4
    endloop
  endfacet
  facet normal 0 0 1
    outer loop
      vertex 31.5 58 4
      vertex 32.5 59 4
      vertex 32.5 70 4
    endloop
  endfacet
  facet normal 0 0 1
    outer loop
      vertex 31.5 58 4
      vertex 43.5 59 4
      vertex 32.5 59 4
    endloop
  endfacet
  facet normal 0 0 1
    outer loop
      vertex 31.5 58 4
      vertex 44.5 58 4
      vertex 43.5 59 4
    endloop
  endfacet
  facet normal 0 0 1
    outer loop
      vertex 44.5 58 4
      vertex 44.5 71 4
      vertex 43.5 59 4
    endloop
  endfacet
  facet normal 0 1 0
    outer loop
      vertex 31.5 71 2
      vertex 31.5 71 4
      vertex 44.5 71 2
    endloop
  endfacet
  facet normal 1 0 0
    outer loop
      vertex 44.5 58 2
      vertex 44.5 71 2
      vertex 44.5 71 4
    endloop
  endfacet
  facet normal -1 0 0
    outer loop
      vertex 31.5 58 4
      vertex 31.5 71 4
      vertex 31.5 71 2
    endloop
  endfacet
  facet normal 0 1 0
    outer loop
      vertex 44.5 71 2
      vertex 31.5 71 4
      vertex 44.5 71 4
    endloop
  endfacet
  facet normal 0 0 1
    outer loop
      vertex 31.5 58 4
      vertex 32.5 70 4
      vertex 31.5 71 4
    endloop
  endfacet
  facet normal 0 0 1
    outer loop
      vertex 31.5 71 4
      vertex 32.5 70 4
      vertex 44.5 71 4
    endloop
  endfacet
  facet normal 0 0 1
    outer loop
      vertex 44.5 71 4
      vertex 43.5 70 4
      vertex 43.5 59 4
    endloop
  endfacet
  facet normal 0 0 1
    outer loop
      vertex 44.5 71 4
      vertex 32.5 70 4
      vertex 43.5 70 4
    endloop
  endfacet
  facet normal -1 0 0
    outer loop
      vertex 31.5 74.5 2
      vertex 31.5 74.5 4
      vertex 31.5 87.5 2
    endloop
  endfacet
  facet normal 0 -1 0
    outer loop
      vertex 31.5 74.5 2
      vertex 44.5 74.5 2
      vertex 44.5 74.5 4
    endloop
  endfacet
  facet normal 0 1 0
    outer loop
      vertex 31.5 87.5 2
      vertex 31.5 87.5 4
      vertex 44.5 87.5 2
    endloop
  endfacet
  facet normal 1 0 0
    outer loop
      vertex 44.5 74.5 2
      vertex 44.5 87.5 2
      vertex 44.5 87.5 4
    endloop
  endfacet
  facet normal 0 -1 0
    outer loop
      vertex 31.5 74.5 2
      vertex 44.5 74.5 4
      vertex 31.5 74.5 4
    endloop
  endfacet
  facet normal 1 0 0
    outer loop
      vertex 44.5 74.5 2
      vertex 44.5 87.5 4
      vertex 44.5 74.5 4
    endloop
  endfacet
  facet normal 0 0 1
    outer loop
      vertex 31.5 74.5 4
      vertex 32.5 75.5 4
      vertex 32.5 86.5 4
    endloop
  endfacet
  facet normal 0 0 1
    outer loop
      vertex 31.5 74.5 4
      vertex 43.5 75.5 4
      vertex 32.5 75.5 4
    endloop
  endfacet
  facet normal 0 0 1
    outer loop
      vertex 31.5 74.5 4
      vertex 44.5 74.5 4
      vertex 43.5 75.5 4
    endloop
  endfacet
  facet normal 0 0 1
    outer loop
      vertex 44.5 74.5 4
      vertex 44.5 87.5 4
      vertex 43.5 75.5 4
    endloop
  endfacet
  facet normal -1 0 0
    outer loop
      vertex 31.5 87.5 2
      vertex 31.5 74.5 4
      vertex 31.5 87.5 4
    endloop
  endfacet
  facet normal 0 1 0
    outer loop
      vertex 44.5 87.5 2
      vertex 31.5 87.5 4
      vertex 44.5 87.5 4
    endloop
  endfacet
  facet normal 0 0 1
    outer loop
      vertex 31.5 74.5 4
      vertex 32.5 86.5 4
      vertex 31.5 87.5 4
    endloop
  endfacet
  facet normal 0 0 1
    outer loop
      vertex 31.5 87.5 4
      vertex 32.5 86.5 4
      vertex 44.5 87.5 4
    endloop
  endfacet
  facet normal 0 0 1
    outer loop
      vertex 44.5 87.5 4
      vertex 43.5 86.5 4
      vertex 43.5 75.5 4
    endloop
  endfacet
  facet normal 0 0 1
    outer loop
      vertex 44.5 87.5 4
      vertex 32.5 86.5 4
      vertex 43.5 86.5 4
    endloop
  endfacet
  facet normal -1 0 0
    outer loop
      vertex 31.5 91 2
      vertex 31.5 91 4
      vertex 31.5 104 2
    endloop
  endfacet
  facet normal 0 -1 0
    outer loop
      vertex 31.5 91 2
      vertex 44.5 91 2
      vertex 44.5 91 4
    endloop
  endfacet
  facet normal 0 -1 0
    outer loop
      vertex 31.5 91 2
      vertex 44.5 91 4
      vertex 31.5 91 4
    endloop
  endfacet
  facet normal 1 0 0
    outer loop
      vertex 44.5 91 2
      vertex 44.5 104 4
      vertex 44.5 91 4
    endloop
  endfacet
  facet normal 0 0 1
    outer loop
      vertex 31.5 91 4
      vertex 32.5 92 4
      vertex 32.5 103 4
    endloop
  endfacet
  facet normal 0 0 1
    outer loop
      vertex 31.5 91 4
      vertex 43.5 92 4
      vertex 32.5 92 4
    endloop
  endfacet
  facet normal 0 0 1
    outer loop
      vertex 31.5 91 4
      vertex 44.5 91 4
      vertex 43.5 92 4
    endloop
  endfacet
  facet normal 0 0 1
    outer loop
      vertex 44.5 91 4
      vertex 44.5 104 4
      vertex 43.5 92 4
    endloop
  endfacet
  facet normal 0 1 0
    outer loop
      vertex 31.5 104 2
      vertex 31.5 104 4
      vertex 44.5 104 2
    endloop
  endfacet
  facet normal 1 0 0
    outer loop
      vertex 44.5 91 2
      vertex 44.5 104 2
      vertex 44.5 104 4
    endloop
  endfacet
  facet normal -1 0 0
    outer loop
      vertex 31.5 91 4
      vertex 31.5 104 4
      vertex 31.5 104 2
    endloop
  endfacet
  facet normal 0 1 0
    outer loop
      vertex 44.5 104 2
      vertex 31.5 104 4
      vertex 44.5 104 4
    endloop
  endfacet
  facet normal 0 0 1
    outer loop
      vertex 31.5 91 4
      vertex 32.5 103 4
      vertex 31.5 104 4
    endloop
  endfacet
  facet normal 0 0 1
    outer loop
      vertex 31.5 104 4
      vertex 32.5 103 4
      vertex 44.5 104 4
    endloop
  endfacet
  facet normal 0 0 1
    outer loop
      vertex 44.5 104 4
      vertex 43.5 103 4
      vertex 43.5 92 4
    endloop
  endfacet
  facet normal 0 0 1
    outer loop
      vertex 44.5 104 4
      vertex 32.5 103 4
      vertex 43.5 103 4
    endloop
  endfacet
  facet normal -1 0 0
    outer loop
      vertex 48 25 2
      vertex 48 25 4
      vertex 48 38 2
    endloop
  endfacet
  facet normal 0 -1 0
    outer loop
      vertex 48 25 2
      vertex 61 25 2
      vertex 61 25 4
    endloop
  endfacet
  facet normal 0 -1 0
    outer loop
      vertex 48 25 2
      vertex 61 25 4
      vertex 48 25 4
    endloop
  endfacet
  facet normal 1 0 0
    outer loop
      vertex 61 25 2
      vertex 61 38 4
      vertex 61 25 4
    endloop
  endfacet
  facet normal 0 0 1
    outer loop
      vertex 48 25 4
      vertex 49 26 4
      vertex 49 37 4
    endloop
  endfacet
  facet normal 0 0 1
    outer loop
      vertex 48 25 4
      vertex 60 26 4
      vertex 49 26 4
    endloop
  endfacet
  facet normal 0 0 1
    outer loop
      vertex 48 25 4
      vertex 61 25 4
      vertex 60 26 4
    endloop
  endfacet
  facet normal 0 0 1
    outer loop
      vertex 61 25 4
      vertex 61 38 4
      vertex 60 26 4
    endloop
  endfacet
  facet normal 0 1 0
    outer loop
      vertex 48 38 2
      vertex 48 38 4
      vertex 61 38 2
    endloop
  endfacet
  facet normal 1 0 0
    outer loop
      vertex 61 25 2
      vertex 61 38 2
      vertex 61 38 4
    endloop
  endfacet
  facet normal -1 0 0
    outer loop
      vertex 48 25 4
      vertex 48 38 4
      vertex 48 38 2
    endloop
  endfacet
  facet normal 0 1 0
    outer loop
      vertex 61 38 2
      vertex 48 38 4
      vertex 61 38 4
    endloop
  endfacet
  facet normal 0 0 1
    outer loop
      vertex 48 25 4
      vertex 49 37 4
      vertex 48 38 4
    endloop
  endfacet
  facet normal 0 0 1
    outer loop
      vertex 48 38 4
      vertex 49 37 4
      vertex 61 38 4
    endloop
  endfacet
  facet normal 0 0 1
    outer loop
      vertex 61 38 4
      vertex 60 37 4
      vertex 60 26 4
    endloop
  endfacet
  facet normal 0 0 1
    outer loop
      vertex 61 38 4
      vertex 49 37 4
      vertex 60 37 4
    endloop
  endfacet
  facet normal -1 0 0
    outer loop
      vertex 48 41.5 2
      vertex 48 41.5 4
      vertex 48 54.5 2
    endloop
  endfacet
  facet normal 0 -1 0
    outer loop
      vertex 48 41.5 2
      vertex 61 41.5 2
      vertex 61 41.5 4
    endloop
  endfacet
  facet normal 0 1 0
    outer loop
      vertex 48 54.5 2
      vertex 48 54.5 4
      vertex 61 54.5 2
    endloop
  endfacet
  facet normal 1 0 0
    outer loop
      vertex 61 41.5 2
      vertex 61 54.5 2
      vertex 61 54.5 4
    endloop
  endfacet
  facet normal 0 -1 0
    outer loop
      vertex 48 41.5 2
      vertex 61 41.5 4
      vertex 48 41.5 4
    endloop
  endfacet
  facet normal 1 0 0
    outer loop
      vertex 61 41.5 2
      vertex 61 54.5 4
      vertex 61 41.5 4
    endloop
  endfacet
  facet normal 0 0 1
    outer loop
      vertex 48 41.5 4
      vertex 49 42.5 4
      vertex 49 53.5 4
    endloop
  endfacet
  facet normal 0 0 1
    outer loop
      vertex 48 41.5 4
      vertex 60 42.5 4
      vertex 49 42.5 4
    endloop
  endfacet
  facet normal 0 0 1
    outer loop
      vertex 48 41.5 4
      vertex 61 41.5 4
      vertex 60 42.5 4
    endloop
  endfacet
  facet normal 0 0 1
    outer loop
      vertex 61 41.5 4
      vertex 61 54.5 4
      vertex 60 42.5 4
    endloop
  endfacet
  facet normal -1 0 0
    outer loop
      vertex 48 54.5 2
      vertex 48 41.5 4
      vertex 48 54.5 4
    endloop
  endfacet
  facet normal 0 1 0
    outer loop
      vertex 61 54.5 2
      vertex 48 54.5 4
      vertex 61 54.5 4
    endloop
  endfacet
  facet normal 0 0 1
    outer loop
      vertex 48 41.5 4
      vertex 49 53.5 4
      vertex 48 54.5 4
    endloop
  endfacet
  facet normal 0 0 1
    outer loop
      vertex 48 54.5 4
      vertex 49 53.5 4
      vertex 61 54.5 4
    endloop
  endfacet
  facet normal 0 0 1
    outer loop
      vertex 61 54.5 4
      vertex 60 53.5 4
      vertex 60 42.5 4
    endloop
  endfacet
  facet normal 0 0 1
    outer loop
      vertex 61 54.5 4
      vertex 49 53.5 4
      vertex 60 53.5 4
    endloop
  endfacet
  facet normal -1 0 0
    outer loop
      vertex 48 58 2
      vertex 48 58 4
      vertex 48 71 2
    endloop
  endfacet
  facet normal 0 -1 0
    outer loop
      vertex 48 58 2
      vertex 61 58 2
      vertex 61 58 4
    endloop
  endfacet
  facet normal 0 -1 0
    outer loop
      vertex 48 58 2
      vertex 61 58 4
      vertex 48 58 4
    endloop
  endfacet
  facet normal 1 0 0
    outer loop
      vertex 61 58 2
      vertex 61 71 4
      vertex 61 58 4
    endloop
  endfacet
  facet normal 0 0 1
    outer loop
      vertex 48 58 4
      vertex 49 59 4
      vertex 49 70 4
    endloop
  endfacet
  facet normal 0 0 1
    outer loop
      vertex 48 58 4
      vertex 60 59 4
      vertex 49 59 4
    endloop
  endfacet
  facet normal 0 0 1
    outer loop
      vertex 48 58 4
      vertex 61 58 4
      vertex 60 59 4
    endloop
  endfacet
  facet normal 0 0 1
    outer loop
      vertex 61 58 4
      vertex 61 71 4
      vertex 60 59 4
    endloop
  endfacet
  facet normal 0 1 0
    outer loop
      vertex 48 71 2
      vertex 48 71 4
      vertex 61 71 2
    endloop
  endfacet
  facet normal 1 0 0
    outer loop
      vertex 61 58 2
      vertex 61 71 2
      vertex 61 71 4
    endloop
  endfacet
  facet normal -1 0 0
    outer loop
      vertex 48 58 4
      vertex 48 71 4
      vertex 48 71 2
    endloop
  endfacet
  facet normal 0 1 0
    outer loop
      vertex 61 71 2
      vertex 48 71 4
      vertex 61 71 4
    endloop
  endfacet
  facet normal 0 0 1
    outer loop
      vertex 48 58 4
      vertex 49 70 4
      vertex 48 71 4
    endloop
  endfacet
  facet normal 0 0 1
    outer loop
      vertex 48 71 4
      vertex 49 70 4
      vertex 61 71 4
    endloop
  endfacet
  facet normal 0 0 1
    outer loop
      vertex 61 71 4
      vertex 60 70 4
      vertex 60 59 4
    endloop
  endfacet
  facet normal 0 0 1
    outer loop
      vertex 61 71 4
      vertex 49 70 4
      vertex 60 70 4
    endloop
  endfacet
  facet normal -1 0 0
    outer loop
      vertex 48 74.5 2
      vertex 48 74.5 4
      vertex 48 87.5 2
    endloop
  endfacet
  facet normal 0 -1 0
    outer loop
      vertex 48 74.5 2
      vertex 61 74.5 2
      vertex 61 74.5 4
    endloop
  endfacet
  facet normal 0 1 0
    outer loop
      vertex 48 87.5 2
      vertex 48 87.5 4
      vertex 61 87.5 2
    endloop
  endfacet
  facet normal 1 0 0
    outer loop
      vertex 61 74.5 2
      vertex 61 87.5 2
      vertex 61 87.5 4
    endloop
  endfacet
  facet normal 0 -1 0
    outer loop
      vertex 48 74.5 2
      vertex 61 74.5 4
      vertex 48 74.5 4
    endloop
  endfacet
  facet normal 1 0 0
    outer loop
      vertex 61 74.5 2
      vertex 61 87.5 4
      vertex 61 74.5 4
    endloop
  endfacet
  facet normal 0 0 1
    outer loop
      vertex 48 74.5 4
      vertex 49 75.5 4
      vertex 49 86.5 4
    endloop
  endfacet
  facet normal 0 0 1
    outer loop
      vertex 48 74.5 4
      vertex 60 75.5 4
      vertex 49 75.5 4
    endloop
  endfacet
  facet normal 0 0 1
    outer loop
      vertex 48 74.5 4
      vertex 61 74.5 4
      vertex 60 75.5 4
    endloop
  endfacet
  facet normal 0 0 1
    outer loop
      vertex 61 74.5 4
      vertex 61 87.5 4
      vertex 60 75.5 4
    endloop
  endfacet
  facet normal -1 0 0
    outer loop
      vertex 48 87.5 2
      vertex 48 74.5 4
      vertex 48 87.5 4
    endloop
  endfacet
  facet normal 0 1 0
    outer loop
      vertex 61 87.5 2
      vertex 48 87.5 4
      vertex 61 87.5 4
    endloop
  endfacet
  facet normal 0 0 1
    outer loop
      vertex 48 74.5 4
      vertex 49 86.5 4
      vertex 48 87.5 4
    endloop
  endfacet
  facet normal 0 0 1
    outer loop
      vertex 48 87.5 4
      vertex 49 86.5 4
      vertex 61 87.5 4
    endloop
  endfacet
  facet normal 0 0 1
    outer loop
      vertex 61 87.5 4
      vertex 60 86.5 4
      vertex 60 75.5 4
    endloop
  endfacet
  facet normal 0 0 1
    outer loop
      vertex 61 87.5 4
      vertex 49 86.5 4
      vertex 60 86.5 4
    endloop
  endfacet
  facet normal -1 0 0
    outer loop
      vertex 48 91 2
      vertex 48 91 4
      vertex 48 104 2
    endloop
  endfacet
  facet normal 0 -1 0
    outer loop
      vertex 48 91 2
      vertex 61 91 2
      vertex 61 91 4
    endloop
  endfacet
  facet normal 0 -1 0
    outer loop
      vertex 48 91 2
      vertex 61 91 4
      vertex 48 91 4
    endloop
  endfacet
  facet normal 1 0 0
    outer loop
      vertex 61 91 2
      vertex 61 104 4
      vertex 61 91 4
    endloop
  endfacet
  facet normal 0 0 1
    outer loop
      vertex 48 91 4
      vertex 49 92 4
      vertex 49 103 4
    endloop
  endfacet
  facet normal 0 0 1
    outer loop
      vertex 48 91 4
      vertex 60 92 4
      vertex 49 92 4
    endloop
  endfacet
  facet normal 0 0 1
    outer loop
      vertex 48 91 4
      vertex 61 91 4
      vertex 60 92 4
    endloop
  endfacet
  facet normal 0 0 1
    outer loop
      vertex 61 91 4
      vertex 61 104 4
      vertex 60 92 4
    endloop
  endfacet
  facet normal 0 1 0
    outer loop
      vertex 48 104 2
      vertex 48 104 4
      vertex 61 104 2
    endloop
  endfacet
  facet normal 1 0 0
    outer loop
      vertex 61 91 2
      vertex 61 104 2
      vertex 61 104 4
    endloop
  endfacet
  facet normal -1 0 0
    outer loop
      vertex 48 91 4
      vertex 48 104 4
      vertex 48 104 2
    endloop
  endfacet
  facet normal 0 1 0
    outer loop
      vertex 61 104 2
      vertex 48 104 4
      vertex 61 104 4
    endloop
  endfacet
  facet normal 0 0 1
    outer loop
      vertex 48 91 4
      vertex 49 103 4
      vertex 48 104 4
    endloop
  endfacet
  facet normal 0 0 1
    outer loop
      vertex 48 104 4
      vertex 49 103 4
      vertex 61 104 4
    endloop
  endfacet
  facet normal 0 0 1
    outer loop
      vertex 61 104 4
      vertex 60 103 4
      vertex 60 92 4
    endloop
  endfacet
  facet normal 0 0 1
    outer loop
      vertex 61 104 4
      vertex 49 103 4
      vertex 60 103 4
    endloop
  endfacet
  facet normal -1 0 0
    outer loop
      vertex 64.5 25 2
      vertex 64.5 25 4
      vertex 64.5 38 2
    endloop
  endfacet
  facet normal 0 -1 0
    outer loop
      vertex 64.5 25 2
      vertex 77.5 25 2
      vertex 77.5 25 4
    endloop
  endfacet
  facet normal 0 0 1
    outer loop
      vertex 64.5 25 4
      vertex 65.5 26 4
      vertex 65.5 37 4
    endloop
  endfacet
  facet normal 0 -1 0
    outer loop
      vertex 64.5 25 2
      vertex 77.5 25 4
      vertex 64.5 25 4
    endloop
  endfacet
  facet normal 1 0 0
    outer loop
      vertex 77.5 25 2
      vertex 77.5 38 4
      vertex 77.5 25 4
    endloop
  endfacet
  facet normal 0 0 1
    outer loop
      vertex 64.5 25 4
      vertex 76.5 26 4
      vertex 65.5 26 4
    endloop
  endfacet
  facet normal 0 0 1
    outer loop
      vertex 64.5 25 4
      vertex 77.5 25 4
      vertex 76.5 26 4
    endloop
  endfacet
  facet normal 0 0 1
    outer loop
      vertex 77.5 25 4
      vertex 77.5 38 4
      vertex 76.5 26 4
    endloop
  endfacet
  facet normal 0 1 0
    outer loop
      vertex 64.5 38 2
      vertex 64.5 38 4
      vertex 77.5 38 2
    endloop
  endfacet
  facet normal 1 0 0
    outer loop
      vertex 77.5 25 2
      vertex 77.5 38 2
      vertex 77.5 38 4
    endloop
  endfacet
  facet normal -1 0 0
    outer loop
      vertex 64.5 25 4
      vertex 64.5 38 4
      vertex 64.5 38 2
    endloop
  endfacet
  facet normal 0 0 1
    outer loop
      vertex 64.5 25 4
      vertex 65.5 37 4
      vertex 64.5 38 4
    endloop
  endfacet
  facet normal 0 1 0
    outer loop
      vertex 77.5 38 2
      vertex 64.5 38 4
      vertex 77.5 38 4
    endloop
  endfacet
  facet normal 0 0 1
    outer loop
      vertex 64.5 38 4
      vertex 65.5 37 4
      vertex 77.5 38 4
    endloop
  endfacet
  facet normal 0 0 1
    outer loop
      vertex 77.5 38 4
      vertex 76.5 37 4
      vertex 76.5 26 4
    endloop
  endfacet
  facet normal 0 0 1
    outer loop
      vertex 77.5 38 4
      vertex 65.5 37 4
      vertex 76.5 37 4
    endloop
  endfacet
  facet normal -1 0 0
    outer loop
      vertex 64.5 41.5 2
      vertex 64.5 41.5 4
      vertex 64.5 54.5 2
    endloop
  endfacet
  facet normal 0 -1 0
    outer loop
      vertex 64.5 41.5 2
      vertex 77.5 41.5 2
      vertex 77.5 41.5 4
    endloop
  endfacet
  facet normal 0 1 0
    outer loop
      vertex 64.5 54.5 2
      vertex 64.5 54.5 4
      vertex 77.5 54.5 2
    endloop
  endfacet
  facet normal 1 0 0
    outer loop
      vertex 77.5 41.5 2
      vertex 77.5 54.5 2
      vertex 77.5 54.5 4
    endloop
  endfacet
  facet normal 0 0 1
    outer loop
      vertex 64.5 41.5 4
      vertex 65.5 42.5 4
      vertex 65.5 53.5 4
    endloop
  endfacet
  facet normal -1 0 0
    outer loop
      vertex 64.5 54.5 2
      vertex 64.5 41.5 4
      vertex 64.5 54.5 4
    endloop
  endfacet
  facet normal 0 0 1
    outer loop
      vertex 64.5 41.5 4
      vertex 65.5 53.5 4
      vertex 64.5 54.5 4
    endloop
  endfacet
  facet normal 0 -1 0
    outer loop
      vertex 64.5 41.5 2
      vertex 77.5 41.5 4
      vertex 64.5 41.5 4
    endloop
  endfacet
  facet normal 1 0 0
    outer loop
      vertex 77.5 41.5 2
      vertex 77.5 54.5 4
      vertex 77.5 41.5 4
    endloop
  endfacet
  facet normal 0 0 1
    outer loop
      vertex 64.5 41.5 4
      vertex 76.5 42.5 4
      vertex 65.5 42.5 4
    endloop
  endfacet
  facet normal 0 0 1
    outer loop
      vertex 64.5 41.5 4
      vertex 77.5 41.5 4
      vertex 76.5 42.5 4
    endloop
  endfacet
  facet normal 0 0 1
    outer loop
      vertex 77.5 41.5 4
      vertex 77.5 54.5 4
      vertex 76.5 42.5 4
    endloop
  endfacet
  facet normal 0 1 0
    outer loop
      vertex 77.5 54.5 2
      vertex 64.5 54.5 4
      vertex 77.5 54.5 4
    endloop
  endfacet
  facet normal 0 0 1
    outer loop
      vertex 64.5 54.5 4
      vertex 65.5 53.5 4
      vertex 77.5 54.5 4
    endloop
  endfacet
  facet normal 0 0 1
    outer loop
      vertex 77.5 54.5 4
      vertex 76.5 53.5 4
      vertex 76.5 42.5 4
    endloop
  endfacet
  facet normal 0 0 1
    outer loop
      vertex 77.5 54.5 4
      vertex 65.5 53.5 4
      vertex 76.5 53.5 4
    endloop
  endfacet
  facet normal -1 0 0
    outer loop
      vertex 64.5 58 2
      vertex 64.5 58 4
      vertex 64.5 71 2
    endloop
  endfacet
  facet normal 0 -1 0
    outer loop
      vertex 64.5 58 2
      vertex 77.5 58 2
      vertex 77.5 58 4
    endloop
  endfacet
  facet normal 0 0 1
    outer loop
      vertex 64.5 58 4
      vertex 65.5 59 4
      vertex 65.5 70 4
    endloop
  endfacet
  facet normal 0 -1 0
    outer loop
      vertex 64.5 58 2
      vertex 77.5 58 4
      vertex 64.5 58 4
    endloop
  endfacet
  facet normal 1 0 0
    outer loop
      vertex 77.5 58 2
      vertex 77.5 71 4
      vertex 77.5 58 4
    endloop
  endfacet
  facet normal 0 0 1
    outer loop
      vertex 64.5 58 4
      vertex 76.5 59 4
      vertex 65.5 59 4
    endloop
  endfacet
  facet normal 0 0 1
    outer loop
      vertex 64.5 58 4
      vertex 77.5 58 4
      vertex 76.5 59 4
    endloop
  endfacet
  facet normal 0 0 1
    outer loop
      vertex 77.5 58 4
      vertex 77.5 71 4
      vertex 76.5 59 4
    endloop
  endfacet
  facet normal 0 1 0
    outer loop
      vertex 64.5 71 2
      vertex 64.5 71 4
      vertex 77.5 71 2
    endloop
  endfacet
  facet normal 1 0 0
    outer loop
      vertex 77.5 58 2
      vertex 77.5 71 2
      vertex 77.5 71 4
    endloop
  endfacet
  facet normal -1 0 0
    outer loop
      vertex 64.5 58 4
      vertex 64.5 71 4
      vertex 64.5 71 2
    endloop
  endfacet
  facet normal 0 0 1
    outer loop
      vertex 64.5 58 4
      vertex 65.5 70 4
      vertex 64.5 71 4
    endloop
  endfacet
  facet normal 0 1 0
    outer loop
      vertex 77.5 71 2
      vertex 64.5 71 4
      vertex 77.5 71 4
    endloop
  endfacet
  facet normal 0 0 1
    outer loop
      vertex 64.5 71 4
      vertex 65.5 70 4
      vertex 77.5 71 4
    endloop
  endfacet
  facet normal 0 0 1
    outer loop
      vertex 77.5 71 4
      vertex 76.5 70 4
      vertex 76.5 59 4
    endloop
  endfacet
  facet normal 0 0 1
    outer loop
      vertex 77.5 71 4
      vertex 65.5 70 4
      vertex 76.5 70 4
    endloop
  endfacet
  facet normal -1 0 0
    outer loop
      vertex 64.5 74.5 2
      vertex 64.5 74.5 4
      vertex 64.5 87.5 2
    endloop
  endfacet
  facet normal 0 -1 0
    outer loop
      vertex 64.5 74.5 2
      vertex 77.5 74.5 2
      vertex 77.5 74.5 4
    endloop
  endfacet
  facet normal 0 1 0
    outer loop
      vertex 64.5 87.5 2
      vertex 64.5 87.5 4
      vertex 77.5 87.5 2
    endloop
  endfacet
  facet normal 1 0 0
    outer loop
      vertex 77.5 74.5 2
      vertex 77.5 87.5 2
      vertex 77.5 87.5 4
    endloop
  endfacet
  facet normal 0 0 1
    outer loop
      vertex 64.5 74.5 4
      vertex 65.5 75.5 4
      vertex 65.5 86.5 4
    endloop
  endfacet
  facet normal -1 0 0
    outer loop
      vertex 64.5 87.5 2
      vertex 64.5 74.5 4
      vertex 64.5 87.5 4
    endloop
  endfacet
  facet normal 0 0 1
    outer loop
      vertex 64.5 74.5 4
      vertex 65.5 86.5 4
      vertex 64.5 87.5 4
    endloop
  endfacet
  facet normal 0 -1 0
    outer loop
      vertex 64.5 74.5 2
      vertex 77.5 74.5 4
      vertex 64.5 74.5 4
    endloop
  endfacet
  facet normal 1 0 0
    outer loop
      vertex 77.5 74.5 2
      vertex 77.5 87.5 4
      vertex 77.5 74.5 4
    endloop
  endfacet
  facet normal 0 0 1
    outer loop
      vertex 64.5 74.5 4
      vertex 76.5 75.5 4
      vertex 65.5 75.5 4
    endloop
  endfacet
  facet normal 0 0 1
    outer loop
      vertex 64.5 74.5 4
      vertex 77.5 74.5 4
      vertex 76.5 75.5 4
    endloop
  endfacet
  facet normal 0 0 1
    outer loop
      vertex 77.5 74.5 4
      vertex 77.5 87.5 4
      vertex 76.5 75.5 4
    endloop
  endfacet
  facet normal 0 1 0
    outer loop
      vertex 77.5 87.5 2
      vertex 64.5 87.5 4
      vertex 77.5 87.5 4
    endloop
  endfacet
  facet normal 0 0 1
    outer loop
      vertex 64.5 87.5 4
      vertex 65.5 86.5 4
      vertex 77.5 87.5 4
    endloop
  endfacet
  facet normal 0 0 1
    outer loop
      vertex 77.5 87.5 4
      vertex 76.5 86.5 4
      vertex 76.5 75.5 4
    endloop
  endfacet
  facet normal 0 0 1
    outer loop
      vertex 77.5 87.5 4
      vertex 65.5 86.5 4
      vertex 76.5 86.5 4
    endloop
  endfacet
  facet normal -1 0 0
    outer loop
      vertex 64.5 91 2
      vertex 64.5 91 4
      vertex 64.5 104 2
    endloop
  endfacet
  facet normal 0 -1 0
    outer loop
      vertex 64.5 91 2
      vertex 77.5 91 2
      vertex 77.5 91 4
    endloop
  endfacet
  facet normal 0 0 1
    outer loop
      vertex 64.5 91 4
      vertex 65.5 92 4
      vertex 65.5 103 4
    endloop
  endfacet
  facet normal 0 -1 0
    outer loop
      vertex 64.5 91 2
      vertex 77.5 91 4
      vertex 64.5 91 4
    endloop
  endfacet
  facet normal 1 0 0
    outer loop
      vertex 77.5 91 2
      vertex 77.5 104 4
      vertex 77.5 91 4
    endloop
  endfacet
  facet normal 0 0 1
    outer loop
      vertex 64.5 91 4
      vertex 76.5 92 4
      vertex 65.5 92 4
    endloop
  endfacet
  facet normal 0 0 1
    outer loop
      vertex 64.5 91 4
      vertex 77.5 91 4
      vertex 76.5 92 4
    endloop
  endfacet
  facet normal 0 0 1
    outer loop
      vertex 77.5 91 4
      vertex 77.5 104 4
      vertex 76.5 92 4
    endloop
  endfacet
  facet normal 0 1 0
    outer loop
      vertex 64.5 104 2
      vertex 64.5 104 4
      vertex 77.5 104 2
    endloop
  endfacet
  facet normal 1 0 0
    outer loop
      vertex 77.5 91 2
      vertex 77.5 104 2
      vertex 77.5 104 4
    endloop
  endfacet
  facet normal -1 0 0
    outer loop
      vertex 64.5 91 4
      vertex 64.5 104 4
      vertex 64.5 104 2
    endloop
  endfacet
  facet normal 0 0 1
    outer loop
      vertex 64.5 91 4
      vertex 65.5 103 4
      vertex 64.5 104 4
    endloop
  endfacet
  facet normal 0 1 0
    outer loop
      vertex 77.5 104 2
      vertex 64.5 104 4
      vertex 77.5 104 4
    endloop
  endfacet
  facet normal 0 0 1
    outer loop
      vertex 64.5 104 4
      vertex 65.5 103 4
      vertex 77.5 104 4
    endloop
  endfacet
  facet normal 0 0 1
    outer loop
      vertex 77.5 104 4
      vertex 76.5 103 4
      vertex 76.5 92 4
    endloop
  endfacet
  facet normal 0 0 1
    outer loop
      vertex 77.5 104 4
      vertex 65.5 103 4
      vertex 76.5 103 4
    endloop
  endfacet
  facet normal -1 0 0
    outer loop
      vertex 81 25 2
      vertex 81 25 4
      vertex 81 38 2
    endloop
  endfacet
  facet normal 0 -1 0
    outer loop
      vertex 81 25 2
      vertex 94 25 2
      vertex 94 25 4
    endloop
  endfacet
  facet normal 0 -1 0
    outer loop
      vertex 81 25 2
      vertex 94 25 4
      vertex 81 25 4
    endloop
  endfacet
  facet normal 0 0 1
    outer loop
      vertex 81 25 4
      vertex 82 26 4
      vertex 82 37 4
    endloop
  endfacet
  facet normal 0 0 1
    outer loop
      vertex 81 25 4
      vertex 93 26 4
      vertex 82 26 4
    endloop
  endfacet
  facet normal 0 0 1
    outer loop
      vertex 81 25 4
      vertex 94 25 4
      vertex 93 26 4
    endloop
  endfacet
  facet normal 0 1 0
    outer loop
      vertex 81 38 2
      vertex 81 38 4
      vertex 94 38 2
    endloop
  endfacet
  facet normal -1 0 0
    outer loop
      vertex 81 25 4
      vertex 81 38 4
      vertex 81 38 2
    endloop
  endfacet
  facet normal 0 1 0
    outer loop
      vertex 81 38 4
      vertex 94 38 4
      vertex 94 38 2
    endloop
  endfacet
  facet normal 0 0 1
    outer loop
      vertex 81 25 4
      vertex 82 37 4
      vertex 81 38 4
    endloop
  endfacet
  facet normal 0 0 1
    outer loop
      vertex 81 38 4
      vertex 82 37 4
      vertex 94 38 4
    endloop
  endfacet
  facet normal 0 0 1
    outer loop
      vertex 94 38 4
      vertex 82 37 4
      vertex 93 37 4
    endloop
  endfacet
  facet normal 1 0 0
    outer loop
      vertex 94 25 2
      vertex 94 38 4
      vertex 94 25 4
    endloop
  endfacet
  facet normal 0 0 1
    outer loop
      vertex 94 25 4
      vertex 94 38 4
      vertex 93 26 4
    endloop
  endfacet
  facet normal 1 0 0
    outer loop
      vertex 94 25 2
      vertex 94 38 2
      vertex 94 38 4
    endloop
  endfacet
  facet normal 0 0 1
    outer loop
      vertex 94 38 4
      vertex 93 37 4
      vertex 93 26 4
    endloop
  endfacet
  facet normal -1 0 0
    outer loop
      vertex 81 41.5 2
      vertex 81 41.5 4
      vertex 81 54.5 2
    endloop
  endfacet
  facet normal 0 -1 0
    outer loop
      vertex 81 41.5 2
      vertex 94 41.5 2
      vertex 94 41.5 4
    endloop
  endfacet
  facet normal 0 1 0
    outer loop
      vertex 81 54.5 2
      vertex 81 54.5 4
      vertex 94 54.5 2
    endloop
  endfacet
  facet normal 0 -1 0
    outer loop
      vertex 81 41.5 2
      vertex 94 41.5 4
      vertex 81 41.5 4
    endloop
  endfacet
  facet normal 0 0 1
    outer loop
      vertex 81 41.5 4
      vertex 82 42.5 4
      vertex 82 53.5 4
    endloop
  endfacet
  facet normal 0 0 1
    outer loop
      vertex 81 41.5 4
      vertex 93 42.5 4
      vertex 82 42.5 4
    endloop
  endfacet
  facet normal 0 0 1
    outer loop
      vertex 81 41.5 4
      vertex 94 41.5 4
      vertex 93 42.5 4
    endloop
  endfacet
  facet normal -1 0 0
    outer loop
      vertex 81 54.5 2
      vertex 81 41.5 4
      vertex 81 54.5 4
    endloop
  endfacet
  facet normal 0 1 0
    outer loop
      vertex 81 54.5 4
      vertex 94 54.5 4
      vertex 94 54.5 2
    endloop
  endfacet
  facet normal 0 0 1
    outer loop
      vertex 81 41.5 4
      vertex 82 53.5 4
      vertex 81 54.5 4
    endloop
  endfacet
  facet normal 0 0 1
    outer loop
      vertex 81 54.5 4
      vertex 82 53.5 4
      vertex 94 54.5 4
    endloop
  endfacet
  facet normal 0 0 1
    outer loop
      vertex 94 54.5 4
      vertex 82 53.5 4
      vertex 93 53.5 4
    endloop
  endfacet
  facet normal 1 0 0
    outer loop
      vertex 94 41.5 2
      vertex 94 54.5 2
      vertex 94 54.5 4
    endloop
  endfacet
  facet normal 1 0 0
    outer loop
      vertex 94 41.5 2
      vertex 94 54.5 4
      vertex 94 41.5 4
    endloop
  endfacet
  facet normal 0 0 1
    outer loop
      vertex 94 41.5 4
      vertex 94 54.5 4
      vertex 93 42.5 4
    endloop
  endfacet
  facet normal 0 0 1
    outer loop
      vertex 94 54.5 4
      vertex 93 53.5 4
      vertex 93 42.5 4
    endloop
  endfacet
  facet normal -1 0 0
    outer loop
      vertex 81 58 2
      vertex 81 58 4
      vertex 81 71 2
    endloop
  endfacet
  facet normal 0 -1 0
    outer loop
      vertex 81 58 2
      vertex 94 58 2
      vertex 94 58 4
    endloop
  endfacet
  facet normal 0 -1 0
    outer loop
      vertex 81 58 2
      vertex 94 58 4
      vertex 81 58 4
    endloop
  endfacet
  facet normal 0 0 1
    outer loop
      vertex 81 58 4
      vertex 82 59 4
      vertex 82 70 4
    endloop
  endfacet
  facet normal 0 0 1
    outer loop
      vertex 81 58 4
      vertex 93 59 4
      vertex 82 59 4
    endloop
  endfacet
  facet normal 0 0 1
    outer loop
      vertex 81 58 4
      vertex 94 58 4
      vertex 93 59 4
    endloop
  endfacet
  facet normal 0 1 0
    outer loop
      vertex 81 71 2
      vertex 81 71 4
      vertex 94 71 2
    endloop
  endfacet
  facet normal -1 0 0
    outer loop
      vertex 81 58 4
      vertex 81 71 4
      vertex 81 71 2
    endloop
  endfacet
  facet normal 0 1 0
    outer loop
      vertex 81 71 4
      vertex 94 71 4
      vertex 94 71 2
    endloop
  endfacet
  facet normal 0 0 1
    outer loop
      vertex 81 58 4
      vertex 82 70 4
      vertex 81 71 4
    endloop
  endfacet
  facet normal 0 0 1
    outer loop
      vertex 81 71 4
      vertex 82 70 4
      vertex 94 71 4
    endloop
  endfacet
  facet normal 0 0 1
    outer loop
      vertex 94 71 4
      vertex 82 70 4
      vertex 93 70 4
    endloop
  endfacet
  facet normal 1 0 0
    outer loop
      vertex 94 58 2
      vertex 94 71 4
      vertex 94 58 4
    endloop
  endfacet
  facet normal 0 0 1
    outer loop
      vertex 94 58 4
      vertex 94 71 4
      vertex 93 59 4
    endloop
  endfacet
  facet normal 1 0 0
    outer loop
      vertex 94 58 2
      vertex 94 71 2
      vertex 94 71 4
    endloop
  endfacet
  facet normal 0 0 1
    outer loop
      vertex 94 71 4
      vertex 93 70 4
      vertex 93 59 4
    endloop
  endfacet
  facet normal -1 0 0
    outer loop
      vertex 81 74.5 2
      vertex 81 74.5 4
      vertex 81 87.5 2
    endloop
  endfacet
  facet normal 0 -1 0
    outer loop
      vertex 81 74.5 2
      vertex 94 74.5 2
      vertex 94 74.5 4
    endloop
  endfacet
  facet normal 0 1 0
    outer loop
      vertex 81 87.5 2
      vertex 81 87.5 4
      vertex 94 87.5 2
    endloop
  endfacet
  facet normal 0 -1 0
    outer loop
      vertex 81 74.5 2
      vertex 94 74.5 4
      vertex 81 74.5 4
    endloop
  endfacet
  facet normal 0 0 1
    outer loop
      vertex 81 74.5 4
      vertex 82 75.5 4
      vertex 82 86.5 4
    endloop
  endfacet
  facet normal 0 0 1
    outer loop
      vertex 81 74.5 4
      vertex 93 75.5 4
      vertex 82 75.5 4
    endloop
  endfacet
  facet normal 0 0 1
    outer loop
      vertex 81 74.5 4
      vertex 94 74.5 4
      vertex 93 75.5 4
    endloop
  endfacet
  facet normal -1 0 0
    outer loop
      vertex 81 87.5 2
      vertex 81 74.5 4
      vertex 81 87.5 4
    endloop
  endfacet
  facet normal 0 1 0
    outer loop
      vertex 81 87.5 4
      vertex 94 87.5 4
      vertex 94 87.5 2
    endloop
  endfacet
  facet normal 0 0 1
    outer loop
      vertex 81 74.5 4
      vertex 82 86.5 4
      vertex 81 87.5 4
    endloop
  endfacet
  facet normal 0 0 1
    outer loop
      vertex 81 87.5 4
      vertex 82 86.5 4
      vertex 94 87.5 4
    endloop
  endfacet
  facet normal 0 0 1
    outer loop
      vertex 94 87.5 4
      vertex 82 86.5 4
      vertex 93 86.5 4
    endloop
  endfacet
  facet normal 1 0 0
    outer loop
      vertex 94 74.5 2
      vertex 94 87.5 2
      vertex 94 87.5 4
    endloop
  endfacet
  facet normal 1 0 0
    outer loop
      vertex 94 74.5 2
      vertex 94 87.5 4
      vertex 94 74.5 4
    endloop
  endfacet
  facet normal 0 0 1
    outer loop
      vertex 94 74.5 4
      vertex 94 87.5 4
      vertex 93 75.5 4
    endloop
  endfacet
  facet normal 0 0 1
    outer loop
      vertex 94 87.5 4
      vertex 93 86.5 4
      vertex 93 75.5 4
    endloop
  endfacet
  facet normal -1 0 0
    outer loop
      vertex 81 91 2
      vertex 81 91 4
      vertex 81 104 2
    endloop
  endfacet
  facet normal 0 -1 0
    outer loop
      vertex 81 91 2
      vertex 94 91 2
      vertex 94 91 4
    endloop
  endfacet
  facet normal 0 -1 0
    outer loop
      vertex 81 91 2
      vertex 94 91 4
      vertex 81 91 4
    endloop
  endfacet
  facet normal 0 0 1
    outer loop
      vertex 81 91 4
      vertex 82 92 4
      vertex 82 103 4
    endloop
  endfacet
  facet normal 0 0 1
    outer loop
      vertex 81 91 4
      vertex 93 92 4
      vertex 82 92 4
    endloop
  endfacet
  facet normal 0 0 1
    outer loop
      vertex 81 91 4
      vertex 94 91 4
      vertex 93 92 4
    endloop
  endfacet
  facet normal 0 1 0
    outer loop
      vertex 81 104 2
      vertex 81 104 4
      vertex 94 104 2
    endloop
  endfacet
  facet normal -1 0 0
    outer loop
      vertex 81 91 4
      vertex 81 104 4
      vertex 81 104 2
    endloop
  endfacet
  facet normal 0 1 0
    outer loop
      vertex 81 104 4
      vertex 94 104 4
      vertex 94 104 2
    endloop
  endfacet
  facet normal 0 0 1
    outer loop
      vertex 81 91 4
      vertex 82 103 4
      vertex 81 104 4
    endloop
  endfacet
  facet normal 0 0 1
    outer loop
      vertex 81 104 4
      vertex 82 103 4
      vertex 94 104 4
    endloop
  endfacet
  facet normal 0 0 1
    outer loop
      vertex 94 104 4
      vertex 82 103 4
      vertex 93 103 4
    endloop
  endfacet
  facet normal 1 0 0
    outer loop
      vertex 94 91 2
      vertex 94 104 4
      vertex 94 91 4
    endloop
  endfacet
  facet normal 0 0 1
    outer loop
      vertex 94 91 4
      vertex 94 104 4
      vertex 93 92 4
    endloop
  endfacet
  facet normal 1 0 0
    outer loop
      vertex 94 91 2
      vertex 94 104 2
      vertex 94 104 4
    endloop
  endfacet
  facet normal 0 0 1
    outer loop
      vertex 94 104 4
      vertex 93 103 4
      vertex 93 92 4
    endloop
  endfacet
  facet normal -1 0 0
    outer loop
      vertex 97.5 25 2
      vertex 97.5 25 4
      vertex 97.5 38 2
    endloop
  endfacet
  facet normal 0 -1 0
    outer loop
      vertex 97.5 25 2
      vertex 110.5 25 2
      vertex 110.5 25 4
    endloop
  endfacet
  facet normal 0 -1 0
    outer loop
      vertex 97.5 25 2
      vertex 110.5 25 4
      vertex 97.5 25 4
    endloop
  endfacet
  facet normal 1 0 0
    outer loop
      vertex 110.5 25 2
      vertex 110.5 38 4
      vertex 110.5 25 4
    endloop
  endfacet
  facet normal 0 0 1
    outer loop
      vertex 97.5 25 4
      vertex 98.5 26 4
      vertex 98.5 37 4
    endloop
  endfacet
  facet normal 0 0 1
    outer loop
      vertex 97.5 25 4
      vertex 109.5 26 4
      vertex 98.5 26 4
    endloop
  endfacet
  facet normal 0 0 1
    outer loop
      vertex 97.5 25 4
      vertex 110.5 25 4
      vertex 109.5 26 4
    endloop
  endfacet
  facet normal 0 0 1
    outer loop
      vertex 110.5 25 4
      vertex 110.5 38 4
      vertex 109.5 26 4
    endloop
  endfacet
  facet normal 0 1 0
    outer loop
      vertex 97.5 38 2
      vertex 97.5 38 4
      vertex 110.5 38 2
    endloop
  endfacet
  facet normal 1 0 0
    outer loop
      vertex 110.5 25 2
      vertex 110.5 38 2
      vertex 110.5 38 4
    endloop
  endfacet
  facet normal -1 0 0
    outer loop
      vertex 97.5 25 4
      vertex 97.5 38 4
      vertex 97.5 38 2
    endloop
  endfacet
  facet normal 0 1 0
    outer loop
      vertex 110.5 38 2
      vertex 97.5 38 4
      vertex 110.5 38 4
    endloop
  endfacet
  facet normal 0 0 1
    outer loop
      vertex 97.5 25 4
      vertex 98.5 37 4
      vertex 97.5 38 4
    endloop
  endfacet
  facet normal 0 0 1
    outer loop
      vertex 97.5 38 4
      vertex 98.5 37 4
      vertex 110.5 38 4
    endloop
  endfacet
  facet normal 0 0 1
    outer loop
      vertex 110.5 38 4
      vertex 98.5 37 4
      vertex 109.5 37 4
    endloop
  endfacet
  facet normal 0 0 1
    outer loop
      vertex 110.5 38 4
      vertex 109.5 37 4
      vertex 109.5 26 4
    endloop
  endfacet
  facet normal -1 0 0
    outer loop
      vertex 97.5 41.5 2
      vertex 97.5 41.5 4
      vertex 97.5 54.5 2
    endloop
  endfacet
  facet normal 0 -1 0
    outer loop
      vertex 97.5 41.5 2
      vertex 110.5 41.5 2
      vertex 110.5 41.5 4
    endloop
  endfacet
  facet normal 0 1 0
    outer loop
      vertex 97.5 54.5 2
      vertex 97.5 54.5 4
      vertex 110.5 54.5 2
    endloop
  endfacet
  facet normal 1 0 0
    outer loop
      vertex 110.5 41.5 2
      vertex 110.5 54.5 2
      vertex 110.5 54.5 4
    endloop
  endfacet
  facet normal 0 -1 0
    outer loop
      vertex 97.5 41.5 2
      vertex 110.5 41.5 4
      vertex 97.5 41.5 4
    endloop
  endfacet
  facet normal 1 0 0
    outer loop
      vertex 110.5 41.5 2
      vertex 110.5 54.5 4
      vertex 110.5 41.5 4
    endloop
  endfacet
  facet normal 0 0 1
    outer loop
      vertex 97.5 41.5 4
      vertex 98.5 42.5 4
      vertex 98.5 53.5 4
    endloop
  endfacet
  facet normal 0 0 1
    outer loop
      vertex 97.5 41.5 4
      vertex 109.5 42.5 4
      vertex 98.5 42.5 4
    endloop
  endfacet
  facet normal 0 0 1
    outer loop
      vertex 97.5 41.5 4
      vertex 110.5 41.5 4
      vertex 109.5 42.5 4
    endloop
  endfacet
  facet normal 0 0 1
    outer loop
      vertex 110.5 41.5 4
      vertex 110.5 54.5 4
      vertex 109.5 42.5 4
    endloop
  endfacet
  facet normal -1 0 0
    outer loop
      vertex 97.5 54.5 2
      vertex 97.5 41.5 4
      vertex 97.5 54.5 4
    endloop
  endfacet
  facet normal 0 1 0
    outer loop
      vertex 110.5 54.5 2
      vertex 97.5 54.5 4
      vertex 110.5 54.5 4
    endloop
  endfacet
  facet normal 0 0 1
    outer loop
      vertex 97.5 41.5 4
      vertex 98.5 53.5 4
      vertex 97.5 54.5 4
    endloop
  endfacet
  facet normal 0 0 1
    outer loop
      vertex 97.5 54.5 4
      vertex 98.5 53.5 4
      vertex 110.5 54.5 4
    endloop
  endfacet
  facet normal 0 0 1
    outer loop
      vertex 110.5 54.5 4
      vertex 98.5 53.5 4
      vertex 109.5 53.5 4
    endloop
  endfacet
  facet normal 0 0 1
    outer loop
      vertex 110.5 54.5 4
      vertex 109.5 53.5 4
      vertex 109.5 42.5 4
    endloop
  endfacet
  facet normal -1 0 0
    outer loop
      vertex 97.5 58 2
      vertex 97.5 58 4
      vertex 97.5 71 2
    endloop
  endfacet
  facet normal 0 -1 0
    outer loop
      vertex 97.5 58 2
      vertex 110.5 58 2
      vertex 110.5 58 4
    endloop
  endfacet
  facet normal 0 -1 0
    outer loop
      vertex 97.5 58 2
      vertex 110.5 58 4
      vertex 97.5 58 4
    endloop
  endfacet
  facet normal 1 0 0
    outer loop
      vertex 110.5 58 2
      vertex 110.5 71 4
      vertex 110.5 58 4
    endloop
  endfacet
  facet normal 0 0 1
    outer loop
      vertex 97.5 58 4
      vertex 98.5 59 4
      vertex 98.5 70 4
    endloop
  endfacet
  facet normal 0 0 1
    outer loop
      vertex 97.5 58 4
      vertex 109.5 59 4
      vertex 98.5 59 4
    endloop
  endfacet
  facet normal 0 0 1
    outer loop
      vertex 97.5 58 4
      vertex 110.5 58 4
      vertex 109.5 59 4
    endloop
  endfacet
  facet normal 0 0 1
    outer loop
      vertex 110.5 58 4
      vertex 110.5 71 4
      vertex 109.5 59 4
    endloop
  endfacet
  facet normal 0 1 0
    outer loop
      vertex 97.5 71 2
      vertex 97.5 71 4
      vertex 110.5 71 2
    endloop
  endfacet
  facet normal 1 0 0
    outer loop
      vertex 110.5 58 2
      vertex 110.5 71 2
      vertex 110.5 71 4
    endloop
  endfacet
  facet normal -1 0 0
    outer loop
      vertex 97.5 58 4
      vertex 97.5 71 4
      vertex 97.5 71 2
    endloop
  endfacet
  facet normal 0 1 0
    outer loop
      vertex 110.5 71 2
      vertex 97.5 71 4
      vertex 110.5 71 4
    endloop
  endfacet
  facet normal 0 0 1
    outer loop
      vertex 97.5 58 4
      vertex 98.5 70 4
      vertex 97.5 71 4
    endloop
  endfacet
  facet normal 0 0 1
    outer loop
      vertex 97.5 71 4
      vertex 98.5 70 4
      vertex 110.5 71 4
    endloop
  endfacet
  facet normal 0 0 1
    outer loop
      vertex 110.5 71 4
      vertex 98.5 70 4
      vertex 109.5 70 4
    endloop
  endfacet
  facet normal 0 0 1
    outer loop
      vertex 110.5 71 4
      vertex 109.5 70 4
      vertex 109.5 59 4
    endloop
  endfacet
  facet normal -1 0 0
    outer loop
      vertex 97.5 74.5 2
      vertex 97.5 74.5 4
      vertex 97.5 87.5 2
    endloop
  endfacet
  facet normal 0 -1 0
    outer loop
      vertex 97.5 74.5 2
      vertex 110.5 74.5 2
      vertex 110.5 74.5 4
    endloop
  endfacet
  facet normal 0 1 0
    outer loop
      vertex 97.5 87.5 2
      vertex 97.5 87.5 4
      vertex 110.5 87.5 2
    endloop
  endfacet
  facet normal 1 0 0
    outer loop
      vertex 110.5 74.5 2
      vertex 110.5 87.5 2
      vertex 110.5 87.5 4
    endloop
  endfacet
  facet normal 0 -1 0
    outer loop
      vertex 97.5 74.5 2
      vertex 110.5 74.5 4
      vertex 97.5 74.5 4
    endloop
  endfacet
  facet normal 1 0 0
    outer loop
      vertex 110.5 74.5 2
      vertex 110.5 87.5 4
      vertex 110.5 74.5 4
    endloop
  endfacet
  facet normal 0 0 1
    outer loop
      vertex 97.5 74.5 4
      vertex 98.5 75.5 4
      vertex 98.5 86.5 4
    endloop
  endfacet
  facet normal 0 0 1
    outer loop
      vertex 97.5 74.5 4
      vertex 109.5 75.5 4
      vertex 98.5 75.5 4
    endloop
  endfacet
  facet normal 0 0 1
    outer loop
      vertex 97.5 74.5 4
      vertex 110.5 74.5 4
      vertex 109.5 75.5 4
    endloop
  endfacet
  facet normal 0 0 1
    outer loop
      vertex 110.5 74.5 4
      vertex 110.5 87.5 4
      vertex 109.5 75.5 4
    endloop
  endfacet
  facet normal -1 0 0
    outer loop
      vertex 97.5 87.5 2
      vertex 97.5 74.5 4
      vertex 97.5 87.5 4
    endloop
  endfacet
  facet normal 0 1 0
    outer loop
      vertex 110.5 87.5 2
      vertex 97.5 87.5 4
      vertex 110.5 87.5 4
    endloop
  endfacet
  facet normal 0 0 1
    outer loop
      vertex 97.5 74.5 4
      vertex 98.5 86.5 4
      vertex 97.5 87.5 4
    endloop
  endfacet
  facet normal 0 0 1
    outer loop
      vertex 97.5 87.5 4
      vertex 98.5 86.5 4
      vertex 110.5 87.5 4
    endloop
  endfacet
  facet normal 0 0 1
    outer loop
      vertex 110.5 87.5 4
      vertex 98.5 86.5 4
      vertex 109.5 86.5 4
    endloop
  endfacet
  facet normal 0 0 1
    outer loop
      vertex 110.5 87.5 4
      vertex 109.5 86.5 4
      vertex 109.5 75.5 4
    endloop
  endfacet
  facet normal -1 0 0
    outer loop
      vertex 97.5 91 2
      vertex 97.5 91 4
      vertex 97.5 104 2
    endloop
  endfacet
  facet normal 0 -1 0
    outer loop
      vertex 97.5 91 2
      vertex 110.5 91 2
      vertex 110.5 91 4
    endloop
  endfacet
  facet normal 0 -1 0
    outer loop
      vertex 97.5 91 2
      vertex 110.5 91 4
      vertex 97.5 91 4
    endloop
  endfacet
  facet normal 1 0 0
    outer loop
      vertex 110.5 91 2
      vertex 110.5 104 4
      vertex 110.5 91 4
    endloop
  endfacet
  facet normal 0 0 1
    outer loop
      vertex 97.5 91 4
      vertex 98.5 92 4
      vertex 98.5 103 4
    endloop
  endfacet
  facet normal 0 0 1
    outer loop
      vertex 97.5 91 4
      vertex 109.5 92 4
      vertex 98.5 92 4
    endloop
  endfacet
  facet normal 0 0 1
    outer loop
      vertex 97.5 91 4
      vertex 110.5 91 4
      vertex 109.5 92 4
    endloop
  endfacet
  facet normal 0 0 1
    outer loop
      vertex 110.5 91 4
      vertex 110.5 104 4
      vertex 109.5 92 4
    endloop
  endfacet
  facet normal 0 1 0
    outer loop
      vertex 97.5 104 2
      vertex 97.5 104 4
      vertex 110.5 104 2
    endloop
  endfacet
  facet normal 1 0 0
    outer loop
      vertex 110.5 91 2
      vertex 110.5 104 2
      vertex 110.5 104 4
    endloop
  endfacet
  facet normal -1 0 0
    outer loop
      vertex 97.5 91 4
      vertex 97.5 104 4
      vertex 97.5 104 2
    endloop
  endfacet
  facet normal 0 1 0
    outer loop
      vertex 110.5 104 2
      vertex 97.5 104 4
      vertex 110.5 104 4
    endloop
  endfacet
  facet normal 0 0 1
    outer loop
      vertex 97.5 91 4
      vertex 98.5 103 4
      vertex 97.5 104 4
    endloop
  endfacet
  facet normal 0 0 1
    outer loop
      vertex 97.5 104 4
      vertex 98.5 103 4
      vertex 110.5 104 4
    endloop
  endfacet
  facet normal 0 0 1
    outer loop
      vertex 110.5 104 4
      vertex 98.5 103 4
      vertex 109.5 103 4
    endloop
  endfacet
  facet normal 0 0 1
    outer loop
      vertex 110.5 104 4
      vertex 109.5 103 4
      vertex 109.5 92 4
    endloop
  endfacet
  facet normal -1 0 0
    outer loop
      vertex 114 25 2
      vertex 114 25 4
      vertex 114 38 2
    endloop
  endfacet
  facet normal 0 -1 0
    outer loop
      vertex 114 25 2
      vertex 127 25 2
      vertex 127 25 4
    endloop
  endfacet
  facet normal 0 -1 0
    outer loop
      vertex 114 25 2
      vertex 127 25 4
      vertex 114 25 4
    endloop
  endfacet
  facet normal 1 0 0
    outer loop
      vertex 127 25 2
      vertex 127 38 4
      vertex 127 25 4
    endloop
  endfacet
  facet normal 0 0 1
    outer loop
      vertex 114 25 4
      vertex 115 26 4
      vertex 115 37 4
    endloop
  endfacet
  facet normal 0 0 1
    outer loop
      vertex 114 25 4
      vertex 126 26 4
      vertex 115 26 4
    endloop
  endfacet
  facet normal 0 0 1
    outer loop
      vertex 114 25 4
      vertex 127 25 4
      vertex 126 26 4
    endloop
  endfacet
  facet normal 0 0 1
    outer loop
      vertex 127 25 4
      vertex 127 38 4
      vertex 126 26 4
    endloop
  endfacet
  facet normal 0 1 0
    outer loop
      vertex 114 38 2
      vertex 114 38 4
      vertex 127 38 2
    endloop
  endfacet
  facet normal 1 0 0
    outer loop
      vertex 127 25 2
      vertex 127 38 2
      vertex 127 38 4
    endloop
  endfacet
  facet normal -1 0 0
    outer loop
      vertex 114 25 4
      vertex 114 38 4
      vertex 114 38 2
    endloop
  endfacet
  facet normal 0 1 0
    outer loop
      vertex 127 38 2
      vertex 114 38 4
      vertex 127 38 4
    endloop
  endfacet
  facet normal 0 0 1
    outer loop
      vertex 114 25 4
      vertex 115 37 4
      vertex 114 38 4
    endloop
  endfacet
  facet normal 0 0 1
    outer loop
      vertex 114 38 4
      vertex 115 37 4
      vertex 127 38 4
    endloop
  endfacet
  facet normal 0 0 1
    outer loop
      vertex 127 38 4
      vertex 115 37 4
      vertex 126 37 4
    endloop
  endfacet
  facet normal 0 0 1
    outer loop
      vertex 127 38 4
      vertex 126 37 4
      vertex 126 26 4
    endloop
  endfacet
  facet normal -1 0 0
    outer loop
      vertex 114 41.5 2
      vertex 114 41.5 4
      vertex 114 54.5 2
    endloop
  endfacet
  facet normal 0 -1 0
    outer loop
      vertex 114 41.5 2
      vertex 127 41.5 2
      vertex 127 41.5 4
    endloop
  endfacet
  facet normal 0 1 0
    outer loop
      vertex 114 54.5 2
      vertex 114 54.5 4
      vertex 127 54.5 2
    endloop
  endfacet
  facet normal 1 0 0
    outer loop
      vertex 127 41.5 2
      vertex 127 54.5 2
      vertex 127 54.5 4
    endloop
  endfacet
  facet normal 0 -1 0
    outer loop
      vertex 114 41.5 2
      vertex 127 41.5 4
      vertex 114 41.5 4
    endloop
  endfacet
  facet normal 1 0 0
    outer loop
      vertex 127 41.5 2
      vertex 127 54.5 4
      vertex 127 41.5 4
    endloop
  endfacet
  facet normal 0 0 1
    outer loop
      vertex 114 41.5 4
      vertex 115 42.5 4
      vertex 115 53.5 4
    endloop
  endfacet
  facet normal 0 0 1
    outer loop
      vertex 114 41.5 4
      vertex 126 42.5 4
      vertex 115 42.5 4
    endloop
  endfacet
  facet normal 0 0 1
    outer loop
      vertex 114 41.5 4
      vertex 127 41.5 4
      vertex 126 42.5 4
    endloop
  endfacet
  facet normal 0 0 1
    outer loop
      vertex 127 41.5 4
      vertex 127 54.5 4
      vertex 126 42.5 4
    endloop
  endfacet
  facet normal -1 0 0
    outer loop
      vertex 114 54.5 2
      vertex 114 41.5 4
      vertex 114 54.5 4
    endloop
  endfacet
  facet normal 0 1 0
    outer loop
      vertex 127 54.5 2
      vertex 114 54.5 4
      vertex 127 54.5 4
    endloop
  endfacet
  facet normal 0 0 1
    outer loop
      vertex 114 41.5 4
      vertex 115 53.5 4
      vertex 114 54.5 4
    endloop
  endfacet
  facet normal 0 0 1
    outer loop
      vertex 114 54.5 4
      vertex 115 53.5 4
      vertex 127 54.5 4
    endloop
  endfacet
  facet normal 0 0 1
    outer loop
      vertex 127 54.5 4
      vertex 115 53.5 4
      vertex 126 53.5 4
    endloop
  endfacet
  facet normal 0 0 1
    outer loop
      vertex 127 54.5 4
      vertex 126 53.5 4
      vertex 126 42.5 4
    endloop
  endfacet
  facet normal -1 0 0
    outer loop
      vertex 114 58 2
      vertex 114 58 4
      vertex 114 71 2
    endloop
  endfacet
  facet normal 0 -1 0
    outer loop
      vertex 114 58 2
      vertex 127 58 2
      vertex 127 58 4
    endloop
  endfacet
  facet normal 0 -1 0
    outer loop
      vertex 114 58 2
      vertex 127 58 4
      vertex 114 58 4
    endloop
  endfacet
  facet normal 1 0 0
    outer loop
      vertex 127 58 2
      vertex 127 71 4
      vertex 127 58 4
    endloop
  endfacet
  facet normal 0 0 1
    outer loop
      vertex 114 58 4
      vertex 115 59 4
      vertex 115 70 4
    endloop
  endfacet
  facet normal 0 0 1
    outer loop
      vertex 114 58 4
      vertex 126 59 4
      vertex 115 59 4
    endloop
  endfacet
  facet normal 0 0 1
    outer loop
      vertex 114 58 4
      vertex 127 58 4
      vertex 126 59 4
    endloop
  endfacet
  facet normal 0 0 1
    outer loop
      vertex 127 58 4
      vertex 127 71 4
      vertex 126 59 4
    endloop
  endfacet
  facet normal 0 1 0
    outer loop
      vertex 114 71 2
      vertex 114 71 4
      vertex 127 71 2
    endloop
  endfacet
  facet normal 1 0 0
    outer loop
      vertex 127 58 2
      vertex 127 71 2
      vertex 127 71 4
    endloop
  endfacet
  facet normal -1 0 0
    outer loop
      vertex 114 58 4
      vertex 114 71 4
      vertex 114 71 2
    endloop
  endfacet
  facet normal 0 1 0
    outer loop
      vertex 127 71 2
      vertex 114 71 4
      vertex 127 71 4
    endloop
  endfacet
  facet normal 0 0 1
    outer loop
      vertex 114 58 4
      vertex 115 70 4
      vertex 114 71 4
    endloop
  endfacet
  facet normal 0 0 1
    outer loop
      vertex 114 71 4
      vertex 115 70 4
      vertex 127 71 4
    endloop
  endfacet
  facet normal 0 0 1
    outer loop
      vertex 127 71 4
      vertex 115 70 4
      vertex 126 70 4
    endloop
  endfacet
  facet normal 0 0 1
    outer loop
      vertex 127 71 4
      vertex 126 70 4
      vertex 126 59 4
    endloop
  endfacet
  facet normal -1 0 0
    outer loop
      vertex 114 74.5 2
      vertex 114 74.5 4
      vertex 114 87.5 2
    endloop
  endfacet
  facet normal 0 -1 0
    outer loop
      vertex 114 74.5 2
      vertex 127 74.5 2
      vertex 127 74.5 4
    endloop
  endfacet
  facet normal 0 1 0
    outer loop
      vertex 114 87.5 2
      vertex 114 87.5 4
      vertex 127 87.5 2
    endloop
  endfacet
  facet normal 1 0 0
    outer loop
      vertex 127 74.5 2
      vertex 127 87.5 2
      vertex 127 87.5 4
    endloop
  endfacet
  facet normal 0 -1 0
    outer loop
      vertex 114 74.5 2
      vertex 127 74.5 4
      vertex 114 74.5 4
    endloop
  endfacet
  facet normal 1 0 0
    outer loop
      vertex 127 74.5 2
      vertex 127 87.5 4
      vertex 127 74.5 4
    endloop
  endfacet
  facet normal 0 0 1
    outer loop
      vertex 114 74.5 4
      vertex 115 75.5 4
      vertex 115 86.5 4
    endloop
  endfacet
  facet normal 0 0 1
    outer loop
      vertex 114 74.5 4
      vertex 126 75.5 4
      vertex 115 75.5 4
    endloop
  endfacet
  facet normal 0 0 1
    outer loop
      vertex 114 74.5 4
      vertex 127 74.5 4
      vertex 126 75.5 4
    endloop
  endfacet
  facet normal 0 0 1
    outer loop
      vertex 127 74.5 4
      vertex 127 87.5 4
      vertex 126 75.5 4
    endloop
  endfacet
  facet normal -1 0 0
    outer loop
      vertex 114 87.5 2
      vertex 114 74.5 4
      vertex 114 87.5 4
    endloop
  endfacet
  facet normal 0 1 0
    outer loop
      vertex 127 87.5 2
      vertex 114 87.5 4
      vertex 127 87.5 4
    endloop
  endfacet
  facet normal 0 0 1
    outer loop
      vertex 114 74.5 4
      vertex 115 86.5 4
      vertex 114 87.5 4
    endloop
  endfacet
  facet normal 0 0 1
    outer loop
      vertex 114 87.5 4
      vertex 115 86.5 4
      vertex 127 87.5 4
    endloop
  endfacet
  facet normal 0 0 1
    outer loop
      vertex 127 87.5 4
      vertex 115 86.5 4
      vertex 126 86.5 4
    endloop
  endfacet
  facet normal 0 0 1
    outer loop
      vertex 127 87.5 4
      vertex 126 86.5 4
      vertex 126 75.5 4
    endloop
  endfacet
  facet normal -1 0 0
    outer loop
      vertex 114 91 2
      vertex 114 91 4
      vertex 114 104 2
    endloop
  endfacet
  facet normal 0 -1 0
    outer loop
      vertex 114 91 2
      vertex 127 91 2
      vertex 127 91 4
    endloop
  endfacet
  facet normal 0 -1 0
    outer loop
      vertex 114 91 2
      vertex 127 91 4
      vertex 114 91 4
    endloop
  endfacet
  facet normal 1 0 0
    outer loop
      vertex 127 91 2
      vertex 127 104 4
      vertex 127 91 4
    endloop
  endfacet
  facet normal 0 0 1
    outer loop
      vertex 114 91 4
      vertex 115 92 4
      vertex 115 103 4
    endloop
  endfacet
  facet normal 0 0 1
    outer loop
      vertex 114 91 4
      vertex 126 92 4
      vertex 115 92 4
    endloop
  endfacet
  facet normal 0 0 1
    outer loop
      vertex 114 91 4
      vertex 127 91 4
      vertex 126 92 4
    endloop
  endfacet
  facet normal 0 0 1
    outer loop
      vertex 127 91 4
      vertex 127 104 4
      vertex 126 92 4
    endloop
  endfacet
  facet normal 0 1 0
    outer loop
      vertex 114 104 2
      vertex 114 104 4
      vertex 127 104 2
    endloop
  endfacet
  facet normal 1 0 0
    outer loop
      vertex 127 91 2
      vertex 127 104 2
      vertex 127 104 4
    endloop
  endfacet
  facet normal -1 0 0
    outer loop
      vertex 114 91 4
      vertex 114 104 4
      vertex 114 104 2
    endloop
  endfacet
  facet normal 0 1 0
    outer loop
      vertex 127 104 2
      vertex 114 104 4
      vertex 127 104 4
    endloop
  endfacet
  facet normal 0 0 1
    outer loop
      vertex 114 91 4
      vertex 115 103 4
      vertex 114 104 4
    endloop
  endfacet
  facet normal 0 0 1
    outer loop
      vertex 114 104 4
      vertex 115 103 4
      vertex 127 104 4
    endloop
  endfacet
  facet normal 0 0 1
    outer loop
      vertex 127 104 4
      vertex 115 103 4
      vertex 126 103 4
    endloop
  endfacet
  facet normal 0 0 1
    outer loop
      vertex 127 104 4
      vertex 126 103 4
      vertex 126 92 4
    endloop
  endfacet
  facet normal -1 0 0
    outer loop
      vertex 130.5 25 2
      vertex 130.5 25 4
      vertex 130.5 38 2
    endloop
  endfacet
  facet normal 0 -1 0
    outer loop
      vertex 130.5 25 2
      vertex 143.5 25 4
      vertex 130.5 25 4
    endloop
  endfacet
  facet normal 0 0 1
    outer loop
      vertex 130.5 25 4
      vertex 142.5 26 4
      vertex 131.5 26 4
    endloop
  endfacet
  facet normal 0 0 1
    outer loop
      vertex 130.5 25 4
      vertex 131.5 26 4
      vertex 131.5 37 4
    endloop
  endfacet
  facet normal 0 1 0
    outer loop
      vertex 130.5 38 2
      vertex 130.5 38 4
      vertex 143.5 38 2
    endloop
  endfacet
  facet normal -1 0 0
    outer loop
      vertex 130.5 25 4
      vertex 130.5 38 4
      vertex 130.5 38 2
    endloop
  endfacet
  facet normal 0 0 1
    outer loop
      vertex 130.5 25 4
      vertex 131.5 37 4
      vertex 130.5 38 4
    endloop
  endfacet
  facet normal 0 -1 0
    outer loop
      vertex 130.5 25 2
      vertex 143.5 25 2
      vertex 143.5 25 4
    endloop
  endfacet
  facet normal 1 0 0
    outer loop
      vertex 143.5 25 2
      vertex 143.5 38 4
      vertex 143.5 25 4
    endloop
  endfacet
  facet normal 0 0 1
    outer loop
      vertex 130.5 25 4
      vertex 143.5 25 4
      vertex 142.5 26 4
    endloop
  endfacet
  facet normal 0 0 1
    outer loop
      vertex 143.5 25 4
      vertex 143.5 38 4
      vertex 142.5 26 4
    endloop
  endfacet
  facet normal 1 0 0
    outer loop
      vertex 143.5 25 2
      vertex 143.5 38 2
      vertex 143.5 38 4
    endloop
  endfacet
  facet normal 0 1 0
    outer loop
      vertex 130.5 38 4
      vertex 143.5 38 4
      vertex 143.5 38 2
    endloop
  endfacet
  facet normal 0 0 1
    outer loop
      vertex 130.5 38 4
      vertex 131.5 37 4
      vertex 143.5 38 4
    endloop
  endfacet
  facet normal 0 0 1
    outer loop
      vertex 143.5 38 4
      vertex 131.5 37 4
      vertex 142.5 37 4
    endloop
  endfacet
  facet normal 0 0 1
    outer loop
      vertex 143.5 38 4
      vertex 142.5 37 4
      vertex 142.5 26 4
    endloop
  endfacet
  facet normal -1 0 0
    outer loop
      vertex 130.5 41.5 2
      vertex 130.5 41.5 4
      vertex 130.5 54.5 2
    endloop
  endfacet
  facet normal 0 1 0
    outer loop
      vertex 130.5 54.5 2
      vertex 130.5 54.5 4
      vertex 143.5 54.5 2
    endloop
  endfacet
  facet normal 0 -1 0
    outer loop
      vertex 130.5 41.5 2
      vertex 143.5 41.5 4
      vertex 130.5 41.5 4
    endloop
  endfacet
  facet normal 0 0 1
    outer loop
      vertex 130.5 41.5 4
      vertex 142.5 42.5 4
      vertex 131.5 42.5 4
    endloop
  endfacet
  facet normal 0 0 1
    outer loop
      vertex 130.5 41.5 4
      vertex 131.5 42.5 4
      vertex 131.5 53.5 4
    endloop
  endfacet
  facet normal -1 0 0
    outer loop
      vertex 130.5 54.5 2
      vertex 130.5 41.5 4
      vertex 130.5 54.5 4
    endloop
  endfacet
  facet normal 0 0 1
    outer loop
      vertex 130.5 41.5 4
      vertex 131.5 53.5 4
      vertex 130.5 54.5 4
    endloop
  endfacet
  facet normal 0 -1 0
    outer loop
      vertex 130.5 41.5 2
      vertex 143.5 41.5 2
      vertex 143.5 41.5 4
    endloop
  endfacet
  facet normal 1 0 0
    outer loop
      vertex 143.5 41.5 2
      vertex 143.5 54.5 2
      vertex 143.5 54.5 4
    endloop
  endfacet
  facet normal 1 0 0
    outer loop
      vertex 143.5 41.5 2
      vertex 143.5 54.5 4
      vertex 143.5 41.5 4
    endloop
  endfacet
  facet normal 0 0 1
    outer loop
      vertex 130.5 41.5 4
      vertex 143.5 41.5 4
      vertex 142.5 42.5 4
    endloop
  endfacet
  facet normal 0 0 1
    outer loop
      vertex 143.5 41.5 4
      vertex 143.5 54.5 4
      vertex 142.5 42.5 4
    endloop
  endfacet
  facet normal 0 1 0
    outer loop
      vertex 130.5 54.5 4
      vertex 143.5 54.5 4
      vertex 143.5 54.5 2
    endloop
  endfacet
  facet normal 0 0 1
    outer loop
      vertex 130.5 54.5 4
      vertex 131.5 53.5 4
      vertex 143.5 54.5 4
    endloop
  endfacet
  facet normal 0 0 1
    outer loop
      vertex 143.5 54.5 4
      vertex 131.5 53.5 4
      vertex 142.5 53.5 4
    endloop
  endfacet
  facet normal 0 0 1
    outer loop
      vertex 143.5 54.5 4
      vertex 142.5 53.5 4
      vertex 142.5 42.5 4
    endloop
  endfacet
  facet normal -1 0 0
    outer loop
      vertex 130.5 58 2
      vertex 130.5 58 4
      vertex 130.5 71 2
    endloop
  endfacet
  facet normal 0 -1 0
    outer loop
      vertex 130.5 58 2
      vertex 143.5 58 4
      vertex 130.5 58 4
    endloop
  endfacet
  facet normal 0 0 1
    outer loop
      vertex 130.5 58 4
      vertex 142.5 59 4
      vertex 131.5 59 4
    endloop
  endfacet
  facet normal 0 0 1
    outer loop
      vertex 130.5 58 4
      vertex 131.5 59 4
      vertex 131.5 70 4
    endloop
  endfacet
  facet normal 0 -1 0
    outer loop
      vertex 130.5 58 2
      vertex 143.5 58 2
      vertex 143.5 58 4
    endloop
  endfacet
  facet normal 1 0 0
    outer loop
      vertex 143.5 58 2
      vertex 143.5 71 4
      vertex 143.5 58 4
    endloop
  endfacet
  facet normal 0 0 1
    outer loop
      vertex 130.5 58 4
      vertex 143.5 58 4
      vertex 142.5 59 4
    endloop
  endfacet
  facet normal 0 0 1
    outer loop
      vertex 143.5 58 4
      vertex 143.5 71 4
      vertex 142.5 59 4
    endloop
  endfacet
  facet normal 0 1 0
    outer loop
      vertex 130.5 71 2
      vertex 130.5 71 4
      vertex 143.5 71 2
    endloop
  endfacet
  facet normal -1 0 0
    outer loop
      vertex 130.5 58 4
      vertex 130.5 71 4
      vertex 130.5 71 2
    endloop
  endfacet
  facet normal 0 0 1
    outer loop
      vertex 130.5 58 4
      vertex 131.5 70 4
      vertex 130.5 71 4
    endloop
  endfacet
  facet normal 1 0 0
    outer loop
      vertex 143.5 58 2
      vertex 143.5 71 2
      vertex 143.5 71 4
    endloop
  endfacet
  facet normal 0 1 0
    outer loop
      vertex 130.5 71 4
      vertex 143.5 71 4
      vertex 143.5 71 2
    endloop
  endfacet
  facet normal 0 0 1
    outer loop
      vertex 130.5 71 4
      vertex 131.5 70 4
      vertex 143.5 71 4
    endloop
  endfacet
  facet normal 0 0 1
    outer loop
      vertex 143.5 71 4
      vertex 131.5 70 4
      vertex 142.5 70 4
    endloop
  endfacet
  facet normal 0 0 1
    outer loop
      vertex 143.5 71 4
      vertex 142.5 70 4
      vertex 142.5 59 4
    endloop
  endfacet
  facet normal -1 0 0
    outer loop
      vertex 130.5 74.5 2
      vertex 130.5 74.5 4
      vertex 130.5 87.5 2
    endloop
  endfacet
  facet normal 0 1 0
    outer loop
      vertex 130.5 87.5 2
      vertex 130.5 87.5 4
      vertex 143.5 87.5 2
    endloop
  endfacet
  facet normal 0 -1 0
    outer loop
      vertex 130.5 74.5 2
      vertex 143.5 74.5 4
      vertex 130.5 74.5 4
    endloop
  endfacet
  facet normal 0 0 1
    outer loop
      vertex 130.5 74.5 4
      vertex 142.5 75.5 4
      vertex 131.5 75.5 4
    endloop
  endfacet
  facet normal 0 0 1
    outer loop
      vertex 130.5 74.5 4
      vertex 131.5 75.5 4
      vertex 131.5 86.5 4
    endloop
  endfacet
  facet normal -1 0 0
    outer loop
      vertex 130.5 87.5 2
      vertex 130.5 74.5 4
      vertex 130.5 87.5 4
    endloop
  endfacet
  facet normal 0 0 1
    outer loop
      vertex 130.5 74.5 4
      vertex 131.5 86.5 4
      vertex 130.5 87.5 4
    endloop
  endfacet
  facet normal 0 -1 0
    outer loop
      vertex 130.5 74.5 2
      vertex 143.5 74.5 2
      vertex 143.5 74.5 4
    endloop
  endfacet
  facet normal 1 0 0
    outer loop
      vertex 143.5 74.5 2
      vertex 143.5 87.5 2
      vertex 143.5 87.5 4
    endloop
  endfacet
  facet normal 1 0 0
    outer loop
      vertex 143.5 74.5 2
      vertex 143.5 87.5 4
      vertex 143.5 74.5 4
    endloop
  endfacet
  facet normal 0 0 1
    outer loop
      vertex 130.5 74.5 4
      vertex 143.5 74.5 4
      vertex 142.5 75.5 4
    endloop
  endfacet
  facet normal 0 0 1
    outer loop
      vertex 143.5 74.5 4
      vertex 143.5 87.5 4
      vertex 142.5 75.5 4
    endloop
  endfacet
  facet normal 0 1 0
    outer loop
      vertex 130.5 87.5 4
      vertex 143.5 87.5 4
      vertex 143.5 87.5 2
    endloop
  endfacet
  facet normal 0 0 1
    outer loop
      vertex 130.5 87.5 4
      vertex 131.5 86.5 4
      vertex 143.5 87.5 4
    endloop
  endfacet
  facet normal 0 0 1
    outer loop
      vertex 143.5 87.5 4
      vertex 131.5 86.5 4
      vertex 142.5 86.5 4
    endloop
  endfacet
  facet normal 0 0 1
    outer loop
      vertex 143.5 87.5 4
      vertex 142.5 86.5 4
      vertex 142.5 75.5 4
    endloop
  endfacet
  facet normal -1 0 0
    outer loop
      vertex 130.5 91 2
      vertex 130.5 91 4
      vertex 130.5 104 2
    endloop
  endfacet
  facet normal 0 -1 0
    outer loop
      vertex 130.5 91 2
      vertex 143.5 91 4
      vertex 130.5 91 4
    endloop
  endfacet
  facet normal 0 0 1
    outer loop
      vertex 130.5 91 4
      vertex 142.5 92 4
      vertex 131.5 92 4
    endloop
  endfacet
  facet normal 0 0 1
    outer loop
      vertex 130.5 91 4
      vertex 131.5 92 4
      vertex 131.5 103 4
    endloop
  endfacet
  facet normal 0 1 0
    outer loop
      vertex 130.5 104 2
      vertex 130.5 104 4
      vertex 143.5 104 2
    endloop
  endfacet
  facet normal -1 0 0
    outer loop
      vertex 130.5 91 4
      vertex 130.5 104 4
      vertex 130.5 104 2
    endloop
  endfacet
  facet normal 0 0 1
    outer loop
      vertex 130.5 91 4
      vertex 131.5 103 4
      vertex 130.5 104 4
    endloop
  endfacet
  facet normal 0 -1 0
    outer loop
      vertex 130.5 91 2
      vertex 143.5 91 2
      vertex 143.5 91 4
    endloop
  endfacet
  facet normal 1 0 0
    outer loop
      vertex 143.5 91 2
      vertex 143.5 104 4
      vertex 143.5 91 4
    endloop
  endfacet
  facet normal 0 0 1
    outer loop
      vertex 130.5 91 4
      vertex 143.5 91 4
      vertex 142.5 92 4
    endloop
  endfacet
  facet normal 0 0 1
    outer loop
      vertex 143.5 91 4
      vertex 143.5 104 4
      vertex 142.5 92 4
    endloop
  endfacet
  facet normal 1 0 0
    outer loop
      vertex 143.5 91 2
      vertex 143.5 104 2
      vertex 143.5 104 4
    endloop
  endfacet
  facet normal 0 1 0
    outer loop
      vertex 130.5 104 4
      vertex 143.5 104 4
      vertex 143.5 104 2
    endloop
  endfacet
  facet normal 0 0 1
    outer loop
      vertex 130.5 104 4
      vertex 131.5 103 4
      vertex 143.5 104 4
    endloop
  endfacet
  facet normal 0 0 1
    outer loop
      vertex 143.5 104 4
      vertex 131.5 103 4
      vertex 142.5 103 4
    endloop
  endfacet
  facet normal 0 0 1
    outer loop
      vertex 143.5 104 4
      vertex 142.5 103 4
      vertex 142.5 92 4
    endloop
  endfacet
  facet normal -1 0 0
    outer loop
      vertex 147 25 2
      vertex 147 25 4
      vertex 147 38 2
    endloop
  endfacet
  facet normal 0 -1 0
    outer loop
      vertex 147 25 2
      vertex 160 25 2
      vertex 160 25 4
    endloop
  endfacet
  facet normal 0 -1 0
    outer loop
      vertex 147 25 2
      vertex 160 25 4
      vertex 147 25 4
    endloop
  endfacet
  facet normal 0 0 1
    outer loop
      vertex 147 25 4
      vertex 159 26 4
      vertex 148 26 4
    endloop
  endfacet
  facet normal 0 0 1
    outer loop
      vertex 147 25 4
      vertex 148 26 4
      vertex 148 37 4
    endloop
  endfacet
  facet normal 0 0 1
    outer loop
      vertex 147 25 4
      vertex 160 25 4
      vertex 159 26 4
    endloop
  endfacet
  facet normal 1 0 0
    outer loop
      vertex 160 25 2
      vertex 160 38 4
      vertex 160 25 4
    endloop
  endfacet
  facet normal 0 0 1
    outer loop
      vertex 160 25 4
      vertex 160 38 4
      vertex 159 26 4
    endloop
  endfacet
  facet normal 0 1 0
    outer loop
      vertex 147 38 2
      vertex 147 38 4
      vertex 160 38 2
    endloop
  endfacet
  facet normal 1 0 0
    outer loop
      vertex 160 25 2
      vertex 160 38 2
      vertex 160 38 4
    endloop
  endfacet
  facet normal -1 0 0
    outer loop
      vertex 147 25 4
      vertex 147 38 4
      vertex 147 38 2
    endloop
  endfacet
  facet normal 0 1 0
    outer loop
      vertex 160 38 2
      vertex 147 38 4
      vertex 160 38 4
    endloop
  endfacet
  facet normal 0 0 1
    outer loop
      vertex 147 25 4
      vertex 148 37 4
      vertex 147 38 4
    endloop
  endfacet
  facet normal 0 0 1
    outer loop
      vertex 147 38 4
      vertex 148 37 4
      vertex 160 38 4
    endloop
  endfacet
  facet normal 0 0 1
    outer loop
      vertex 160 38 4
      vertex 148 37 4
      vertex 159 37 4
    endloop
  endfacet
  facet normal 0 0 1
    outer loop
      vertex 160 38 4
      vertex 159 37 4
      vertex 159 26 4
    endloop
  endfacet
  facet normal -1 0 0
    outer loop
      vertex 147 41.5 2
      vertex 147 41.5 4
      vertex 147 54.5 2
    endloop
  endfacet
  facet normal 0 -1 0
    outer loop
      vertex 147 41.5 2
      vertex 160 41.5 2
      vertex 160 41.5 4
    endloop
  endfacet
  facet normal 0 1 0
    outer loop
      vertex 147 54.5 2
      vertex 147 54.5 4
      vertex 160 54.5 2
    endloop
  endfacet
  facet normal 1 0 0
    outer loop
      vertex 160 41.5 2
      vertex 160 54.5 2
      vertex 160 54.5 4
    endloop
  endfacet
  facet normal 0 -1 0
    outer loop
      vertex 147 41.5 2
      vertex 160 41.5 4
      vertex 147 41.5 4
    endloop
  endfacet
  facet normal 0 0 1
    outer loop
      vertex 147 41.5 4
      vertex 159 42.5 4
      vertex 148 42.5 4
    endloop
  endfacet
  facet normal 0 0 1
    outer loop
      vertex 147 41.5 4
      vertex 148 42.5 4
      vertex 148 53.5 4
    endloop
  endfacet
  facet normal 0 0 1
    outer loop
      vertex 147 41.5 4
      vertex 160 41.5 4
      vertex 159 42.5 4
    endloop
  endfacet
  facet normal -1 0 0
    outer loop
      vertex 147 54.5 2
      vertex 147 41.5 4
      vertex 147 54.5 4
    endloop
  endfacet
  facet normal 0 1 0
    outer loop
      vertex 160 54.5 2
      vertex 147 54.5 4
      vertex 160 54.5 4
    endloop
  endfacet
  facet normal 0 0 1
    outer loop
      vertex 147 41.5 4
      vertex 148 53.5 4
      vertex 147 54.5 4
    endloop
  endfacet
  facet normal 0 0 1
    outer loop
      vertex 147 54.5 4
      vertex 148 53.5 4
      vertex 160 54.5 4
    endloop
  endfacet
  facet normal 0 0 1
    outer loop
      vertex 160 54.5 4
      vertex 148 53.5 4
      vertex 159 53.5 4
    endloop
  endfacet
  facet normal 1 0 0
    outer loop
      vertex 160 41.5 2
      vertex 160 54.5 4
      vertex 160 41.5 4
    endloop
  endfacet
  facet normal 0 0 1
    outer loop
      vertex 160 41.5 4
      vertex 160 54.5 4
      vertex 159 42.5 4
    endloop
  endfacet
  facet normal 0 0 1
    outer loop
      vertex 160 54.5 4
      vertex 159 53.5 4
      vertex 159 42.5 4
    endloop
  endfacet
  facet normal -1 0 0
    outer loop
      vertex 147 58 2
      vertex 147 58 4
      vertex 147 71 2
    endloop
  endfacet
  facet normal 0 -1 0
    outer loop
      vertex 147 58 2
      vertex 160 58 2
      vertex 160 58 4
    endloop
  endfacet
  facet normal 0 -1 0
    outer loop
      vertex 147 58 2
      vertex 160 58 4
      vertex 147 58 4
    endloop
  endfacet
  facet normal 0 0 1
    outer loop
      vertex 147 58 4
      vertex 159 59 4
      vertex 148 59 4
    endloop
  endfacet
  facet normal 0 0 1
    outer loop
      vertex 147 58 4
      vertex 148 59 4
      vertex 148 70 4
    endloop
  endfacet
  facet normal 0 0 1
    outer loop
      vertex 147 58 4
      vertex 160 58 4
      vertex 159 59 4
    endloop
  endfacet
  facet normal 1 0 0
    outer loop
      vertex 160 58 2
      vertex 160 71 4
      vertex 160 58 4
    endloop
  endfacet
  facet normal 0 0 1
    outer loop
      vertex 160 58 4
      vertex 160 71 4
      vertex 159 59 4
    endloop
  endfacet
  facet normal 0 1 0
    outer loop
      vertex 147 71 2
      vertex 147 71 4
      vertex 160 71 2
    endloop
  endfacet
  facet normal 1 0 0
    outer loop
      vertex 160 58 2
      vertex 160 71 2
      vertex 160 71 4
    endloop
  endfacet
  facet normal -1 0 0
    outer loop
      vertex 147 58 4
      vertex 147 71 4
      vertex 147 71 2
    endloop
  endfacet
  facet normal 0 1 0
    outer loop
      vertex 160 71 2
      vertex 147 71 4
      vertex 160 71 4
    endloop
  endfacet
  facet normal 0 0 1
    outer loop
      vertex 147 58 4
      vertex 148 70 4
      vertex 147 71 4
    endloop
  endfacet
  facet normal 0 0 1
    outer loop
      vertex 147 71 4
      vertex 148 70 4
      vertex 160 71 4
    endloop
  endfacet
  facet normal 0 0 1
    outer loop
      vertex 160 71 4
      vertex 148 70 4
      vertex 159 70 4
    endloop
  endfacet
  facet normal 0 0 1
    outer loop
      vertex 160 71 4
      vertex 159 70 4
      vertex 159 59 4
    endloop
  endfacet
  facet normal -1 0 0
    outer loop
      vertex 147 74.5 2
      vertex 147 74.5 4
      vertex 147 87.5 2
    endloop
  endfacet
  facet normal 0 -1 0
    outer loop
      vertex 147 74.5 2
      vertex 160 74.5 2
      vertex 160 74.5 4
    endloop
  endfacet
  facet normal 0 1 0
    outer loop
      vertex 147 87.5 2
      vertex 147 87.5 4
      vertex 160 87.5 2
    endloop
  endfacet
  facet normal 1 0 0
    outer loop
      vertex 160 74.5 2
      vertex 160 87.5 2
      vertex 160 87.5 4
    endloop
  endfacet
  facet normal 0 -1 0
    outer loop
      vertex 147 74.5 2
      vertex 160 74.5 4
      vertex 147 74.5 4
    endloop
  endfacet
  facet normal 0 0 1
    outer loop
      vertex 147 74.5 4
      vertex 159 75.5 4
      vertex 148 75.5 4
    endloop
  endfacet
  facet normal 0 0 1
    outer loop
      vertex 147 74.5 4
      vertex 148 75.5 4
      vertex 148 86.5 4
    endloop
  endfacet
  facet normal 0 0 1
    outer loop
      vertex 147 74.5 4
      vertex 160 74.5 4
      vertex 159 75.5 4
    endloop
  endfacet
  facet normal -1 0 0
    outer loop
      vertex 147 87.5 2
      vertex 147 74.5 4
      vertex 147 87.5 4
    endloop
  endfacet
  facet normal 0 1 0
    outer loop
      vertex 160 87.5 2
      vertex 147 87.5 4
      vertex 160 87.5 4
    endloop
  endfacet
  facet normal 0 0 1
    outer loop
      vertex 147 74.5 4
      vertex 148 86.5 4
      vertex 147 87.5 4
    endloop
  endfacet
  facet normal 0 0 1
    outer loop
      vertex 147 87.5 4
      vertex 148 86.5 4
      vertex 160 87.5 4
    endloop
  endfacet
  facet normal 0 0 1
    outer loop
      vertex 160 87.5 4
      vertex 148 86.5 4
      vertex 159 86.5 4
    endloop
  endfacet
  facet normal 1 0 0
    outer loop
      vertex 160 74.5 2
      vertex 160 87.5 4
      vertex 160 74.5 4
    endloop
  endfacet
  facet normal 0 0 1
    outer loop
      vertex 160 74.5 4
      vertex 160 87.5 4
      vertex 159 75.5 4
    endloop
  endfacet
  facet normal 0 0 1
    outer loop
      vertex 160 87.5 4
      vertex 159 86.5 4
      vertex 159 75.5 4
    endloop
  endfacet
  facet normal -1 0 0
    outer loop
      vertex 147 91 2
      vertex 147 91 4
      vertex 147 104 2
    endloop
  endfacet
  facet normal 0 -1 0
    outer loop
      vertex 147 91 2
      vertex 160 91 2
      vertex 160 91 4
    endloop
  endfacet
  facet normal 0 -1 0
    outer loop
      vertex 147 91 2
      vertex 160 91 4
      vertex 147 91 4
    endloop
  endfacet
  facet normal 0 0 1
    outer loop
      vertex 147 91 4
      vertex 159 92 4
      vertex 148 92 4
    endloop
  endfacet
  facet normal 0 0 1
    outer loop
      vertex 147 91 4
      vertex 148 92 4
      vertex 148 103 4
    endloop
  endfacet
  facet normal 0 0 1
    outer loop
      vertex 147 91 4
      vertex 160 91 4
      vertex 159 92 4
    endloop
  endfacet
  facet normal 1 0 0
    outer loop
      vertex 160 91 2
      vertex 160 104 4
      vertex 160 91 4
    endloop
  endfacet
  facet normal 0 0 1
    outer loop
      vertex 160 91 4
      vertex 160 104 4
      vertex 159 92 4
    endloop
  endfacet
  facet normal 0 1 0
    outer loop
      vertex 147 104 2
      vertex 147 104 4
      vertex 160 104 2
    endloop
  endfacet
  facet normal 1 0 0
    outer loop
      vertex 160 91 2
      vertex 160 104 2
      vertex 160 104 4
    endloop
  endfacet
  facet normal -1 0 0
    outer loop
      vertex 147 91 4
      vertex 147 104 4
      vertex 147 104 2
    endloop
  endfacet
  facet normal 0 1 0
    outer loop
      vertex 160 104 2
      vertex 147 104 4
      vertex 160 104 4
    endloop
  endfacet
  facet normal 0 0 1
    outer loop
      vertex 147 91 4
      vertex 148 103 4
      vertex 147 104 4
    endloop
  endfacet
  facet normal 0 0 1
    outer loop
      vertex 147 104 4
      vertex 148 103 4
      vertex 160 104 4
    endloop
  endfacet
  facet normal 0 0 1
    outer loop
      vertex 160 104 4
      vertex 148 103 4
      vertex 159 103 4
    endloop
  endfacet
  facet normal 0 0 1
    outer loop
      vertex 160 104 4
      vertex 159 103 4
      vertex 159 92 4
    endloop
  endfacet
  facet normal -1 0 0
    outer loop
      vertex 0 0 0
      vertex 0 0 2
      vertex 0 130 2
    endloop
  endfacet
  facet normal 0 -1 0
    outer loop
      vertex 0 0 0
      vertex 180 0 2
      vertex 0 0 2
    endloop
  endfacet
  facet normal 0 0 1
    outer loop
      vertex 0 0 2
      vertex 15 25 2
      vertex 15 38 2
    endloop
  endfacet
  facet normal 0 0 1
    outer loop
      vertex 0 0 2
      vertex 15 38 2
      vertex 15 41.5 2
    endloop
  endfacet
  facet normal 0 0 1
    outer loop
      vertex 0 0 2
      vertex 15 41.5 2
      vertex 15 54.5 2
    endloop
  endfacet
  facet normal 0 0 1
    outer loop
      vertex 0 0 2
      vertex 28 25 2
      vertex 15 25 2
    endloop
  endfacet
  facet normal 0 0 1
    outer loop
      vertex 0 0 2
      vertex 31.5 25 2
      vertex 28 25 2
    endloop
  endfacet
  facet normal 0 0 1
    outer loop
      vertex 0 0 2
      vertex 44.5 25 2
      vertex 31.5 25 2
    endloop
  endfacet
  facet normal 0 0 1
    outer loop
      vertex 0 0 2
      vertex 48 25 2
      vertex 44.5 25 2
    endloop
  endfacet
  facet normal 0 0 1
    outer loop
      vertex 28 25 2
      vertex 31.5 25 2
      vertex 31.5 38 2
    endloop
  endfacet
  facet normal 0 0 1
    outer loop
      vertex 0 0 2
      vertex 61 25 2
      vertex 48 25 2
    endloop
  endfacet
  facet normal 0 0 1
    outer loop
      vertex 0 0 2
      vertex 64.5 25 2
      vertex 61 25 2
    endloop
  endfacet
  facet normal 0 0 1
    outer loop
      vertex 15 38 2
      vertex 28 38 2
      vertex 15 41.5 2
    endloop
  endfacet
  facet normal 0 0 1
    outer loop
      vertex 0 0 2
      vertex 15 54.5 2
      vertex 0 130 2
    endloop
  endfacet
  facet normal 0 0 1
    outer loop
      vertex 15 54.5 2
      vertex 28 54.5 2
      vertex 15 58 2
    endloop
  endfacet
  facet normal 0 0 1
    outer loop
      vertex 15 41.5 2
      vertex 28 38 2
      vertex 28 41.5 2
    endloop
  endfacet
  facet normal 0 0 1
    outer loop
      vertex 28 25 2
      vertex 31.5 38 2
      vertex 28 38 2
    endloop
  endfacet
  facet normal 0 0 1
    outer loop
      vertex 28 38 2
      vertex 31.5 41.5 2
      vertex 28 41.5 2
    endloop
  endfacet
  facet normal 0 0 1
    outer loop
      vertex 28 38 2
      vertex 31.5 38 2
      vertex 31.5 41.5 2
    endloop
  endfacet
  facet normal 0 0 1
    outer loop
      vertex 28 41.5 2
      vertex 31.5 41.5 2
      vertex 31.5 54.5 2
    endloop
  endfacet
  facet normal 0 0 1
    outer loop
      vertex 31.5 38 2
      vertex 44.5 38 2
      vertex 31.5 41.5 2
    endloop
  endfacet
  facet normal 0 0 1
    outer loop
      vertex 31.5 41.5 2
      vertex 44.5 38 2
      vertex 44.5 41.5 2
    endloop
  endfacet
  facet normal 0 0 1
    outer loop
      vertex 15 58 2
      vertex 28 54.5 2
      vertex 28 58 2
    endloop
  endfacet
  facet normal 0 0 1
    outer loop
      vertex 28 41.5 2
      vertex 31.5 54.5 2
      vertex 28 54.5 2
    endloop
  endfacet
  facet normal 0 0 1
    outer loop
      vertex 28 54.5 2
      vertex 31.5 58 2
      vertex 28 58 2
    endloop
  endfacet
  facet normal 0 0 1
    outer loop
      vertex 28 54.5 2
      vertex 31.5 54.5 2
      vertex 31.5 58 2
    endloop
  endfacet
  facet normal 0 0 1
    outer loop
      vertex 28 58 2
      vertex 31.5 58 2
      vertex 31.5 71 2
    endloop
  endfacet
  facet normal 0 0 1
    outer loop
      vertex 31.5 54.5 2
      vertex 44.5 54.5 2
      vertex 31.5 58 2
    endloop
  endfacet
  facet normal 0 0 1
    outer loop
      vertex 31.5 58 2
      vertex 44.5 54.5 2
      vertex 44.5 58 2
    endloop
  endfacet
  facet normal 0 0 1
    outer loop
      vertex 0 0 2
      vertex 77.5 25 2
      vertex 64.5 25 2
    endloop
  endfacet
  facet normal 0 0 1
    outer loop
      vertex 0 0 2
      vertex 81 25 2
      vertex 77.5 25 2
    endloop
  endfacet
  facet normal 0 0 1
    outer loop
      vertex 44.5 25 2
      vertex 48 25 2
      vertex 48 38 2
    endloop
  endfacet
  facet normal 0 0 1
    outer loop
      vertex 0 0 2
      vertex 94 25 2
      vertex 81 25 2
    endloop
  endfacet
  facet normal 0 0 1
    outer loop
      vertex 0 0 2
      vertex 97.5 25 2
      vertex 94 25 2
    endloop
  endfacet
  facet normal 0 0 1
    outer loop
      vertex 61 25 2
      vertex 64.5 25 2
      vertex 64.5 38 2
    endloop
  endfacet
  facet normal 0 0 1
    outer loop
      vertex 77.5 25 2
      vertex 81 25 2
      vertex 81 38 2
    endloop
  endfacet
  facet normal 0 0 1
    outer loop
      vertex 44.5 25 2
      vertex 48 38 2
      vertex 44.5 38 2
    endloop
  endfacet
  facet normal 0 0 1
    outer loop
      vertex 44.5 38 2
      vertex 48 41.5 2
      vertex 44.5 41.5 2
    endloop
  endfacet
  facet normal 0 0 1
    outer loop
      vertex 44.5 38 2
      vertex 48 38 2
      vertex 48 41.5 2
    endloop
  endfacet
  facet normal 0 0 1
    outer loop
      vertex 48 38 2
      vertex 61 38 2
      vertex 48 41.5 2
    endloop
  endfacet
  facet normal 0 0 1
    outer loop
      vertex 44.5 41.5 2
      vertex 48 41.5 2
      vertex 48 54.5 2
    endloop
  endfacet
  facet normal 0 0 1
    outer loop
      vertex 48 41.5 2
      vertex 61 38 2
      vertex 61 41.5 2
    endloop
  endfacet
  facet normal 0 0 1
    outer loop
      vertex 61 25 2
      vertex 64.5 38 2
      vertex 61 38 2
    endloop
  endfacet
  facet normal 0 0 1
    outer loop
      vertex 61 38 2
      vertex 64.5 41.5 2
      vertex 61 41.5 2
    endloop
  endfacet
  facet normal 0 0 1
    outer loop
      vertex 61 38 2
      vertex 64.5 38 2
      vertex 64.5 41.5 2
    endloop
  endfacet
  facet normal 0 0 1
    outer loop
      vertex 61 41.5 2
      vertex 64.5 41.5 2
      vertex 64.5 54.5 2
    endloop
  endfacet
  facet normal 0 0 1
    outer loop
      vertex 44.5 41.5 2
      vertex 48 54.5 2
      vertex 44.5 54.5 2
    endloop
  endfacet
  facet normal 0 0 1
    outer loop
      vertex 44.5 54.5 2
      vertex 48 58 2
      vertex 44.5 58 2
    endloop
  endfacet
  facet normal 0 0 1
    outer loop
      vertex 44.5 54.5 2
      vertex 48 54.5 2
      vertex 48 58 2
    endloop
  endfacet
  facet normal 0 0 1
    outer loop
      vertex 48 54.5 2
      vertex 61 54.5 2
      vertex 48 58 2
    endloop
  endfacet
  facet normal 0 0 1
    outer loop
      vertex 44.5 58 2
      vertex 48 58 2
      vertex 48 71 2
    endloop
  endfacet
  facet normal 0 0 1
    outer loop
      vertex 48 58 2
      vertex 61 54.5 2
      vertex 61 58 2
    endloop
  endfacet
  facet normal 0 0 1
    outer loop
      vertex 61 41.5 2
      vertex 64.5 54.5 2
      vertex 61 54.5 2
    endloop
  endfacet
  facet normal 0 0 1
    outer loop
      vertex 61 54.5 2
      vertex 64.5 58 2
      vertex 61 58 2
    endloop
  endfacet
  facet normal 0 0 1
    outer loop
      vertex 61 54.5 2
      vertex 64.5 54.5 2
      vertex 64.5 58 2
    endloop
  endfacet
  facet normal 0 0 1
    outer loop
      vertex 61 58 2
      vertex 64.5 58 2
      vertex 64.5 71 2
    endloop
  endfacet
  facet normal 0 0 1
    outer loop
      vertex 64.5 38 2
      vertex 77.5 38 2
      vertex 64.5 41.5 2
    endloop
  endfacet
  facet normal 0 0 1
    outer loop
      vertex 77.5 25 2
      vertex 81 38 2
      vertex 77.5 38 2
    endloop
  endfacet
  facet normal 0 0 1
    outer loop
      vertex 64.5 41.5 2
      vertex 77.5 38 2
      vertex 77.5 41.5 2
    endloop
  endfacet
  facet normal 0 0 1
    outer loop
      vertex 77.5 38 2
      vertex 81 41.5 2
      vertex 77.5 41.5 2
    endloop
  endfacet
  facet normal 0 0 1
    outer loop
      vertex 77.5 38 2
      vertex 81 38 2
      vertex 81 41.5 2
    endloop
  endfacet
  facet normal 0 0 1
    outer loop
      vertex 81 38 2
      vertex 94 38 2
      vertex 81 41.5 2
    endloop
  endfacet
  facet normal 0 0 1
    outer loop
      vertex 81 41.5 2
      vertex 94 38 2
      vertex 94 41.5 2
    endloop
  endfacet
  facet normal 0 0 1
    outer loop
      vertex 77.5 41.5 2
      vertex 81 41.5 2
      vertex 81 54.5 2
    endloop
  endfacet
  facet normal 0 0 1
    outer loop
      vertex 64.5 54.5 2
      vertex 77.5 54.5 2
      vertex 64.5 58 2
    endloop
  endfacet
  facet normal 0 0 1
    outer loop
      vertex 77.5 41.5 2
      vertex 81 54.5 2
      vertex 77.5 54.5 2
    endloop
  endfacet
  facet normal 0 0 1
    outer loop
      vertex 64.5 58 2
      vertex 77.5 54.5 2
      vertex 77.5 58 2
    endloop
  endfacet
  facet normal 0 0 1
    outer loop
      vertex 77.5 54.5 2
      vertex 81 58 2
      vertex 77.5 58 2
    endloop
  endfacet
  facet normal 0 0 1
    outer loop
      vertex 77.5 54.5 2
      vertex 81 54.5 2
      vertex 81 58 2
    endloop
  endfacet
  facet normal 0 0 1
    outer loop
      vertex 81 54.5 2
      vertex 94 54.5 2
      vertex 81 58 2
    endloop
  endfacet
  facet normal 0 0 1
    outer loop
      vertex 81 58 2
      vertex 94 54.5 2
      vertex 94 58 2
    endloop
  endfacet
  facet normal 0 0 1
    outer loop
      vertex 77.5 58 2
      vertex 81 58 2
      vertex 81 71 2
    endloop
  endfacet
  facet normal -1 0 0
    outer loop
      vertex 0 0 0
      vertex 0 130 2
      vertex 0 130 0
    endloop
  endfacet
  facet normal 0 0 -1
    outer loop
      vertex 0 0 0
      vertex 0 130 0
      vertex 180 130 0
    endloop
  endfacet
  facet normal 0 1 0
    outer loop
      vertex 0 130 0
      vertex 0 130 2
      vertex 180 130 0
    endloop
  endfacet
  facet normal 0 0 1
    outer loop
      vertex 15 54.5 2
      vertex 15 58 2
      vertex 0 130 2
    endloop
  endfacet
  facet normal 0 0 1
    outer loop
      vertex 15 71 2
      vertex 28 71 2
      vertex 15 74.5 2
    endloop
  endfacet
  facet normal 0 0 1
    outer loop
      vertex 15 58 2
      vertex 15 71 2
      vertex 0 130 2
    endloop
  endfacet
  facet normal 0 0 1
    outer loop
      vertex 15 71 2
      vertex 15 74.5 2
      vertex 0 130 2
    endloop
  endfacet
  facet normal 0 0 1
    outer loop
      vertex 15 74.5 2
      vertex 15 87.5 2
      vertex 0 130 2
    endloop
  endfacet
  facet normal 0 0 1
    outer loop
      vertex 15 87.5 2
      vertex 28 87.5 2
      vertex 15 91 2
    endloop
  endfacet
  facet normal 0 0 1
    outer loop
      vertex 28 58 2
      vertex 31.5 71 2
      vertex 28 71 2
    endloop
  endfacet
  facet normal 0 0 1
    outer loop
      vertex 28 71 2
      vertex 31.5 71 2
      vertex 31.5 74.5 2
    endloop
  endfacet
  facet normal 0 0 1
    outer loop
      vertex 15 74.5 2
      vertex 28 71 2
      vertex 28 74.5 2
    endloop
  endfacet
  facet normal 0 0 1
    outer loop
      vertex 28 71 2
      vertex 31.5 74.5 2
      vertex 28 74.5 2
    endloop
  endfacet
  facet normal 0 0 1
    outer loop
      vertex 28 74.5 2
      vertex 31.5 74.5 2
      vertex 31.5 87.5 2
    endloop
  endfacet
  facet normal 0 0 1
    outer loop
      vertex 31.5 71 2
      vertex 44.5 71 2
      vertex 31.5 74.5 2
    endloop
  endfacet
  facet normal 0 0 1
    outer loop
      vertex 31.5 74.5 2
      vertex 44.5 71 2
      vertex 44.5 74.5 2
    endloop
  endfacet
  facet normal 0 0 1
    outer loop
      vertex 28 74.5 2
      vertex 31.5 87.5 2
      vertex 28 87.5 2
    endloop
  endfacet
  facet normal 0 0 1
    outer loop
      vertex 28 87.5 2
      vertex 31.5 87.5 2
      vertex 31.5 91 2
    endloop
  endfacet
  facet normal 0 0 1
    outer loop
      vertex 15 91 2
      vertex 28 87.5 2
      vertex 28 91 2
    endloop
  endfacet
  facet normal 0 0 1
    outer loop
      vertex 28 87.5 2
      vertex 31.5 91 2
      vertex 28 91 2
    endloop
  endfacet
  facet normal 0 0 1
    outer loop
      vertex 28 91 2
      vertex 31.5 91 2
      vertex 31.5 104 2
    endloop
  endfacet
  facet normal 0 0 1
    outer loop
      vertex 31.5 87.5 2
      vertex 44.5 87.5 2
      vertex 31.5 91 2
    endloop
  endfacet
  facet normal 0 0 1
    outer loop
      vertex 31.5 91 2
      vertex 44.5 87.5 2
      vertex 44.5 91 2
    endloop
  endfacet
  facet normal 0 0 1
    outer loop
      vertex 15 87.5 2
      vertex 15 91 2
      vertex 0 130 2
    endloop
  endfacet
  facet normal 0 0 1
    outer loop
      vertex 15 91 2
      vertex 15 104 2
      vertex 0 130 2
    endloop
  endfacet
  facet normal 0 0 1
    outer loop
      vertex 15 104 2
      vertex 28 104 2
      vertex 0 130 2
    endloop
  endfacet
  facet normal 0 0 1
    outer loop
      vertex 0 130 2
      vertex 28 104 2
      vertex 31.5 104 2
    endloop
  endfacet
  facet normal 0 0 1
    outer loop
      vertex 28 91 2
      vertex 31.5 104 2
      vertex 28 104 2
    endloop
  endfacet
  facet normal 0 0 1
    outer loop
      vertex 0 130 2
      vertex 31.5 104 2
      vertex 44.5 104 2
    endloop
  endfacet
  facet normal 0 0 1
    outer loop
      vertex 0 130 2
      vertex 44.5 104 2
      vertex 48 104 2
    endloop
  endfacet
  facet normal 0 0 1
    outer loop
      vertex 0 130 2
      vertex 48 104 2
      vertex 61 104 2
    endloop
  endfacet
  facet normal 0 0 1
    outer loop
      vertex 0 130 2
      vertex 61 104 2
      vertex 64.5 104 2
    endloop
  endfacet
  facet normal 0 0 1
    outer loop
      vertex 44.5 58 2
      vertex 48 71 2
      vertex 44.5 71 2
    endloop
  endfacet
  facet normal 0 0 1
    outer loop
      vertex 44.5 71 2
      vertex 48 71 2
      vertex 48 74.5 2
    endloop
  endfacet
  facet normal 0 0 1
    outer loop
      vertex 48 71 2
      vertex 61 71 2
      vertex 48 74.5 2
    endloop
  endfacet
  facet normal 0 0 1
    outer loop
      vertex 44.5 71 2
      vertex 48 74.5 2
      vertex 44.5 74.5 2
    endloop
  endfacet
  facet normal 0 0 1
    outer loop
      vertex 44.5 74.5 2
      vertex 48 74.5 2
      vertex 48 87.5 2
    endloop
  endfacet
  facet normal 0 0 1
    outer loop
      vertex 61 58 2
      vertex 64.5 71 2
      vertex 61 71 2
    endloop
  endfacet
  facet normal 0 0 1
    outer loop
      vertex 61 71 2
      vertex 64.5 71 2
      vertex 64.5 74.5 2
    endloop
  endfacet
  facet normal 0 0 1
    outer loop
      vertex 48 74.5 2
      vertex 61 71 2
      vertex 61 74.5 2
    endloop
  endfacet
  facet normal 0 0 1
    outer loop
      vertex 61 71 2
      vertex 64.5 74.5 2
      vertex 61 74.5 2
    endloop
  endfacet
  facet normal 0 0 1
    outer loop
      vertex 61 74.5 2
      vertex 64.5 74.5 2
      vertex 64.5 87.5 2
    endloop
  endfacet
  facet normal 0 0 1
    outer loop
      vertex 44.5 74.5 2
      vertex 48 87.5 2
      vertex 44.5 87.5 2
    endloop
  endfacet
  facet normal 0 0 1
    outer loop
      vertex 44.5 87.5 2
      vertex 48 87.5 2
      vertex 48 91 2
    endloop
  endfacet
  facet normal 0 0 1
    outer loop
      vertex 48 87.5 2
      vertex 61 87.5 2
      vertex 48 91 2
    endloop
  endfacet
  facet normal 0 0 1
    outer loop
      vertex 44.5 87.5 2
      vertex 48 91 2
      vertex 44.5 91 2
    endloop
  endfacet
  facet normal 0 0 1
    outer loop
      vertex 44.5 91 2
      vertex 48 91 2
      vertex 48 104 2
    endloop
  endfacet
  facet normal 0 0 1
    outer loop
      vertex 61 74.5 2
      vertex 64.5 87.5 2
      vertex 61 87.5 2
    endloop
  endfacet
  facet normal 0 0 1
    outer loop
      vertex 61 87.5 2
      vertex 64.5 87.5 2
      vertex 61 91 2
    endloop
  endfacet
  facet normal 0 0 1
    outer loop
      vertex 48 91 2
      vertex 61 87.5 2
      vertex 61 91 2
    endloop
  endfacet
  facet normal 0 0 1
    outer loop
      vertex 64.5 87.5 2
      vertex 64.5 91 2
      vertex 61 91 2
    endloop
  endfacet
  facet normal 0 0 1
    outer loop
      vertex 61 91 2
      vertex 64.5 91 2
      vertex 64.5 104 2
    endloop
  endfacet
  facet normal 0 0 1
    outer loop
      vertex 64.5 71 2
      vertex 77.5 71 2
      vertex 64.5 74.5 2
    endloop
  endfacet
  facet normal 0 0 1
    outer loop
      vertex 77.5 58 2
      vertex 81 71 2
      vertex 77.5 71 2
    endloop
  endfacet
  facet normal 0 0 1
    outer loop
      vertex 64.5 74.5 2
      vertex 77.5 71 2
      vertex 81 71 2
    endloop
  endfacet
  facet normal 0 0 1
    outer loop
      vertex 64.5 74.5 2
      vertex 94 71 2
      vertex 77.5 74.5 2
    endloop
  endfacet
  facet normal 0 0 1
    outer loop
      vertex 64.5 74.5 2
      vertex 81 71 2
      vertex 94 71 2
    endloop
  endfacet
  facet normal 0 0 1
    outer loop
      vertex 77.5 74.5 2
      vertex 94 71 2
      vertex 81 74.5 2
    endloop
  endfacet
  facet normal 0 0 1
    outer loop
      vertex 77.5 74.5 2
      vertex 81 74.5 2
      vertex 81 87.5 2
    endloop
  endfacet
  facet normal 0 0 1
    outer loop
      vertex 81 74.5 2
      vertex 94 71 2
      vertex 94 74.5 2
    endloop
  endfacet
  facet normal 0 0 1
    outer loop
      vertex 64.5 87.5 2
      vertex 77.5 87.5 2
      vertex 64.5 91 2
    endloop
  endfacet
  facet normal 0 0 1
    outer loop
      vertex 77.5 74.5 2
      vertex 81 87.5 2
      vertex 77.5 87.5 2
    endloop
  endfacet
  facet normal 0 0 1
    outer loop
      vertex 77.5 87.5 2
      vertex 81 87.5 2
      vertex 77.5 91 2
    endloop
  endfacet
  facet normal 0 0 1
    outer loop
      vertex 64.5 91 2
      vertex 77.5 87.5 2
      vertex 77.5 91 2
    endloop
  endfacet
  facet normal 0 0 1
    outer loop
      vertex 81 87.5 2
      vertex 94 87.5 2
      vertex 81 91 2
    endloop
  endfacet
  facet normal 0 0 1
    outer loop
      vertex 77.5 91 2
      vertex 81 87.5 2
      vertex 81 91 2
    endloop
  endfacet
  facet normal 0 0 1
    outer loop
      vertex 77.5 91 2
      vertex 81 91 2
      vertex 81 104 2
    endloop
  endfacet
  facet normal 0 0 1
    outer loop
      vertex 81 91 2
      vertex 94 87.5 2
      vertex 94 91 2
    endloop
  endfacet
  facet normal 0 0 1
    outer loop
      vertex 44.5 91 2
      vertex 48 104 2
      vertex 44.5 104 2
    endloop
  endfacet
  facet normal 0 0 1
    outer loop
      vertex 0 130 2
      vertex 64.5 104 2
      vertex 77.5 104 2
    endloop
  endfacet
  facet normal 0 0 1
    outer loop
      vertex 0 130 2
      vertex 77.5 104 2
      vertex 81 104 2
    endloop
  endfacet
  facet normal 0 0 1
    outer loop
      vertex 61 91 2
      vertex 64.5 104 2
      vertex 61 104 2
    endloop
  endfacet
  facet normal 0 0 1
    outer loop
      vertex 0 130 2
      vertex 81 104 2
      vertex 94 104 2
    endloop
  endfacet
  facet normal 0 0 1
    outer loop
      vertex 0 130 2
      vertex 94 104 2
      vertex 97.5 104 2
    endloop
  endfacet
  facet normal 0 0 1
    outer loop
      vertex 77.5 91 2
      vertex 81 104 2
      vertex 77.5 104 2
    endloop
  endfacet
  facet normal 0 0 1
    outer loop
      vertex 0 130 2
      vertex 97.5 104 2
      vertex 110.5 104 2
    endloop
  endfacet
  facet normal 0 -1 0
    outer loop
      vertex 0 0 0
      vertex 180 0 0
      vertex 180 0 2
    endloop
  endfacet
  facet normal 0 0 -1
    outer loop
      vertex 0 0 0
      vertex 180 130 0
      vertex 180 0 0
    endloop
  endfacet
  facet normal 1 0 0
    outer loop
      vertex 180 0 0
      vertex 180 130 0
      vertex 180 0 2
    endloop
  endfacet
  facet normal 0 0 1
    outer loop
      vertex 0 0 2
      vertex 180 0 2
      vertex 97.5 25 2
    endloop
  endfacet
  facet normal 0 0 1
    outer loop
      vertex 94 25 2
      vertex 97.5 25 2
      vertex 97.5 38 2
    endloop
  endfacet
  facet normal 0 0 1
    outer loop
      vertex 110.5 25 2
      vertex 114 25 2
      vertex 114 38 2
    endloop
  endfacet
  facet normal 0 0 1
    outer loop
      vertex 97.5 25 2
      vertex 180 0 2
      vertex 110.5 25 2
    endloop
  endfacet
  facet normal 0 0 1
    outer loop
      vertex 110.5 25 2
      vertex 180 0 2
      vertex 114 25 2
    endloop
  endfacet
  facet normal 0 0 1
    outer loop
      vertex 127 25 2
      vertex 130.5 25 2
      vertex 130.5 38 2
    endloop
  endfacet
  facet normal 0 0 1
    outer loop
      vertex 94 25 2
      vertex 97.5 38 2
      vertex 94 38 2
    endloop
  endfacet
  facet normal 0 0 1
    outer loop
      vertex 94 38 2
      vertex 97.5 41.5 2
      vertex 94 41.5 2
    endloop
  endfacet
  facet normal 0 0 1
    outer loop
      vertex 94 38 2
      vertex 97.5 38 2
      vertex 97.5 41.5 2
    endloop
  endfacet
  facet normal 0 0 1
    outer loop
      vertex 94 41.5 2
      vertex 97.5 41.5 2
      vertex 97.5 54.5 2
    endloop
  endfacet
  facet normal 0 0 1
    outer loop
      vertex 97.5 38 2
      vertex 110.5 38 2
      vertex 97.5 41.5 2
    endloop
  endfacet
  facet normal 0 0 1
    outer loop
      vertex 97.5 41.5 2
      vertex 110.5 38 2
      vertex 110.5 41.5 2
    endloop
  endfacet
  facet normal 0 0 1
    outer loop
      vertex 110.5 25 2
      vertex 114 38 2
      vertex 110.5 38 2
    endloop
  endfacet
  facet normal 0 0 1
    outer loop
      vertex 110.5 38 2
      vertex 114 41.5 2
      vertex 110.5 41.5 2
    endloop
  endfacet
  facet normal 0 0 1
    outer loop
      vertex 94 41.5 2
      vertex 97.5 54.5 2
      vertex 94 54.5 2
    endloop
  endfacet
  facet normal 0 0 1
    outer loop
      vertex 94 54.5 2
      vertex 97.5 58 2
      vertex 94 58 2
    endloop
  endfacet
  facet normal 0 0 1
    outer loop
      vertex 94 54.5 2
      vertex 97.5 54.5 2
      vertex 97.5 58 2
    endloop
  endfacet
  facet normal 0 0 1
    outer loop
      vertex 94 58 2
      vertex 97.5 58 2
      vertex 97.5 71 2
    endloop
  endfacet
  facet normal 0 0 1
    outer loop
      vertex 97.5 54.5 2
      vertex 110.5 54.5 2
      vertex 97.5 58 2
    endloop
  endfacet
  facet normal 0 0 1
    outer loop
      vertex 97.5 58 2
      vertex 110.5 54.5 2
      vertex 110.5 58 2
    endloop
  endfacet
  facet normal 0 0 1
    outer loop
      vertex 110.5 41.5 2
      vertex 114 54.5 2
      vertex 110.5 54.5 2
    endloop
  endfacet
  facet normal 0 0 1
    outer loop
      vertex 110.5 54.5 2
      vertex 114 54.5 2
      vertex 110.5 58 2
    endloop
  endfacet
  facet normal 0 0 1
    outer loop
      vertex 110.5 38 2
      vertex 114 38 2
      vertex 114 41.5 2
    endloop
  endfacet
  facet normal 0 0 1
    outer loop
      vertex 114 38 2
      vertex 127 38 2
      vertex 114 41.5 2
    endloop
  endfacet
  facet normal 0 0 1
    outer loop
      vertex 114 41.5 2
      vertex 127 38 2
      vertex 127 41.5 2
    endloop
  endfacet
  facet normal 0 0 1
    outer loop
      vertex 110.5 41.5 2
      vertex 114 41.5 2
      vertex 114 54.5 2
    endloop
  endfacet
  facet normal 0 0 1
    outer loop
      vertex 127 25 2
      vertex 130.5 38 2
      vertex 127 38 2
    endloop
  endfacet
  facet normal 0 0 1
    outer loop
      vertex 127 38 2
      vertex 130.5 38 2
      vertex 127 41.5 2
    endloop
  endfacet
  facet normal 0 0 1
    outer loop
      vertex 130.5 38 2
      vertex 130.5 41.5 2
      vertex 127 41.5 2
    endloop
  endfacet
  facet normal 0 0 1
    outer loop
      vertex 130.5 38 2
      vertex 143.5 38 2
      vertex 130.5 41.5 2
    endloop
  endfacet
  facet normal 0 0 1
    outer loop
      vertex 127 41.5 2
      vertex 130.5 41.5 2
      vertex 130.5 54.5 2
    endloop
  endfacet
  facet normal 0 0 1
    outer loop
      vertex 110.5 58 2
      vertex 114 54.5 2
      vertex 114 58 2
    endloop
  endfacet
  facet normal 0 0 1
    outer loop
      vertex 114 54.5 2
      vertex 127 54.5 2
      vertex 114 58 2
    endloop
  endfacet
  facet normal 0 0 1
    outer loop
      vertex 114 58 2
      vertex 127 54.5 2
      vertex 127 58 2
    endloop
  endfacet
  facet normal 0 0 1
    outer loop
      vertex 110.5 58 2
      vertex 114 58 2
      vertex 114 71 2
    endloop
  endfacet
  facet normal 0 0 1
    outer loop
      vertex 127 41.5 2
      vertex 130.5 54.5 2
      vertex 127 54.5 2
    endloop
  endfacet
  facet normal 0 0 1
    outer loop
      vertex 127 54.5 2
      vertex 130.5 54.5 2
      vertex 130.5 58 2
    endloop
  endfacet
  facet normal 0 0 1
    outer loop
      vertex 127 54.5 2
      vertex 130.5 58 2
      vertex 127 58 2
    endloop
  endfacet
  facet normal 0 0 1
    outer loop
      vertex 130.5 54.5 2
      vertex 143.5 54.5 2
      vertex 130.5 58 2
    endloop
  endfacet
  facet normal 0 0 1
    outer loop
      vertex 127 58 2
      vertex 130.5 58 2
      vertex 130.5 71 2
    endloop
  endfacet
  facet normal 0 0 1
    outer loop
      vertex 114 25 2
      vertex 180 0 2
      vertex 127 25 2
    endloop
  endfacet
  facet normal 0 0 1
    outer loop
      vertex 127 25 2
      vertex 180 0 2
      vertex 130.5 25 2
    endloop
  endfacet
  facet normal 0 0 1
    outer loop
      vertex 143.5 25 2
      vertex 147 25 2
      vertex 147 38 2
    endloop
  endfacet
  facet normal 0 0 1
    outer loop
      vertex 130.5 25 2
      vertex 180 0 2
      vertex 143.5 25 2
    endloop
  endfacet
  facet normal 0 0 1
    outer loop
      vertex 143.5 25 2
      vertex 180 0 2
      vertex 147 25 2
    endloop
  endfacet
  facet normal 0 0 1
    outer loop
      vertex 147 25 2
      vertex 180 0 2
      vertex 160 25 2
    endloop
  endfacet
  facet normal 0 0 1
    outer loop
      vertex 180 0 2
      vertex 160 38 2
      vertex 160 25 2
    endloop
  endfacet
  facet normal 0 0 1
    outer loop
      vertex 180 0 2
      vertex 160 41.5 2
      vertex 160 38 2
    endloop
  endfacet
  facet normal 0 0 1
    outer loop
      vertex 180 0 2
      vertex 160 54.5 2
      vertex 160 41.5 2
    endloop
  endfacet
  facet normal 0 0 1
    outer loop
      vertex 130.5 41.5 2
      vertex 143.5 38 2
      vertex 143.5 41.5 2
    endloop
  endfacet
  facet normal 0 0 1
    outer loop
      vertex 143.5 25 2
      vertex 147 38 2
      vertex 143.5 38 2
    endloop
  endfacet
  facet normal 0 0 1
    outer loop
      vertex 143.5 38 2
      vertex 147 38 2
      vertex 143.5 41.5 2
    endloop
  endfacet
  facet normal 0 0 1
    outer loop
      vertex 143.5 41.5 2
      vertex 147 38 2
      vertex 147 41.5 2
    endloop
  endfacet
  facet normal 0 0 1
    outer loop
      vertex 143.5 41.5 2
      vertex 147 41.5 2
      vertex 147 54.5 2
    endloop
  endfacet
  facet normal 0 0 1
    outer loop
      vertex 147 38 2
      vertex 160 38 2
      vertex 147 41.5 2
    endloop
  endfacet
  facet normal 0 0 1
    outer loop
      vertex 147 41.5 2
      vertex 160 38 2
      vertex 160 41.5 2
    endloop
  endfacet
  facet normal 0 0 1
    outer loop
      vertex 130.5 58 2
      vertex 143.5 54.5 2
      vertex 143.5 58 2
    endloop
  endfacet
  facet normal 0 0 1
    outer loop
      vertex 143.5 41.5 2
      vertex 147 54.5 2
      vertex 143.5 54.5 2
    endloop
  endfacet
  facet normal 0 0 1
    outer loop
      vertex 143.5 54.5 2
      vertex 147 58 2
      vertex 143.5 58 2
    endloop
  endfacet
  facet normal 0 0 1
    outer loop
      vertex 143.5 54.5 2
      vertex 147 54.5 2
      vertex 147 58 2
    endloop
  endfacet
  facet normal 0 0 1
    outer loop
      vertex 143.5 58 2
      vertex 147 58 2
      vertex 147 71 2
    endloop
  endfacet
  facet normal 0 0 1
    outer loop
      vertex 147 54.5 2
      vertex 160 54.5 2
      vertex 147 58 2
    endloop
  endfacet
  facet normal 0 0 1
    outer loop
      vertex 147 58 2
      vertex 160 54.5 2
      vertex 160 58 2
    endloop
  endfacet
  facet normal 0 0 1
    outer loop
      vertex 180 0 2
      vertex 160 58 2
      vertex 160 54.5 2
    endloop
  endfacet
  facet normal 0 0 1
    outer loop
      vertex 180 0 2
      vertex 160 71 2
      vertex 160 58 2
    endloop
  endfacet
  facet normal 0 0 1
    outer loop
      vertex 180 0 2
      vertex 160 74.5 2
      vertex 160 71 2
    endloop
  endfacet
  facet normal 0 1 0
    outer loop
      vertex 0 130 2
      vertex 180 130 2
      vertex 180 130 0
    endloop
  endfacet
  facet normal 1 0 0
    outer loop
      vertex 180 0 2
      vertex 180 130 0
      vertex 180 130 2
    endloop
  endfacet
  facet normal 0 0 1
    outer loop
      vertex 94 58 2
      vertex 97.5 71 2
      vertex 94 71 2
    endloop
  endfacet
  facet normal 0 0 1
    outer loop
      vertex 94 71 2
      vertex 97.5 71 2
      vertex 97.5 74.5 2
    endloop
  endfacet
  facet normal 0 0 1
    outer loop
      vertex 94 71 2
      vertex 97.5 74.5 2
      vertex 94 74.5 2
    endloop
  endfacet
  facet normal 0 0 1
    outer loop
      vertex 94 74.5 2
      vertex 97.5 74.5 2
      vertex 97.5 87.5 2
    endloop
  endfacet
  facet normal 0 0 1
    outer loop
      vertex 97.5 71 2
      vertex 110.5 71 2
      vertex 97.5 74.5 2
    endloop
  endfacet
  facet normal 0 0 1
    outer loop
      vertex 110.5 58 2
      vertex 114 71 2
      vertex 110.5 71 2
    endloop
  endfacet
  facet normal 0 0 1
    outer loop
      vertex 97.5 74.5 2
      vertex 110.5 71 2
      vertex 110.5 74.5 2
    endloop
  endfacet
  facet normal 0 0 1
    outer loop
      vertex 110.5 71 2
      vertex 114 74.5 2
      vertex 110.5 74.5 2
    endloop
  endfacet
  facet normal 0 0 1
    outer loop
      vertex 94 74.5 2
      vertex 97.5 87.5 2
      vertex 94 87.5 2
    endloop
  endfacet
  facet normal 0 0 1
    outer loop
      vertex 94 87.5 2
      vertex 97.5 87.5 2
      vertex 97.5 91 2
    endloop
  endfacet
  facet normal 0 0 1
    outer loop
      vertex 94 87.5 2
      vertex 97.5 91 2
      vertex 94 91 2
    endloop
  endfacet
  facet normal 0 0 1
    outer loop
      vertex 94 91 2
      vertex 97.5 91 2
      vertex 97.5 104 2
    endloop
  endfacet
  facet normal 0 0 1
    outer loop
      vertex 97.5 87.5 2
      vertex 110.5 87.5 2
      vertex 97.5 91 2
    endloop
  endfacet
  facet normal 0 0 1
    outer loop
      vertex 110.5 74.5 2
      vertex 114 87.5 2
      vertex 110.5 87.5 2
    endloop
  endfacet
  facet normal 0 0 1
    outer loop
      vertex 97.5 91 2
      vertex 110.5 87.5 2
      vertex 110.5 91 2
    endloop
  endfacet
  facet normal 0 0 1
    outer loop
      vertex 110.5 87.5 2
      vertex 114 91 2
      vertex 110.5 91 2
    endloop
  endfacet
  facet normal 0 0 1
    outer loop
      vertex 110.5 71 2
      vertex 114 71 2
      vertex 114 74.5 2
    endloop
  endfacet
  facet normal 0 0 1
    outer loop
      vertex 114 71 2
      vertex 127 71 2
      vertex 114 74.5 2
    endloop
  endfacet
  facet normal 0 0 1
    outer loop
      vertex 110.5 74.5 2
      vertex 114 74.5 2
      vertex 114 87.5 2
    endloop
  endfacet
  facet normal 0 0 1
    outer loop
      vertex 114 74.5 2
      vertex 127 71 2
      vertex 127 74.5 2
    endloop
  endfacet
  facet normal 0 0 1
    outer loop
      vertex 127 58 2
      vertex 130.5 71 2
      vertex 127 71 2
    endloop
  endfacet
  facet normal 0 0 1
    outer loop
      vertex 127 71 2
      vertex 130.5 71 2
      vertex 130.5 74.5 2
    endloop
  endfacet
  facet normal 0 0 1
    outer loop
      vertex 130.5 71 2
      vertex 143.5 71 2
      vertex 130.5 74.5 2
    endloop
  endfacet
  facet normal 0 0 1
    outer loop
      vertex 127 71 2
      vertex 130.5 74.5 2
      vertex 127 74.5 2
    endloop
  endfacet
  facet normal 0 0 1
    outer loop
      vertex 127 74.5 2
      vertex 130.5 74.5 2
      vertex 130.5 87.5 2
    endloop
  endfacet
  facet normal 0 0 1
    outer loop
      vertex 110.5 87.5 2
      vertex 114 87.5 2
      vertex 114 91 2
    endloop
  endfacet
  facet normal 0 0 1
    outer loop
      vertex 114 87.5 2
      vertex 127 87.5 2
      vertex 114 91 2
    endloop
  endfacet
  facet normal 0 0 1
    outer loop
      vertex 110.5 91 2
      vertex 114 91 2
      vertex 114 104 2
    endloop
  endfacet
  facet normal 0 0 1
    outer loop
      vertex 114 91 2
      vertex 127 87.5 2
      vertex 127 91 2
    endloop
  endfacet
  facet normal 0 0 1
    outer loop
      vertex 127 74.5 2
      vertex 130.5 87.5 2
      vertex 127 87.5 2
    endloop
  endfacet
  facet normal 0 0 1
    outer loop
      vertex 127 87.5 2
      vertex 130.5 87.5 2
      vertex 130.5 91 2
    endloop
  endfacet
  facet normal 0 0 1
    outer loop
      vertex 130.5 87.5 2
      vertex 143.5 87.5 2
      vertex 130.5 91 2
    endloop
  endfacet
  facet normal 0 0 1
    outer loop
      vertex 127 87.5 2
      vertex 130.5 91 2
      vertex 127 91 2
    endloop
  endfacet
  facet normal 0 0 1
    outer loop
      vertex 127 91 2
      vertex 130.5 91 2
      vertex 130.5 104 2
    endloop
  endfacet
  facet normal 0 0 1
    outer loop
      vertex 94 91 2
      vertex 97.5 104 2
      vertex 94 104 2
    endloop
  endfacet
  facet normal 0 0 1
    outer loop
      vertex 110.5 91 2
      vertex 114 104 2
      vertex 110.5 104 2
    endloop
  endfacet
  facet normal 0 0 1
    outer loop
      vertex 0 130 2
      vertex 110.5 104 2
      vertex 180 130 2
    endloop
  endfacet
  facet normal 0 0 1
    outer loop
      vertex 127 91 2
      vertex 130.5 104 2
      vertex 127 104 2
    endloop
  endfacet
  facet normal 0 0 1
    outer loop
      vertex 110.5 104 2
      vertex 114 104 2
      vertex 180 130 2
    endloop
  endfacet
  facet normal 0 0 1
    outer loop
      vertex 143.5 58 2
      vertex 147 71 2
      vertex 143.5 71 2
    endloop
  endfacet
  facet normal 0 0 1
    outer loop
      vertex 143.5 71 2
      vertex 147 71 2
      vertex 147 74.5 2
    endloop
  endfacet
  facet normal 0 0 1
    outer loop
      vertex 130.5 74.5 2
      vertex 143.5 71 2
      vertex 143.5 74.5 2
    endloop
  endfacet
  facet normal 0 0 1
    outer loop
      vertex 143.5 71 2
      vertex 147 74.5 2
      vertex 143.5 74.5 2
    endloop
  endfacet
  facet normal 0 0 1
    outer loop
      vertex 143.5 74.5 2
      vertex 147 74.5 2
      vertex 147 87.5 2
    endloop
  endfacet
  facet normal 0 0 1
    outer loop
      vertex 147 71 2
      vertex 160 71 2
      vertex 147 74.5 2
    endloop
  endfacet
  facet normal 0 0 1
    outer loop
      vertex 147 74.5 2
      vertex 160 71 2
      vertex 160 74.5 2
    endloop
  endfacet
  facet normal 0 0 1
    outer loop
      vertex 143.5 74.5 2
      vertex 147 87.5 2
      vertex 143.5 87.5 2
    endloop
  endfacet
  facet normal 0 0 1
    outer loop
      vertex 143.5 87.5 2
      vertex 147 87.5 2
      vertex 147 91 2
    endloop
  endfacet
  facet normal 0 0 1
    outer loop
      vertex 130.5 91 2
      vertex 143.5 87.5 2
      vertex 143.5 91 2
    endloop
  endfacet
  facet normal 0 0 1
    outer loop
      vertex 143.5 87.5 2
      vertex 147 91 2
      vertex 143.5 91 2
    endloop
  endfacet
  facet normal 0 0 1
    outer loop
      vertex 143.5 91 2
      vertex 147 91 2
      vertex 147 104 2
    endloop
  endfacet
  facet normal 0 0 1
    outer loop
      vertex 147 87.5 2
      vertex 160 87.5 2
      vertex 147 91 2
    endloop
  endfacet
  facet normal 0 0 1
    outer loop
      vertex 147 91 2
      vertex 160 87.5 2
      vertex 160 91 2
    endloop
  endfacet
  facet normal 0 0 1
    outer loop
      vertex 180 0 2
      vertex 180 130 2
      vertex 160 74.5 2
    endloop
  endfacet
  facet normal 0 0 1
    outer loop
      vertex 160 74.5 2
      vertex 180 130 2
      vertex 160 87.5 2
    endloop
  endfacet
  facet normal 0 0 1
    outer loop
      vertex 143.5 91 2
      vertex 147 104 2
      vertex 143.5 104 2
    endloop
  endfacet
  facet normal 0 0 1
    outer loop
      vertex 114 104 2
      vertex 127 104 2
      vertex 180 130 2
    endloop
  endfacet
  facet normal 0 0 1
    outer loop
      vertex 127 104 2
      vertex 130.5 104 2
      vertex 180 130 2
    endloop
  endfacet
  facet normal 0 0 1
    outer loop
      vertex 130.5 104 2
      vertex 143.5 104 2
      vertex 180 130 2
    endloop
  endfacet
  facet normal 0 0 1
    outer loop
      vertex 143.5 104 2
      vertex 147 104 2
      vertex 180 130 2
    endloop
  endfacet
  facet normal 0 0 1
    outer loop
      vertex 160 87.5 2
      vertex 180 130 2
      vertex 160 91 2
    endloop
  endfacet
  facet normal 0 0 1
    outer loop
      vertex 147 104 2
      vertex 160 104 2
      vertex 180 130 2
    endloop
  endfacet
  facet normal 0 0 1
    outer loop
      vertex 160 91 2
      vertex 180 130 2
      vertex 160 104 2
    endloop
  endfacet
  facet normal 0 0 1
    outer loop
      vertex 16 26 1
      vertex 27 26 1
      vertex 27 37 1
    endloop
  endfacet
  facet normal 0 0 1
    outer loop
      vertex 16 26 1
      vertex 27 37 1
      vertex 16 37 1
    endloop
  endfacet
  facet normal 0 1 0
    outer loop
      vertex 16 26 1
      vertex 16 26 4
      vertex 27 26 1
    endloop
  endfacet
  facet normal -1 0 0
    outer loop
      vertex 27 26 1
      vertex 27 26 4
      vertex 27 37 1
    endloop
  endfacet
  facet normal 1 0 0
    outer loop
      vertex 16 26 1
      vertex 16 37 4
      vertex 16 26 4
    endloop
  endfacet
  facet normal 0 1 0
    outer loop
      vertex 27 26 1
      vertex 16 26 4
      vertex 27 26 4
    endloop
  endfacet
  facet normal 1 0 0
    outer loop
      vertex 16 26 1
      vertex 16 37 1
      vertex 16 37 4
    endloop
  endfacet
  facet normal 0 -1 0
    outer loop
      vertex 16 37 1
      vertex 27 37 1
      vertex 27 37 4
    endloop
  endfacet
  facet normal 0 -1 0
    outer loop
      vertex 16 37 1
      vertex 27 37 4
      vertex 16 37 4
    endloop
  endfacet
  facet normal -1 0 0
    outer loop
      vertex 27 37 1
      vertex 27 26 4
      vertex 27 37 4
    endloop
  endfacet
  facet normal 0 0 1
    outer loop
      vertex 16 42.5 1
      vertex 27 53.5 1
      vertex 16 53.5 1
    endloop
  endfacet
  facet normal 0 0 1
    outer loop
      vertex 16 42.5 1
      vertex 27 42.5 1
      vertex 27 53.5 1
    endloop
  endfacet
  facet normal 0 1 0
    outer loop
      vertex 16 42.5 1
      vertex 16 42.5 4
      vertex 27 42.5 1
    endloop
  endfacet
  facet normal 1 0 0
    outer loop
      vertex 16 42.5 1
      vertex 16 53.5 1
      vertex 16 53.5 4
    endloop
  endfacet
  facet normal -1 0 0
    outer loop
      vertex 27 42.5 1
      vertex 27 42.5 4
      vertex 27 53.5 1
    endloop
  endfacet
  facet normal 0 -1 0
    outer loop
      vertex 16 53.5 1
      vertex 27 53.5 1
      vertex 27 53.5 4
    endloop
  endfacet
  facet normal 1 0 0
    outer loop
      vertex 16 42.5 1
      vertex 16 53.5 4
      vertex 16 42.5 4
    endloop
  endfacet
  facet normal 0 -1 0
    outer loop
      vertex 16 53.5 1
      vertex 27 53.5 4
      vertex 16 53.5 4
    endloop
  endfacet
  facet normal 0 1 0
    outer loop
      vertex 27 42.5 1
      vertex 16 42.5 4
      vertex 27 42.5 4
    endloop
  endfacet
  facet normal -1 0 0
    outer loop
      vertex 27 53.5 1
      vertex 27 42.5 4
      vertex 27 53.5 4
    endloop
  endfacet
  facet normal 0 0 1
    outer loop
      vertex 16 59 1
      vertex 27 59 1
      vertex 27 70 1
    endloop
  endfacet
  facet normal 0 1 0
    outer loop
      vertex 16 59 1
      vertex 16 59 4
      vertex 27 59 1
    endloop
  endfacet
  facet normal -1 0 0
    outer loop
      vertex 27 59 1
      vertex 27 59 4
      vertex 27 70 1
    endloop
  endfacet
  facet normal 1 0 0
    outer loop
      vertex 16 59 1
      vertex 16 70 4
      vertex 16 59 4
    endloop
  endfacet
  facet normal 0 1 0
    outer loop
      vertex 27 59 1
      vertex 16 59 4
      vertex 27 59 4
    endloop
  endfacet
  facet normal 0 0 1
    outer loop
      vertex 16 59 1
      vertex 27 70 1
      vertex 16 70 1
    endloop
  endfacet
  facet normal 1 0 0
    outer loop
      vertex 16 59 1
      vertex 16 70 1
      vertex 16 70 4
    endloop
  endfacet
  facet normal 0 -1 0
    outer loop
      vertex 16 70 1
      vertex 27 70 1
      vertex 27 70 4
    endloop
  endfacet
  facet normal 0 -1 0
    outer loop
      vertex 16 70 1
      vertex 27 70 4
      vertex 16 70 4
    endloop
  endfacet
  facet normal -1 0 0
    outer loop
      vertex 27 70 1
      vertex 27 59 4
      vertex 27 70 4
    endloop
  endfacet
  facet normal 0 0 1
    outer loop
      vertex 16 75.5 1
      vertex 27 86.5 1
      vertex 16 86.5 1
    endloop
  endfacet
  facet normal 0 0 1
    outer loop
      vertex 16 75.5 1
      vertex 27 75.5 1
      vertex 27 86.5 1
    endloop
  endfacet
  facet normal 0 1 0
    outer loop
      vertex 16 75.5 1
      vertex 16 75.5 4
      vertex 27 75.5 1
    endloop
  endfacet
  facet normal 1 0 0
    outer loop
      vertex 16 75.5 1
      vertex 16 86.5 1
      vertex 16 86.5 4
    endloop
  endfacet
  facet normal -1 0 0
    outer loop
      vertex 27 75.5 1
      vertex 27 75.5 4
      vertex 27 86.5 1
    endloop
  endfacet
  facet normal 0 -1 0
    outer loop
      vertex 16 86.5 1
      vertex 27 86.5 1
      vertex 27 86.5 4
    endloop
  endfacet
  facet normal 1 0 0
    outer loop
      vertex 16 75.5 1
      vertex 16 86.5 4
      vertex 16 75.5 4
    endloop
  endfacet
  facet normal 0 -1 0
    outer loop
      vertex 16 86.5 1
      vertex 27 86.5 4
      vertex 16 86.5 4
    endloop
  endfacet
  facet normal 0 1 0
    outer loop
      vertex 27 75.5 1
      vertex 16 75.5 4
      vertex 27 75.5 4
    endloop
  endfacet
  facet normal -1 0 0
    outer loop
      vertex 27 86.5 1
      vertex 27 75.5 4
      vertex 27 86.5 4
    endloop
  endfacet
  facet normal 0 0 1
    outer loop
      vertex 16 92 1
      vertex 27 92 1
      vertex 27 103 1
    endloop
  endfacet
  facet normal 0 0 1
    outer loop
      vertex 16 92 1
      vertex 27 103 1
      vertex 16 103 1
    endloop
  endfacet
  facet normal 0 1 0
    outer loop
      vertex 16 92 1
      vertex 16 92 4
      vertex 27 92 1
    endloop
  endfacet
  facet normal -1 0 0
    outer loop
      vertex 27 92 1
      vertex 27 92 4
      vertex 27 103 1
    endloop
  endfacet
  facet normal 1 0 0
    outer loop
      vertex 16 92 1
      vertex 16 103 4
      vertex 16 92 4
    endloop
  endfacet
  facet normal 0 1 0
    outer loop
      vertex 27 92 1
      vertex 16 92 4
      vertex 27 92 4
    endloop
  endfacet
  facet normal 1 0 0
    outer loop
      vertex 16 92 1
      vertex 16 103 1
      vertex 16 103 4
    endloop
  endfacet
  facet normal 0 -1 0
    outer loop
      vertex 16 103 1
      vertex 27 103 1
      vertex 27 103 4
    endloop
  endfacet
  facet normal 0 -1 0
    outer loop
      vertex 16 103 1
      vertex 27 103 4
      vertex 16 103 4
    endloop
  endfacet
  facet normal -1 0 0
    outer loop
      vertex 27 103 1
      vertex 27 92 4
      vertex 27 103 4
    endloop
  endfacet
  facet normal 0 0 1
    outer loop
      vertex 32.5 26 1
      vertex 43.5 26 1
      vertex 43.5 37 1
    endloop
  endfacet
  facet normal 0 0 1
    outer loop
      vertex 32.5 26 1
      vertex 43.5 37 1
      vertex 32.5 37 1
    endloop
  endfacet
  facet normal 0 1 0
    outer loop
      vertex 32.5 26 1
      vertex 32.5 26 4
      vertex 43.5 26 1
    endloop
  endfacet
  facet normal -1 0 0
    outer loop
      vertex 43.5 26 1
      vertex 43.5 26 4
      vertex 43.5 37 1
    endloop
  endfacet
  facet normal 1 0 0
    outer loop
      vertex 32.5 26 1
      vertex 32.5 37 4
      vertex 32.5 26 4
    endloop
  endfacet
  facet normal 0 1 0
    outer loop
      vertex 43.5 26 1
      vertex 32.5 26 4
      vertex 43.5 26 4
    endloop
  endfacet
  facet normal 1 0 0
    outer loop
      vertex 32.5 26 1
      vertex 32.5 37 1
      vertex 32.5 37 4
    endloop
  endfacet
  facet normal 0 -1 0
    outer loop
      vertex 32.5 37 1
      vertex 43.5 37 1
      vertex 43.5 37 4
    endloop
  endfacet
  facet normal 0 -1 0
    outer loop
      vertex 32.5 37 1
      vertex 43.5 37 4
      vertex 32.5 37 4
    endloop
  endfacet
  facet normal -1 0 0
    outer loop
      vertex 43.5 37 1
      vertex 43.5 26 4
      vertex 43.5 37 4
    endloop
  endfacet
  facet normal 0 0 1
    outer loop
      vertex 32.5 42.5 1
      vertex 43.5 42.5 1
      vertex 43.5 53.5 1
    endloop
  endfacet
  facet normal 0 0 1
    outer loop
      vertex 32.5 42.5 1
      vertex 43.5 53.5 1
      vertex 32.5 53.5 1
    endloop
  endfacet
  facet normal 0 1 0
    outer loop
      vertex 32.5 42.5 1
      vertex 32.5 42.5 4
      vertex 43.5 42.5 1
    endloop
  endfacet
  facet normal -1 0 0
    outer loop
      vertex 43.5 42.5 1
      vertex 43.5 42.5 4
      vertex 43.5 53.5 1
    endloop
  endfacet
  facet normal 1 0 0
    outer loop
      vertex 32.5 42.5 1
      vertex 32.5 53.5 1
      vertex 32.5 53.5 4
    endloop
  endfacet
  facet normal 0 -1 0
    outer loop
      vertex 32.5 53.5 1
      vertex 43.5 53.5 1
      vertex 43.5 53.5 4
    endloop
  endfacet
  facet normal 1 0 0
    outer loop
      vertex 32.5 42.5 1
      vertex 32.5 53.5 4
      vertex 32.5 42.5 4
    endloop
  endfacet
  facet normal 0 1 0
    outer loop
      vertex 43.5 42.5 1
      vertex 32.5 42.5 4
      vertex 43.5 42.5 4
    endloop
  endfacet
  facet normal 0 -1 0
    outer loop
      vertex 32.5 53.5 1
      vertex 43.5 53.5 4
      vertex 32.5 53.5 4
    endloop
  endfacet
  facet normal -1 0 0
    outer loop
      vertex 43.5 53.5 1
      vertex 43.5 42.5 4
      vertex 43.5 53.5 4
    endloop
  endfacet
  facet normal 0 0 1
    outer loop
      vertex 32.5 59 1
      vertex 43.5 59 1
      vertex 43.5 70 1
    endloop
  endfacet
  facet normal 0 1 0
    outer loop
      vertex 32.5 59 1
      vertex 32.5 59 4
      vertex 43.5 59 1
    endloop
  endfacet
  facet normal -1 0 0
    outer loop
      vertex 43.5 59 1
      vertex 43.5 59 4
      vertex 43.5 70 1
    endloop
  endfacet
  facet normal 1 0 0
    outer loop
      vertex 32.5 59 1
      vertex 32.5 70 4
      vertex 32.5 59 4
    endloop
  endfacet
  facet normal 0 1 0
    outer loop
      vertex 43.5 59 1
      vertex 32.5 59 4
      vertex 43.5 59 4
    endloop
  endfacet
  facet normal 0 0 1
    outer loop
      vertex 32.5 59 1
      vertex 43.5 70 1
      vertex 32.5 70 1
    endloop
  endfacet
  facet normal 1 0 0
    outer loop
      vertex 32.5 59 1
      vertex 32.5 70 1
      vertex 32.5 70 4
    endloop
  endfacet
  facet normal 0 -1 0
    outer loop
      vertex 32.5 70 1
      vertex 43.5 70 1
      vertex 43.5 70 4
    endloop
  endfacet
  facet normal 0 -1 0
    outer loop
      vertex 32.5 70 1
      vertex 43.5 70 4
      vertex 32.5 70 4
    endloop
  endfacet
  facet normal -1 0 0
    outer loop
      vertex 43.5 70 1
      vertex 43.5 59 4
      vertex 43.5 70 4
    endloop
  endfacet
  facet normal 0 0 1
    outer loop
      vertex 32.5 75.5 1
      vertex 43.5 75.5 1
      vertex 43.5 86.5 1
    endloop
  endfacet
  facet normal 0 0 1
    outer loop
      vertex 32.5 75.5 1
      vertex 43.5 86.5 1
      vertex 32.5 86.5 1
    endloop
  endfacet
  facet normal 0 1 0
    outer loop
      vertex 32.5 75.5 1
      vertex 32.5 75.5 4
      vertex 43.5 75.5 1
    endloop
  endfacet
  facet normal -1 0 0
    outer loop
      vertex 43.5 75.5 1
      vertex 43.5 75.5 4
      vertex 43.5 86.5 1
    endloop
  endfacet
  facet normal 1 0 0
    outer loop
      vertex 32.5 75.5 1
      vertex 32.5 86.5 1
      vertex 32.5 86.5 4
    endloop
  endfacet
  facet normal 0 -1 0
    outer loop
      vertex 32.5 86.5 1
      vertex 43.5 86.5 1
      vertex 43.5 86.5 4
    endloop
  endfacet
  facet normal 1 0 0
    outer loop
      vertex 32.5 75.5 1
      vertex 32.5 86.5 4
      vertex 32.5 75.5 4
    endloop
  endfacet
  facet normal 0 1 0
    outer loop
      vertex 43.5 75.5 1
      vertex 32.5 75.5 4
      vertex 43.5 75.5 4
    endloop
  endfacet
  facet normal 0 -1 0
    outer loop
      vertex 32.5 86.5 1
      vertex 43.5 86.5 4
      vertex 32.5 86.5 4
    endloop
  endfacet
  facet normal -1 0 0
    outer loop
      vertex 43.5 86.5 1
      vertex 43.5 75.5 4
      vertex 43.5 86.5 4
    endloop
  endfacet
  facet normal 0 0 1
    outer loop
      vertex 32.5 92 1
      vertex 43.5 92 1
      vertex 43.5 103 1
    endloop
  endfacet
  facet normal 0 0 1
    outer loop
      vertex 32.5 92 1
      vertex 43.5 103 1
      vertex 32.5 103 1
    endloop
  endfacet
  facet normal 0 1 0
    outer loop
      vertex 32.5 92 1
      vertex 32.5 92 4
      vertex 43.5 92 1
    endloop
  endfacet
  facet normal -1 0 0
    outer loop
      vertex 43.5 92 1
      vertex 43.5 92 4
      vertex 43.5 103 1
    endloop
  endfacet
  facet normal 1 0 0
    outer loop
      vertex 32.5 92 1
      vertex 32.5 103 4
      vertex 32.5 92 4
    endloop
  endfacet
  facet normal 0 1 0
    outer loop
      vertex 43.5 92 1
      vertex 32.5 92 4
      vertex 43.5 92 4
    endloop
  endfacet
  facet normal 1 0 0
    outer loop
      vertex 32.5 92 1
      vertex 32.5 103 1
      vertex 32.5 103 4
    endloop
  endfacet
  facet normal 0 -1 0
    outer loop
      vertex 32.5 103 1
      vertex 43.5 103 1
      vertex 43.5 103 4
    endloop
  endfacet
  facet normal 0 -1 0
    outer loop
      vertex 32.5 103 1
      vertex 43.5 103 4
      vertex 32.5 103 4
    endloop
  endfacet
  facet normal -1 0 0
    outer loop
      vertex 43.5 103 1
      vertex 43.5 92 4
      vertex 43.5 103 4
    endloop
  endfacet
  facet normal 0 0 1
    outer loop
      vertex 49 26 1
      vertex 60 26 1
      vertex 60 37 1
    endloop
  endfacet
  facet normal 0 0 1
    outer loop
      vertex 49 26 1
      vertex 60 37 1
      vertex 49 37 1
    endloop
  endfacet
  facet normal 0 1 0
    outer loop
      vertex 49 26 1
      vertex 49 26 4
      vertex 60 26 1
    endloop
  endfacet
  facet normal -1 0 0
    outer loop
      vertex 60 26 1
      vertex 60 26 4
      vertex 60 37 1
    endloop
  endfacet
  facet normal 1 0 0
    outer loop
      vertex 49 26 1
      vertex 49 37 4
      vertex 49 26 4
    endloop
  endfacet
  facet normal 0 1 0
    outer loop
      vertex 60 26 1
      vertex 49 26 4
      vertex 60 26 4
    endloop
  endfacet
  facet normal 1 0 0
    outer loop
      vertex 49 26 1
      vertex 49 37 1
      vertex 49 37 4
    endloop
  endfacet
  facet normal 0 -1 0
    outer loop
      vertex 49 37 1
      vertex 60 37 1
      vertex 60 37 4
    endloop
  endfacet
  facet normal 0 -1 0
    outer loop
      vertex 49 37 1
      vertex 60 37 4
      vertex 49 37 4
    endloop
  endfacet
  facet normal -1 0 0
    outer loop
      vertex 60 37 1
      vertex 60 26 4
      vertex 60 37 4
    endloop
  endfacet
  facet normal 0 0 1
    outer loop
      vertex 49 42.5 1
      vertex 60 42.5 1
      vertex 60 53.5 1
    endloop
  endfacet
  facet normal 0 0 1
    outer loop
      vertex 49 42.5 1
      vertex 60 53.5 1
      vertex 49 53.5 1
    endloop
  endfacet
  facet normal 0 1 0
    outer loop
      vertex 49 42.5 1
      vertex 49 42.5 4
      vertex 60 42.5 1
    endloop
  endfacet
  facet normal -1 0 0
    outer loop
      vertex 60 42.5 1
      vertex 60 42.5 4
      vertex 60 53.5 1
    endloop
  endfacet
  facet normal 1 0 0
    outer loop
      vertex 49 42.5 1
      vertex 49 53.5 1
      vertex 49 53.5 4
    endloop
  endfacet
  facet normal 0 -1 0
    outer loop
      vertex 49 53.5 1
      vertex 60 53.5 1
      vertex 60 53.5 4
    endloop
  endfacet
  facet normal 1 0 0
    outer loop
      vertex 49 42.5 1
      vertex 49 53.5 4
      vertex 49 42.5 4
    endloop
  endfacet
  facet normal 0 1 0
    outer loop
      vertex 60 42.5 1
      vertex 49 42.5 4
      vertex 60 42.5 4
    endloop
  endfacet
  facet normal 0 -1 0
    outer loop
      vertex 49 53.5 1
      vertex 60 53.5 4
      vertex 49 53.5 4
    endloop
  endfacet
  facet normal -1 0 0
    outer loop
      vertex 60 53.5 1
      vertex 60 42.5 4
      vertex 60 53.5 4
    endloop
  endfacet
  facet normal 0 0 1
    outer loop
      vertex 49 59 1
      vertex 60 59 1
      vertex 60 70 1
    endloop
  endfacet
  facet normal 0 1 0
    outer loop
      vertex 49 59 1
      vertex 49 59 4
      vertex 60 59 1
    endloop
  endfacet
  facet normal -1 0 0
    outer loop
      vertex 60 59 1
      vertex 60 59 4
      vertex 60 70 1
    endloop
  endfacet
  facet normal 1 0 0
    outer loop
      vertex 49 59 1
      vertex 49 70 4
      vertex 49 59 4
    endloop
  endfacet
  facet normal 0 1 0
    outer loop
      vertex 60 59 1
      vertex 49 59 4
      vertex 60 59 4
    endloop
  endfacet
  facet normal 0 0 1
    outer loop
      vertex 49 59 1
      vertex 60 70 1
      vertex 49 70 1
    endloop
  endfacet
  facet normal 1 0 0
    outer loop
      vertex 49 59 1
      vertex 49 70 1
      vertex 49 70 4
    endloop
  endfacet
  facet normal 0 -1 0
    outer loop
      vertex 49 70 1
      vertex 60 70 1
      vertex 60 70 4
    endloop
  endfacet
  facet normal 0 -1 0
    outer loop
      vertex 49 70 1
      vertex 60 70 4
      vertex 49 70 4
    endloop
  endfacet
  facet normal -1 0 0
    outer loop
      vertex 60 70 1
      vertex 60 59 4
      vertex 60 70 4
    endloop
  endfacet
  facet normal 0 0 1
    outer loop
      vertex 49 75.5 1
      vertex 60 75.5 1
      vertex 60 86.5 1
    endloop
  endfacet
  facet normal 0 0 1
    outer loop
      vertex 49 75.5 1
      vertex 60 86.5 1
      vertex 49 86.5 1
    endloop
  endfacet
  facet normal 0 1 0
    outer loop
      vertex 49 75.5 1
      vertex 49 75.5 4
      vertex 60 75.5 1
    endloop
  endfacet
  facet normal -1 0 0
    outer loop
      vertex 60 75.5 1
      vertex 60 75.5 4
      vertex 60 86.5 1
    endloop
  endfacet
  facet normal 1 0 0
    outer loop
      vertex 49 75.5 1
      vertex 49 86.5 1
      vertex 49 86.5 4
    endloop
  endfacet
  facet normal 0 -1 0
    outer loop
      vertex 49 86.5 1
      vertex 60 86.5 1
      vertex 60 86.5 4
    endloop
  endfacet
  facet normal 1 0 0
    outer loop
      vertex 49 75.5 1
      vertex 49 86.5 4
      vertex 49 75.5 4
    endloop
  endfacet
  facet normal 0 1 0
    outer loop
      vertex 60 75.5 1
      vertex 49 75.5 4
      vertex 60 75.5 4
    endloop
  endfacet
  facet normal 0 -1 0
    outer loop
      vertex 49 86.5 1
      vertex 60 86.5 4
      vertex 49 86.5 4
    endloop
  endfacet
  facet normal -1 0 0
    outer loop
      vertex 60 86.5 1
      vertex 60 75.5 4
      vertex 60 86.5 4
    endloop
  endfacet
  facet normal 0 0 1
    outer loop
      vertex 49 92 1
      vertex 60 92 1
      vertex 60 103 1
    endloop
  endfacet
  facet normal 0 0 1
    outer loop
      vertex 49 92 1
      vertex 60 103 1
      vertex 49 103 1
    endloop
  endfacet
  facet normal 0 1 0
    outer loop
      vertex 49 92 1
      vertex 49 92 4
      vertex 60 92 1
    endloop
  endfacet
  facet normal -1 0 0
    outer loop
      vertex 60 92 1
      vertex 60 92 4
      vertex 60 103 1
    endloop
  endfacet
  facet normal 1 0 0
    outer loop
      vertex 49 92 1
      vertex 49 103 4
      vertex 49 92 4
    endloop
  endfacet
  facet normal 0 1 0
    outer loop
      vertex 60 92 1
      vertex 49 92 4
      vertex 60 92 4
    endloop
  endfacet
  facet normal 1 0 0
    outer loop
      vertex 49 92 1
      vertex 49 103 1
      vertex 49 103 4
    endloop
  endfacet
  facet normal 0 -1 0
    outer loop
      vertex 49 103 1
      vertex 60 103 1
      vertex 60 103 4
    endloop
  endfacet
  facet normal 0 -1 0
    outer loop
      vertex 49 103 1
      vertex 60 103 4
      vertex 49 103 4
    endloop
  endfacet
  facet normal -1 0 0
    outer loop
      vertex 60 103 1
      vertex 60 92 4
      vertex 60 103 4
    endloop
  endfacet
  facet normal 0 0 1
    outer loop
      vertex 65.5 26 1
      vertex 76.5 26 1
      vertex 76.5 37 1
    endloop
  endfacet
  facet normal 0 0 1
    outer loop
      vertex 65.5 26 1
      vertex 76.5 37 1
      vertex 65.5 37 1
    endloop
  endfacet
  facet normal 0 1 0
    outer loop
      vertex 65.5 26 1
      vertex 65.5 26 4
      vertex 76.5 26 1
    endloop
  endfacet
  facet normal -1 0 0
    outer loop
      vertex 76.5 26 1
      vertex 76.5 26 4
      vertex 76.5 37 1
    endloop
  endfacet
  facet normal 1 0 0
    outer loop
      vertex 65.5 26 1
      vertex 65.5 37 4
      vertex 65.5 26 4
    endloop
  endfacet
  facet normal 0 1 0
    outer loop
      vertex 76.5 26 1
      vertex 65.5 26 4
      vertex 76.5 26 4
    endloop
  endfacet
  facet normal 1 0 0
    outer loop
      vertex 65.5 26 1
      vertex 65.5 37 1
      vertex 65.5 37 4
    endloop
  endfacet
  facet normal 0 -1 0
    outer loop
      vertex 65.5 37 1
      vertex 76.5 37 1
      vertex 76.5 37 4
    endloop
  endfacet
  facet normal 0 -1 0
    outer loop
      vertex 65.5 37 1
      vertex 76.5 37 4
      vertex 65.5 37 4
    endloop
  endfacet
  facet normal -1 0 0
    outer loop
      vertex 76.5 37 1
      vertex 76.5 26 4
      vertex 76.5 37 4
    endloop
  endfacet
  facet normal 0 0 1
    outer loop
      vertex 65.5 42.5 1
      vertex 76.5 42.5 1
      vertex 76.5 53.5 1
    endloop
  endfacet
  facet normal 0 0 1
    outer loop
      vertex 65.5 42.5 1
      vertex 76.5 53.5 1
      vertex 65.5 53.5 1
    endloop
  endfacet
  facet normal 1 0 0
    outer loop
      vertex 65.5 42.5 1
      vertex 65.5 53.5 1
      vertex 65.5 53.5 4
    endloop
  endfacet
  facet normal 0 1 0
    outer loop
      vertex 65.5 42.5 1
      vertex 65.5 42.5 4
      vertex 76.5 42.5 1
    endloop
  endfacet
  facet normal -1 0 0
    outer loop
      vertex 76.5 42.5 1
      vertex 76.5 42.5 4
      vertex 76.5 53.5 1
    endloop
  endfacet
  facet normal 0 -1 0
    outer loop
      vertex 65.5 53.5 1
      vertex 76.5 53.5 1
      vertex 76.5 53.5 4
    endloop
  endfacet
  facet normal 1 0 0
    outer loop
      vertex 65.5 42.5 1
      vertex 65.5 53.5 4
      vertex 65.5 42.5 4
    endloop
  endfacet
  facet normal 0 1 0
    outer loop
      vertex 76.5 42.5 1
      vertex 65.5 42.5 4
      vertex 76.5 42.5 4
    endloop
  endfacet
  facet normal 0 -1 0
    outer loop
      vertex 65.5 53.5 1
      vertex 76.5 53.5 4
      vertex 65.5 53.5 4
    endloop
  endfacet
  facet normal -1 0 0
    outer loop
      vertex 76.5 53.5 1
      vertex 76.5 42.5 4
      vertex 76.5 53.5 4
    endloop
  endfacet
  facet normal 0 0 1
    outer loop
      vertex 65.5 59 1
      vertex 76.5 59 1
      vertex 76.5 70 1
    endloop
  endfacet
  facet normal 0 1 0
    outer loop
      vertex 65.5 59 1
      vertex 65.5 59 4
      vertex 76.5 59 1
    endloop
  endfacet
  facet normal -1 0 0
    outer loop
      vertex 76.5 59 1
      vertex 76.5 59 4
      vertex 76.5 70 1
    endloop
  endfacet
  facet normal 1 0 0
    outer loop
      vertex 65.5 59 1
      vertex 65.5 70 4
      vertex 65.5 59 4
    endloop
  endfacet
  facet normal 0 1 0
    outer loop
      vertex 76.5 59 1
      vertex 65.5 59 4
      vertex 76.5 59 4
    endloop
  endfacet
  facet normal 0 0 1
    outer loop
      vertex 65.5 59 1
      vertex 76.5 70 1
      vertex 65.5 70 1
    endloop
  endfacet
  facet normal 1 0 0
    outer loop
      vertex 65.5 59 1
      vertex 65.5 70 1
      vertex 65.5 70 4
    endloop
  endfacet
  facet normal 0 -1 0
    outer loop
      vertex 65.5 70 1
      vertex 76.5 70 1
      vertex 76.5 70 4
    endloop
  endfacet
  facet normal 0 -1 0
    outer loop
      vertex 65.5 70 1
      vertex 76.5 70 4
      vertex 65.5 70 4
    endloop
  endfacet
  facet normal -1 0 0
    outer loop
      vertex 76.5 70 1
      vertex 76.5 59 4
      vertex 76.5 70 4
    endloop
  endfacet
  facet normal 0 0 1
    outer loop
      vertex 65.5 75.5 1
      vertex 76.5 75.5 1
      vertex 76.5 86.5 1
    endloop
  endfacet
  facet normal 0 0 1
    outer loop
      vertex 65.5 75.5 1
      vertex 76.5 86.5 1
      vertex 65.5 86.5 1
    endloop
  endfacet
  facet normal 1 0 0
    outer loop
      vertex 65.5 75.5 1
      vertex 65.5 86.5 1
      vertex 65.5 86.5 4
    endloop
  endfacet
  facet normal 0 1 0
    outer loop
      vertex 65.5 75.5 1
      vertex 65.5 75.5 4
      vertex 76.5 75.5 1
    endloop
  endfacet
  facet normal -1 0 0
    outer loop
      vertex 76.5 75.5 1
      vertex 76.5 75.5 4
      vertex 76.5 86.5 1
    endloop
  endfacet
  facet normal 0 -1 0
    outer loop
      vertex 65.5 86.5 1
      vertex 76.5 86.5 1
      vertex 76.5 86.5 4
    endloop
  endfacet
  facet normal 1 0 0
    outer loop
      vertex 65.5 75.5 1
      vertex 65.5 86.5 4
      vertex 65.5 75.5 4
    endloop
  endfacet
  facet normal 0 1 0
    outer loop
      vertex 76.5 75.5 1
      vertex 65.5 75.5 4
      vertex 76.5 75.5 4
    endloop
  endfacet
  facet normal 0 -1 0
    outer loop
      vertex 65.5 86.5 1
      vertex 76.5 86.5 4
      vertex 65.5 86.5 4
    endloop
  endfacet
  facet normal -1 0 0
    outer loop
      vertex 76.5 86.5 1
      vertex 76.5 75.5 4
      vertex 76.5 86.5 4
    endloop
  endfacet
  facet normal 0 0 1
    outer loop
      vertex 65.5 92 1
      vertex 76.5 92 1
      vertex 76.5 103 1
    endloop
  endfacet
  facet normal 0 0 1
    outer loop
      vertex 65.5 92 1
      vertex 76.5 103 1
      vertex 65.5 103 1
    endloop
  endfacet
  facet normal 0 1 0
    outer loop
      vertex 65.5 92 1
      vertex 65.5 92 4
      vertex 76.5 92 1
    endloop
  endfacet
  facet normal -1 0 0
    outer loop
      vertex 76.5 92 1
      vertex 76.5 92 4
      vertex 76.5 103 1
    endloop
  endfacet
  facet normal 1 0 0
    outer loop
      vertex 65.5 92 1
      vertex 65.5 103 4
      vertex 65.5 92 4
    endloop
  endfacet
  facet normal 0 1 0
    outer loop
      vertex 76.5 92 1
      vertex 65.5 92 4
      vertex 76.5 92 4
    endloop
  endfacet
  facet normal 1 0 0
    outer loop
      vertex 65.5 92 1
      vertex 65.5 103 1
      vertex 65.5 103 4
    endloop
  endfacet
  facet normal 0 -1 0
    outer loop
      vertex 65.5 103 1
      vertex 76.5 103 1
      vertex 76.5 103 4
    endloop
  endfacet
  facet normal 0 -1 0
    outer loop
      vertex 65.5 103 1
      vertex 76.5 103 4
      vertex 65.5 103 4
    endloop
  endfacet
  facet normal -1 0 0
    outer loop
      vertex 76.5 103 1
      vertex 76.5 92 4
      vertex 76.5 103 4
    endloop
  endfacet
  facet normal 0 0 1
    outer loop
      vertex 82 26 1
      vertex 93 26 1
      vertex 93 37 1
    endloop
  endfacet
  facet normal 0 0 1
    outer loop
      vertex 82 26 1
      vertex 93 37 1
      vertex 82 37 1
    endloop
  endfacet
  facet normal 0 1 0
    outer loop
      vertex 82 26 1
      vertex 82 26 4
      vertex 93 26 1
    endloop
  endfacet
  facet normal 1 0 0
    outer loop
      vertex 82 26 1
      vertex 82 37 4
      vertex 82 26 4
    endloop
  endfacet
  facet normal 0 1 0
    outer loop
      vertex 93 26 1
      vertex 82 26 4
      vertex 93 26 4
    endloop
  endfacet
  facet normal 1 0 0
    outer loop
      vertex 82 26 1
      vertex 82 37 1
      vertex 82 37 4
    endloop
  endfacet
  facet normal 0 -1 0
    outer loop
      vertex 82 37 1
      vertex 93 37 1
      vertex 93 37 4
    endloop
  endfacet
  facet normal 0 -1 0
    outer loop
      vertex 82 37 1
      vertex 93 37 4
      vertex 82 37 4
    endloop
  endfacet
  facet normal -1 0 0
    outer loop
      vertex 93 26 1
      vertex 93 26 4
      vertex 93 37 1
    endloop
  endfacet
  facet normal -1 0 0
    outer loop
      vertex 93 37 1
      vertex 93 26 4
      vertex 93 37 4
    endloop
  endfacet
  facet normal 0 0 1
    outer loop
      vertex 82 42.5 1
      vertex 93 42.5 1
      vertex 93 53.5 1
    endloop
  endfacet
  facet normal 0 0 1
    outer loop
      vertex 82 42.5 1
      vertex 93 53.5 1
      vertex 82 53.5 1
    endloop
  endfacet
  facet normal 0 1 0
    outer loop
      vertex 82 42.5 1
      vertex 82 42.5 4
      vertex 93 42.5 1
    endloop
  endfacet
  facet normal 1 0 0
    outer loop
      vertex 82 42.5 1
      vertex 82 53.5 1
      vertex 82 53.5 4
    endloop
  endfacet
  facet normal 0 -1 0
    outer loop
      vertex 82 53.5 1
      vertex 93 53.5 1
      vertex 93 53.5 4
    endloop
  endfacet
  facet normal 1 0 0
    outer loop
      vertex 82 42.5 1
      vertex 82 53.5 4
      vertex 82 42.5 4
    endloop
  endfacet
  facet normal 0 1 0
    outer loop
      vertex 93 42.5 1
      vertex 82 42.5 4
      vertex 93 42.5 4
    endloop
  endfacet
  facet normal 0 -1 0
    outer loop
      vertex 82 53.5 1
      vertex 93 53.5 4
      vertex 82 53.5 4
    endloop
  endfacet
  facet normal -1 0 0
    outer loop
      vertex 93 42.5 1
      vertex 93 42.5 4
      vertex 93 53.5 1
    endloop
  endfacet
  facet normal -1 0 0
    outer loop
      vertex 93 53.5 1
      vertex 93 42.5 4
      vertex 93 53.5 4
    endloop
  endfacet
  facet normal 0 0 1
    outer loop
      vertex 82 59 1
      vertex 93 59 1
      vertex 93 70 1
    endloop
  endfacet
  facet normal 0 1 0
    outer loop
      vertex 82 59 1
      vertex 82 59 4
      vertex 93 59 1
    endloop
  endfacet
  facet normal 1 0 0
    outer loop
      vertex 82 59 1
      vertex 82 70 4
      vertex 82 59 4
    endloop
  endfacet
  facet normal 0 1 0
    outer loop
      vertex 93 59 1
      vertex 82 59 4
      vertex 93 59 4
    endloop
  endfacet
  facet normal 0 0 1
    outer loop
      vertex 82 59 1
      vertex 93 70 1
      vertex 82 70 1
    endloop
  endfacet
  facet normal 1 0 0
    outer loop
      vertex 82 59 1
      vertex 82 70 1
      vertex 82 70 4
    endloop
  endfacet
  facet normal 0 -1 0
    outer loop
      vertex 82 70 1
      vertex 93 70 1
      vertex 93 70 4
    endloop
  endfacet
  facet normal 0 -1 0
    outer loop
      vertex 82 70 1
      vertex 93 70 4
      vertex 82 70 4
    endloop
  endfacet
  facet normal -1 0 0
    outer loop
      vertex 93 59 1
      vertex 93 59 4
      vertex 93 70 1
    endloop
  endfacet
  facet normal -1 0 0
    outer loop
      vertex 93 70 1
      vertex 93 59 4
      vertex 93 70 4
    endloop
  endfacet
  facet normal 0 0 1
    outer loop
      vertex 82 75.5 1
      vertex 93 75.5 1
      vertex 93 86.5 1
    endloop
  endfacet
  facet normal 0 0 1
    outer loop
      vertex 82 75.5 1
      vertex 93 86.5 1
      vertex 82 86.5 1
    endloop
  endfacet
  facet normal 0 1 0
    outer loop
      vertex 82 75.5 1
      vertex 82 75.5 4
      vertex 93 75.5 1
    endloop
  endfacet
  facet normal 1 0 0
    outer loop
      vertex 82 75.5 1
      vertex 82 86.5 1
      vertex 82 86.5 4
    endloop
  endfacet
  facet normal 0 -1 0
    outer loop
      vertex 82 86.5 1
      vertex 93 86.5 1
      vertex 93 86.5 4
    endloop
  endfacet
  facet normal 1 0 0
    outer loop
      vertex 82 75.5 1
      vertex 82 86.5 4
      vertex 82 75.5 4
    endloop
  endfacet
  facet normal 0 1 0
    outer loop
      vertex 93 75.5 1
      vertex 82 75.5 4
      vertex 93 75.5 4
    endloop
  endfacet
  facet normal 0 -1 0
    outer loop
      vertex 82 86.5 1
      vertex 93 86.5 4
      vertex 82 86.5 4
    endloop
  endfacet
  facet normal -1 0 0
    outer loop
      vertex 93 75.5 1
      vertex 93 75.5 4
      vertex 93 86.5 1
    endloop
  endfacet
  facet normal -1 0 0
    outer loop
      vertex 93 86.5 1
      vertex 93 75.5 4
      vertex 93 86.5 4
    endloop
  endfacet
  facet normal 0 0 1
    outer loop
      vertex 82 92 1
      vertex 93 92 1
      vertex 93 103 1
    endloop
  endfacet
  facet normal 0 0 1
    outer loop
      vertex 82 92 1
      vertex 93 103 1
      vertex 82 103 1
    endloop
  endfacet
  facet normal 0 1 0
    outer loop
      vertex 82 92 1
      vertex 82 92 4
      vertex 93 92 1
    endloop
  endfacet
  facet normal 1 0 0
    outer loop
      vertex 82 92 1
      vertex 82 103 4
      vertex 82 92 4
    endloop
  endfacet
  facet normal 0 1 0
    outer loop
      vertex 93 92 1
      vertex 82 92 4
      vertex 93 92 4
    endloop
  endfacet
  facet normal 1 0 0
    outer loop
      vertex 82 92 1
      vertex 82 103 1
      vertex 82 103 4
    endloop
  endfacet
  facet normal 0 -1 0
    outer loop
      vertex 82 103 1
      vertex 93 103 1
      vertex 93 103 4
    endloop
  endfacet
  facet normal 0 -1 0
    outer loop
      vertex 82 103 1
      vertex 93 103 4
      vertex 82 103 4
    endloop
  endfacet
  facet normal -1 0 0
    outer loop
      vertex 93 92 1
      vertex 93 92 4
      vertex 93 103 1
    endloop
  endfacet
  facet normal -1 0 0
    outer loop
      vertex 93 103 1
      vertex 93 92 4
      vertex 93 103 4
    endloop
  endfacet
  facet normal 0 0 1
    outer loop
      vertex 98.5 26 1
      vertex 109.5 26 1
      vertex 109.5 37 1
    endloop
  endfacet
  facet normal 0 0 1
    outer loop
      vertex 98.5 26 1
      vertex 109.5 37 1
      vertex 98.5 37 1
    endloop
  endfacet
  facet normal 0 1 0
    outer loop
      vertex 98.5 26 1
      vertex 98.5 26 4
      vertex 109.5 26 1
    endloop
  endfacet
  facet normal -1 0 0
    outer loop
      vertex 109.5 26 1
      vertex 109.5 26 4
      vertex 109.5 37 1
    endloop
  endfacet
  facet normal 1 0 0
    outer loop
      vertex 98.5 26 1
      vertex 98.5 37 4
      vertex 98.5 26 4
    endloop
  endfacet
  facet normal 0 1 0
    outer loop
      vertex 109.5 26 1
      vertex 98.5 26 4
      vertex 109.5 26 4
    endloop
  endfacet
  facet normal 1 0 0
    outer loop
      vertex 98.5 26 1
      vertex 98.5 37 1
      vertex 98.5 37 4
    endloop
  endfacet
  facet normal 0 -1 0
    outer loop
      vertex 98.5 37 1
      vertex 109.5 37 1
      vertex 109.5 37 4
    endloop
  endfacet
  facet normal 0 -1 0
    outer loop
      vertex 98.5 37 1
      vertex 109.5 37 4
      vertex 98.5 37 4
    endloop
  endfacet
  facet normal -1 0 0
    outer loop
      vertex 109.5 37 1
      vertex 109.5 26 4
      vertex 109.5 37 4
    endloop
  endfacet
  facet normal 0 0 1
    outer loop
      vertex 98.5 42.5 1
      vertex 109.5 42.5 1
      vertex 109.5 53.5 1
    endloop
  endfacet
  facet normal 0 0 1
    outer loop
      vertex 98.5 42.5 1
      vertex 109.5 53.5 1
      vertex 98.5 53.5 1
    endloop
  endfacet
  facet normal 0 1 0
    outer loop
      vertex 98.5 42.5 1
      vertex 98.5 42.5 4
      vertex 109.5 42.5 1
    endloop
  endfacet
  facet normal -1 0 0
    outer loop
      vertex 109.5 42.5 1
      vertex 109.5 42.5 4
      vertex 109.5 53.5 1
    endloop
  endfacet
  facet normal 1 0 0
    outer loop
      vertex 98.5 42.5 1
      vertex 98.5 53.5 1
      vertex 98.5 53.5 4
    endloop
  endfacet
  facet normal 0 -1 0
    outer loop
      vertex 98.5 53.5 1
      vertex 109.5 53.5 1
      vertex 109.5 53.5 4
    endloop
  endfacet
  facet normal 1 0 0
    outer loop
      vertex 98.5 42.5 1
      vertex 98.5 53.5 4
      vertex 98.5 42.5 4
    endloop
  endfacet
  facet normal 0 1 0
    outer loop
      vertex 109.5 42.5 1
      vertex 98.5 42.5 4
      vertex 109.5 42.5 4
    endloop
  endfacet
  facet normal 0 -1 0
    outer loop
      vertex 98.5 53.5 1
      vertex 109.5 53.5 4
      vertex 98.5 53.5 4
    endloop
  endfacet
  facet normal -1 0 0
    outer loop
      vertex 109.5 53.5 1
      vertex 109.5 42.5 4
      vertex 109.5 53.5 4
    endloop
  endfacet
  facet normal 0 0 1
    outer loop
      vertex 98.5 59 1
      vertex 109.5 59 1
      vertex 109.5 70 1
    endloop
  endfacet
  facet normal 0 1 0
    outer loop
      vertex 98.5 59 1
      vertex 98.5 59 4
      vertex 109.5 59 1
    endloop
  endfacet
  facet normal -1 0 0
    outer loop
      vertex 109.5 59 1
      vertex 109.5 59 4
      vertex 109.5 70 1
    endloop
  endfacet
  facet normal 1 0 0
    outer loop
      vertex 98.5 59 1
      vertex 98.5 70 4
      vertex 98.5 59 4
    endloop
  endfacet
  facet normal 0 1 0
    outer loop
      vertex 109.5 59 1
      vertex 98.5 59 4
      vertex 109.5 59 4
    endloop
  endfacet
  facet normal 0 0 1
    outer loop
      vertex 98.5 59 1
      vertex 109.5 70 1
      vertex 98.5 70 1
    endloop
  endfacet
  facet normal 1 0 0
    outer loop
      vertex 98.5 59 1
      vertex 98.5 70 1
      vertex 98.5 70 4
    endloop
  endfacet
  facet normal 0 -1 0
    outer loop
      vertex 98.5 70 1
      vertex 109.5 70 1
      vertex 109.5 70 4
    endloop
  endfacet
  facet normal 0 -1 0
    outer loop
      vertex 98.5 70 1
      vertex 109.5 70 4
      vertex 98.5 70 4
    endloop
  endfacet
  facet normal -1 0 0
    outer loop
      vertex 109.5 70 1
      vertex 109.5 59 4
      vertex 109.5 70 4
    endloop
  endfacet
  facet normal 0 0 1
    outer loop
      vertex 98.5 75.5 1
      vertex 109.5 75.5 1
      vertex 109.5 86.5 1
    endloop
  endfacet
  facet normal 0 0 1
    outer loop
      vertex 98.5 75.5 1
      vertex 109.5 86.5 1
      vertex 98.5 86.5 1
    endloop
  endfacet
  facet normal 0 1 0
    outer loop
      vertex 98.5 75.5 1
      vertex 98.5 75.5 4
      vertex 109.5 75.5 1
    endloop
  endfacet
  facet normal -1 0 0
    outer loop
      vertex 109.5 75.5 1
      vertex 109.5 75.5 4
      vertex 109.5 86.5 1
    endloop
  endfacet
  facet normal 1 0 0
    outer loop
      vertex 98.5 75.5 1
      vertex 98.5 86.5 1
      vertex 98.5 86.5 4
    endloop
  endfacet
  facet normal 0 -1 0
    outer loop
      vertex 98.5 86.5 1
      vertex 109.5 86.5 1
      vertex 109.5 86.5 4
    endloop
  endfacet
  facet normal 1 0 0
    outer loop
      vertex 98.5 75.5 1
      vertex 98.5 86.5 4
      vertex 98.5 75.5 4
    endloop
  endfacet
  facet normal 0 1 0
    outer loop
      vertex 109.5 75.5 1
      vertex 98.5 75.5 4
      vertex 109.5 75.5 4
    endloop
  endfacet
  facet normal 0 -1 0
    outer loop
      vertex 98.5 86.5 1
      vertex 109.5 86.5 4
      vertex 98.5 86.5 4
    endloop
  endfacet
  facet normal -1 0 0
    outer loop
      vertex 109.5 86.5 1
      vertex 109.5 75.5 4
      vertex 109.5 86.5 4
    endloop
  endfacet
  facet normal 0 0 1
    outer loop
      vertex 98.5 92 1
      vertex 109.5 92 1
      vertex 109.5 103 1
    endloop
  endfacet
  facet normal 0 0 1
    outer loop
      vertex 98.5 92 1
      vertex 109.5 103 1
      vertex 98.5 103 1
    endloop
  endfacet
  facet normal 0 1 0
    outer loop
      vertex 98.5 92 1
      vertex 98.5 92 4
      vertex 109.5 92 1
    endloop
  endfacet
  facet normal -1 0 0
    outer loop
      vertex 109.5 92 1
      vertex 109.5 92 4
      vertex 109.5 103 1
    endloop
  endfacet
  facet normal 1 0 0
    outer loop
      vertex 98.5 92 1
      vertex 98.5 103 4
      vertex 98.5 92 4
    endloop
  endfacet
  facet normal 0 1 0
    outer loop
      vertex 109.5 92 1
      vertex 98.5 92 4
      vertex 109.5 92 4
    endloop
  endfacet
  facet normal 1 0 0
    outer loop
      vertex 98.5 92 1
      vertex 98.5 103 1
      vertex 98.5 103 4
    endloop
  endfacet
  facet normal 0 -1 0
    outer loop
      vertex 98.5 103 1
      vertex 109.5 103 1
      vertex 109.5 103 4
    endloop
  endfacet
  facet normal 0 -1 0
    outer loop
      vertex 98.5 103 1
      vertex 109.5 103 4
      vertex 98.5 103 4
    endloop
  endfacet
  facet normal -1 0 0
    outer loop
      vertex 109.5 103 1
      vertex 109.5 92 4
      vertex 109.5 103 4
    endloop
  endfacet
  facet normal 0 0 1
    outer loop
      vertex 115 26 1
      vertex 126 26 1
      vertex 126 37 1
    endloop
  endfacet
  facet normal 0 0 1
    outer loop
      vertex 115 26 1
      vertex 126 37 1
      vertex 115 37 1
    endloop
  endfacet
  facet normal 0 1 0
    outer loop
      vertex 115 26 1
      vertex 115 26 4
      vertex 126 26 1
    endloop
  endfacet
  facet normal -1 0 0
    outer loop
      vertex 126 26 1
      vertex 126 26 4
      vertex 126 37 1
    endloop
  endfacet
  facet normal 1 0 0
    outer loop
      vertex 115 26 1
      vertex 115 37 4
      vertex 115 26 4
    endloop
  endfacet
  facet normal 0 1 0
    outer loop
      vertex 126 26 1
      vertex 115 26 4
      vertex 126 26 4
    endloop
  endfacet
  facet normal 1 0 0
    outer loop
      vertex 115 26 1
      vertex 115 37 1
      vertex 115 37 4
    endloop
  endfacet
  facet normal 0 -1 0
    outer loop
      vertex 115 37 1
      vertex 126 37 1
      vertex 126 37 4
    endloop
  endfacet
  facet normal 0 -1 0
    outer loop
      vertex 115 37 1
      vertex 126 37 4
      vertex 115 37 4
    endloop
  endfacet
  facet normal -1 0 0
    outer loop
      vertex 126 37 1
      vertex 126 26 4
      vertex 126 37 4
    endloop
  endfacet
  facet normal 0 0 1
    outer loop
      vertex 115 42.5 1
      vertex 126 42.5 1
      vertex 126 53.5 1
    endloop
  endfacet
  facet normal 0 0 1
    outer loop
      vertex 115 42.5 1
      vertex 126 53.5 1
      vertex 115 53.5 1
    endloop
  endfacet
  facet normal 0 1 0
    outer loop
      vertex 115 42.5 1
      vertex 115 42.5 4
      vertex 126 42.5 1
    endloop
  endfacet
  facet normal -1 0 0
    outer loop
      vertex 126 42.5 1
      vertex 126 42.5 4
      vertex 126 53.5 1
    endloop
  endfacet
  facet normal 1 0 0
    outer loop
      vertex 115 42.5 1
      vertex 115 53.5 1
      vertex 115 53.5 4
    endloop
  endfacet
  facet normal 0 -1 0
    outer loop
      vertex 115 53.5 1
      vertex 126 53.5 1
      vertex 126 53.5 4
    endloop
  endfacet
  facet normal 1 0 0
    outer loop
      vertex 115 42.5 1
      vertex 115 53.5 4
      vertex 115 42.5 4
    endloop
  endfacet
  facet normal 0 1 0
    outer loop
      vertex 126 42.5 1
      vertex 115 42.5 4
      vertex 126 42.5 4
    endloop
  endfacet
  facet normal 0 -1 0
    outer loop
      vertex 115 53.5 1
      vertex 126 53.5 4
      vertex 115 53.5 4
    endloop
  endfacet
  facet normal -1 0 0
    outer loop
      vertex 126 53.5 1
      vertex 126 42.5 4
      vertex 126 53.5 4
    endloop
  endfacet
  facet normal 0 0 1
    outer loop
      vertex 115 59 1
      vertex 126 59 1
      vertex 126 70 1
    endloop
  endfacet
  facet normal 0 1 0
    outer loop
      vertex 115 59 1
      vertex 115 59 4
      vertex 126 59 1
    endloop
  endfacet
  facet normal -1 0 0
    outer loop
      vertex 126 59 1
      vertex 126 59 4
      vertex 126 70 1
    endloop
  endfacet
  facet normal 1 0 0
    outer loop
      vertex 115 59 1
      vertex 115 70 4
      vertex 115 59 4
    endloop
  endfacet
  facet normal 0 1 0
    outer loop
      vertex 126 59 1
      vertex 115 59 4
      vertex 126 59 4
    endloop
  endfacet
  facet normal 0 0 1
    outer loop
      vertex 115 59 1
      vertex 126 70 1
      vertex 115 70 1
    endloop
  endfacet
  facet normal 1 0 0
    outer loop
      vertex 115 59 1
      vertex 115 70 1
      vertex 115 70 4
    endloop
  endfacet
  facet normal 0 -1 0
    outer loop
      vertex 115 70 1
      vertex 126 70 1
      vertex 126 70 4
    endloop
  endfacet
  facet normal 0 -1 0
    outer loop
      vertex 115 70 1
      vertex 126 70 4
      vertex 115 70 4
    endloop
  endfacet
  facet normal -1 0 0
    outer loop
      vertex 126 70 1
      vertex 126 59 4
      vertex 126 70 4
    endloop
  endfacet
  facet normal 0 0 1
    outer loop
      vertex 115 75.5 1
      vertex 126 75.5 1
      vertex 126 86.5 1
    endloop
  endfacet
  facet normal 0 0 1
    outer loop
      vertex 115 75.5 1
      vertex 126 86.5 1
      vertex 115 86.5 1
    endloop
  endfacet
  facet normal 0 1 0
    outer loop
      vertex 115 75.5 1
      vertex 115 75.5 4
      vertex 126 75.5 1
    endloop
  endfacet
  facet normal -1 0 0
    outer loop
      vertex 126 75.5 1
      vertex 126 75.5 4
      vertex 126 86.5 1
    endloop
  endfacet
  facet normal 1 0 0
    outer loop
      vertex 115 75.5 1
      vertex 115 86.5 1
      vertex 115 86.5 4
    endloop
  endfacet
  facet normal 0 -1 0
    outer loop
      vertex 115 86.5 1
      vertex 126 86.5 1
      vertex 126 86.5 4
    endloop
  endfacet
  facet normal 1 0 0
    outer loop
      vertex 115 75.5 1
      vertex 115 86.5 4
      vertex 115 75.5 4
    endloop
  endfacet
  facet normal 0 1 0
    outer loop
      vertex 126 75.5 1
      vertex 115 75.5 4
      vertex 126 75.5 4
    endloop
  endfacet
  facet normal 0 -1 0
    outer loop
      vertex 115 86.5 1
      vertex 126 86.5 4
      vertex 115 86.5 4
    endloop
  endfacet
  facet normal -1 0 0
    outer loop
      vertex 126 86.5 1
      vertex 126 75.5 4
      vertex 126 86.5 4
    endloop
  endfacet
  facet normal 0 0 1
    outer loop
      vertex 115 92 1
      vertex 126 92 1
      vertex 126 103 1
    endloop
  endfacet
  facet normal 0 0 1
    outer loop
      vertex 115 92 1
      vertex 126 103 1
      vertex 115 103 1
    endloop
  endfacet
  facet normal 0 1 0
    outer loop
      vertex 115 92 1
      vertex 115 92 4
      vertex 126 92 1
    endloop
  endfacet
  facet normal -1 0 0
    outer loop
      vertex 126 92 1
      vertex 126 92 4
      vertex 126 103 1
    endloop
  endfacet
  facet normal 1 0 0
    outer loop
      vertex 115 92 1
      vertex 115 103 4
      vertex 115 92 4
    endloop
  endfacet
  facet normal 0 1 0
    outer loop
      vertex 126 92 1
      vertex 115 92 4
      vertex 126 92 4
    endloop
  endfacet
  facet normal 1 0 0
    outer loop
      vertex 115 92 1
      vertex 115 103 1
      vertex 115 103 4
    endloop
  endfacet
  facet normal 0 -1 0
    outer loop
      vertex 115 103 1
      vertex 126 103 1
      vertex 126 103 4
    endloop
  endfacet
  facet normal 0 -1 0
    outer loop
      vertex 115 103 1
      vertex 126 103 4
      vertex 115 103 4
    endloop
  endfacet
  facet normal -1 0 0
    outer loop
      vertex 126 103 1
      vertex 126 92 4
      vertex 126 103 4
    endloop
  endfacet
  facet normal 0 0 1
    outer loop
      vertex 131.5 26 1
      vertex 142.5 26 1
      vertex 142.5 37 1
    endloop
  endfacet
  facet normal 0 0 1
    outer loop
      vertex 131.5 26 1
      vertex 142.5 37 1
      vertex 131.5 37 1
    endloop
  endfacet
  facet normal 1 0 0
    outer loop
      vertex 131.5 26 1
      vertex 131.5 37 4
      vertex 131.5 26 4
    endloop
  endfacet
  facet normal 1 0 0
    outer loop
      vertex 131.5 26 1
      vertex 131.5 37 1
      vertex 131.5 37 4
    endloop
  endfacet
  facet normal 0 1 0
    outer loop
      vertex 131.5 26 1
      vertex 131.5 26 4
      vertex 142.5 26 1
    endloop
  endfacet
  facet normal -1 0 0
    outer loop
      vertex 142.5 26 1
      vertex 142.5 26 4
      vertex 142.5 37 1
    endloop
  endfacet
  facet normal 0 1 0
    outer loop
      vertex 142.5 26 1
      vertex 131.5 26 4
      vertex 142.5 26 4
    endloop
  endfacet
  facet normal 0 -1 0
    outer loop
      vertex 131.5 37 1
      vertex 142.5 37 1
      vertex 142.5 37 4
    endloop
  endfacet
  facet normal 0 -1 0
    outer loop
      vertex 131.5 37 1
      vertex 142.5 37 4
      vertex 131.5 37 4
    endloop
  endfacet
  facet normal -1 0 0
    outer loop
      vertex 142.5 37 1
      vertex 142.5 26 4
      vertex 142.5 37 4
    endloop
  endfacet
  facet normal 0 0 1
    outer loop
      vertex 131.5 42.5 1
      vertex 142.5 42.5 1
      vertex 142.5 53.5 1
    endloop
  endfacet
  facet normal 0 0 1
    outer loop
      vertex 131.5 42.5 1
      vertex 142.5 53.5 1
      vertex 131.5 53.5 1
    endloop
  endfacet
  facet normal 1 0 0
    outer loop
      vertex 131.5 42.5 1
      vertex 131.5 53.5 1
      vertex 131.5 53.5 4
    endloop
  endfacet
  facet normal 1 0 0
    outer loop
      vertex 131.5 42.5 1
      vertex 131.5 53.5 4
      vertex 131.5 42.5 4
    endloop
  endfacet
  facet normal 0 1 0
    outer loop
      vertex 131.5 42.5 1
      vertex 131.5 42.5 4
      vertex 142.5 42.5 1
    endloop
  endfacet
  facet normal -1 0 0
    outer loop
      vertex 142.5 42.5 1
      vertex 142.5 42.5 4
      vertex 142.5 53.5 1
    endloop
  endfacet
  facet normal 0 -1 0
    outer loop
      vertex 131.5 53.5 1
      vertex 142.5 53.5 1
      vertex 142.5 53.5 4
    endloop
  endfacet
  facet normal 0 1 0
    outer loop
      vertex 142.5 42.5 1
      vertex 131.5 42.5 4
      vertex 142.5 42.5 4
    endloop
  endfacet
  facet normal 0 -1 0
    outer loop
      vertex 131.5 53.5 1
      vertex 142.5 53.5 4
      vertex 131.5 53.5 4
    endloop
  endfacet
  facet normal -1 0 0
    outer loop
      vertex 142.5 53.5 1
      vertex 142.5 42.5 4
      vertex 142.5 53.5 4
    endloop
  endfacet
  facet normal 0 0 1
    outer loop
      vertex 131.5 59 1
      vertex 142.5 59 1
      vertex 142.5 70 1
    endloop
  endfacet
  facet normal 1 0 0
    outer loop
      vertex 131.5 59 1
      vertex 131.5 70 4
      vertex 131.5 59 4
    endloop
  endfacet
  facet normal 0 1 0
    outer loop
      vertex 131.5 59 1
      vertex 131.5 59 4
      vertex 142.5 59 1
    endloop
  endfacet
  facet normal -1 0 0
    outer loop
      vertex 142.5 59 1
      vertex 142.5 59 4
      vertex 142.5 70 1
    endloop
  endfacet
  facet normal 0 1 0
    outer loop
      vertex 142.5 59 1
      vertex 131.5 59 4
      vertex 142.5 59 4
    endloop
  endfacet
  facet normal 0 0 1
    outer loop
      vertex 131.5 59 1
      vertex 142.5 70 1
      vertex 131.5 70 1
    endloop
  endfacet
  facet normal 1 0 0
    outer loop
      vertex 131.5 59 1
      vertex 131.5 70 1
      vertex 131.5 70 4
    endloop
  endfacet
  facet normal 0 -1 0
    outer loop
      vertex 131.5 70 1
      vertex 142.5 70 1
      vertex 142.5 70 4
    endloop
  endfacet
  facet normal 0 -1 0
    outer loop
      vertex 131.5 70 1
      vertex 142.5 70 4
      vertex 131.5 70 4
    endloop
  endfacet
  facet normal -1 0 0
    outer loop
      vertex 142.5 70 1
      vertex 142.5 59 4
      vertex 142.5 70 4
    endloop
  endfacet
  facet normal 0 0 1
    outer loop
      vertex 131.5 75.5 1
      vertex 142.5 75.5 1
      vertex 142.5 86.5 1
    endloop
  endfacet
  facet normal 0 0 1
    outer loop
      vertex 131.5 75.5 1
      vertex 142.5 86.5 1
      vertex 131.5 86.5 1
    endloop
  endfacet
  facet normal 1 0 0
    outer loop
      vertex 131.5 75.5 1
      vertex 131.5 86.5 1
      vertex 131.5 86.5 4
    endloop
  endfacet
  facet normal 1 0 0
    outer loop
      vertex 131.5 75.5 1
      vertex 131.5 86.5 4
      vertex 131.5 75.5 4
    endloop
  endfacet
  facet normal 0 1 0
    outer loop
      vertex 131.5 75.5 1
      vertex 131.5 75.5 4
      vertex 142.5 75.5 1
    endloop
  endfacet
  facet normal -1 0 0
    outer loop
      vertex 142.5 75.5 1
      vertex 142.5 75.5 4
      vertex 142.5 86.5 1
    endloop
  endfacet
  facet normal 0 -1 0
    outer loop
      vertex 131.5 86.5 1
      vertex 142.5 86.5 1
      vertex 142.5 86.5 4
    endloop
  endfacet
  facet normal 0 1 0
    outer loop
      vertex 142.5 75.5 1
      vertex 131.5 75.5 4
      vertex 142.5 75.5 4
    endloop
  endfacet
  facet normal 0 -1 0
    outer loop
      vertex 131.5 86.5 1
      vertex 142.5 86.5 4
      vertex 131.5 86.5 4
    endloop
  endfacet
  facet normal -1 0 0
    outer loop
      vertex 142.5 86.5 1
      vertex 142.5 75.5 4
      vertex 142.5 86.5 4
    endloop
  endfacet
  facet normal 0 0 1
    outer loop
      vertex 131.5 92 1
      vertex 142.5 92 1
      vertex 142.5 103 1
    endloop
  endfacet
  facet normal 0 0 1
    outer loop
      vertex 131.5 92 1
      vertex 142.5 103 1
      vertex 131.5 103 1
    endloop
  endfacet
  facet normal 1 0 0
    outer loop
      vertex 131.5 92 1
      vertex 131.5 103 4
      vertex 131.5 92 4
    endloop
  endfacet
  facet normal 1 0 0
    outer loop
      vertex 131.5 92 1
      vertex 131.5 103 1
      vertex 131.5 103 4
    endloop
  endfacet
  facet normal 0 1 0
    outer loop
      vertex 131.5 92 1
      vertex 131.5 92 4
      vertex 142.5 92 1
    endloop
  endfacet
  facet normal -1 0 0
    outer loop
      vertex 142.5 92 1
      vertex 142.5 92 4
      vertex 142.5 103 1
    endloop
  endfacet
  facet normal 0 1 0
    outer loop
      vertex 142.5 92 1
      vertex 131.5 92 4
      vertex 142.5 92 4
    endloop
  endfacet
  facet normal 0 -1 0
    outer loop
      vertex 131.5 103 1
      vertex 142.5 103 1
      vertex 142.5 103 4
    endloop
  endfacet
  facet normal 0 -1 0
    outer loop
      vertex 131.5 103 1
      vertex 142.5 103 4
      vertex 131.5 103 4
    endloop
  endfacet
  facet normal -1 0 0
    outer loop
      vertex 142.5 103 1
      vertex 142.5 92 4
      vertex 142.5 103 4
    endloop
  endfacet
  facet normal 0 0 1
    outer loop
      vertex 148 26 1
      vertex 159 26 1
      vertex 159 37 1
    endloop
  endfacet
  facet normal 0 0 1
    outer loop
      vertex 148 26 1
      vertex 159 37 1
      vertex 148 37 1
    endloop
  endfacet
  facet normal 0 1 0
    outer loop
      vertex 148 26 1
      vertex 148 26 4
      vertex 159 26 1
    endloop
  endfacet
  facet normal -1 0 0
    outer loop
      vertex 159 26 1
      vertex 159 26 4
      vertex 159 37 1
    endloop
  endfacet
  facet normal 1 0 0
    outer loop
      vertex 148 26 1
      vertex 148 37 4
      vertex 148 26 4
    endloop
  endfacet
  facet normal 0 1 0
    outer loop
      vertex 159 26 1
      vertex 148 26 4
      vertex 159 26 4
    endloop
  endfacet
  facet normal 1 0 0
    outer loop
      vertex 148 26 1
      vertex 148 37 1
      vertex 148 37 4
    endloop
  endfacet
  facet normal 0 -1 0
    outer loop
      vertex 148 37 1
      vertex 159 37 1
      vertex 159 37 4
    endloop
  endfacet
  facet normal 0 -1 0
    outer loop
      vertex 148 37 1
      vertex 159 37 4
      vertex 148 37 4
    endloop
  endfacet
  facet normal -1 0 0
    outer loop
      vertex 159 37 1
      vertex 159 26 4
      vertex 159 37 4
    endloop
  endfacet
  facet normal 0 0 1
    outer loop
      vertex 148 42.5 1
      vertex 159 42.5 1
      vertex 159 53.5 1
    endloop
  endfacet
  facet normal 0 0 1
    outer loop
      vertex 148 42.5 1
      vertex 159 53.5 1
      vertex 148 53.5 1
    endloop
  endfacet
  facet normal 0 1 0
    outer loop
      vertex 148 42.5 1
      vertex 148 42.5 4
      vertex 159 42.5 1
    endloop
  endfacet
  facet normal 1 0 0
    outer loop
      vertex 148 42.5 1
      vertex 148 53.5 1
      vertex 148 53.5 4
    endloop
  endfacet
  facet normal 0 -1 0
    outer loop
      vertex 148 53.5 1
      vertex 159 53.5 1
      vertex 159 53.5 4
    endloop
  endfacet
  facet normal -1 0 0
    outer loop
      vertex 159 42.5 1
      vertex 159 42.5 4
      vertex 159 53.5 1
    endloop
  endfacet
  facet normal 1 0 0
    outer loop
      vertex 148 42.5 1
      vertex 148 53.5 4
      vertex 148 42.5 4
    endloop
  endfacet
  facet normal 0 1 0
    outer loop
      vertex 159 42.5 1
      vertex 148 42.5 4
      vertex 159 42.5 4
    endloop
  endfacet
  facet normal 0 -1 0
    outer loop
      vertex 148 53.5 1
      vertex 159 53.5 4
      vertex 148 53.5 4
    endloop
  endfacet
  facet normal -1 0 0
    outer loop
      vertex 159 53.5 1
      vertex 159 42.5 4
      vertex 159 53.5 4
    endloop
  endfacet
  facet normal 0 0 1
    outer loop
      vertex 148 59 1
      vertex 159 59 1
      vertex 159 70 1
    endloop
  endfacet
  facet normal 0 1 0
    outer loop
      vertex 148 59 1
      vertex 148 59 4
      vertex 159 59 1
    endloop
  endfacet
  facet normal -1 0 0
    outer loop
      vertex 159 59 1
      vertex 159 59 4
      vertex 159 70 1
    endloop
  endfacet
  facet normal 1 0 0
    outer loop
      vertex 148 59 1
      vertex 148 70 4
      vertex 148 59 4
    endloop
  endfacet
  facet normal 0 1 0
    outer loop
      vertex 159 59 1
      vertex 148 59 4
      vertex 159 59 4
    endloop
  endfacet
  facet normal 0 0 1
    outer loop
      vertex 148 59 1
      vertex 159 70 1
      vertex 148 70 1
    endloop
  endfacet
  facet normal 1 0 0
    outer loop
      vertex 148 59 1
      vertex 148 70 1
      vertex 148 70 4
    endloop
  endfacet
  facet normal 0 -1 0
    outer loop
      vertex 148 70 1
      vertex 159 70 1
      vertex 159 70 4
    endloop
  endfacet
  facet normal 0 -1 0
    outer loop
      vertex 148 70 1
      vertex 159 70 4
      vertex 148 70 4
    endloop
  endfacet
  facet normal -1 0 0
    outer loop
      vertex 159 70 1
      vertex 159 59 4
      vertex 159 70 4
    endloop
  endfacet
  facet normal 0 0 1
    outer loop
      vertex 148 75.5 1
      vertex 159 75.5 1
      vertex 159 86.5 1
    endloop
  endfacet
  facet normal 0 0 1
    outer loop
      vertex 148 75.5 1
      vertex 159 86.5 1
      vertex 148 86.5 1
    endloop
  endfacet
  facet normal 0 1 0
    outer loop
      vertex 148 75.5 1
      vertex 148 75.5 4
      vertex 159 75.5 1
    endloop
  endfacet
  facet normal 1 0 0
    outer loop
      vertex 148 75.5 1
      vertex 148 86.5 1
      vertex 148 86.5 4
    endloop
  endfacet
  facet normal 0 -1 0
    outer loop
      vertex 148 86.5 1
      vertex 159 86.5 1
      vertex 159 86.5 4
    endloop
  endfacet
  facet normal -1 0 0
    outer loop
      vertex 159 75.5 1
      vertex 159 75.5 4
      vertex 159 86.5 1
    endloop
  endfacet
  facet normal 1 0 0
    outer loop
      vertex 148 75.5 1
      vertex 148 86.5 4
      vertex 148 75.5 4
    endloop
  endfacet
  facet normal 0 1 0
    outer loop
      vertex 159 75.5 1
      vertex 148 75.5 4
      vertex 159 75.5 4
    endloop
  endfacet
  facet normal 0 -1 0
    outer loop
      vertex 148 86.5 1
      vertex 159 86.5 4
      vertex 148 86.5 4
    endloop
  endfacet
  facet normal -1 0 0
    outer loop
      vertex 159 86.5 1
      vertex 159 75.5 4
      vertex 159 86.5 4
    endloop
  endfacet
  facet normal 0 0 1
    outer loop
      vertex 148 92 1
      vertex 159 92 1
      vertex 159 103 1
    endloop
  endfacet
  facet normal 0 0 1
    outer loop
      vertex 148 92 1
      vertex 159 103 1
      vertex 148 103 1
    endloop
  endfacet
  facet normal 0 1 0
    outer loop
      vertex 148 92 1
      vertex 148 92 4
      vertex 159 92 1
    endloop
  endfacet
  facet normal -1 0 0
    outer loop
      vertex 159 92 1
      vertex 159 92 4
      vertex 159 103 1
    endloop
  endfacet
  facet normal 1 0 0
    outer loop
      vertex 148 92 1
      vertex 148 103 4
      vertex 148 92 4
    endloop
  endfacet
  facet normal 0 1 0
    outer loop
      vertex 159 92 1
      vertex 148 92 4
      vertex 159 92 4
    endloop
  endfacet
  facet normal 1 0 0
    outer loop
      vertex 148 92 1
      vertex 148 103 1
      vertex 148 103 4
    endloop
  endfacet
  facet normal 0 -1 0
    outer loop
      vertex 148 103 1
      vertex 159 103 1
      vertex 159 103 4
    endloop
  endfacet
  facet normal 0 -1 0
    outer loop
      vertex 148 103 1
      vertex 159 103 4
      vertex 148 103 4
    endloop
  endfacet
  facet normal -1 0 0
    outer loop
      vertex 159 103 1
      vertex 159 92 4
      vertex 159 103 4
    endloop
  endfacet
endsolid OpenSCAD_Model
